timestamp,endpoint,method,response_time_ms,status_code,server_region
2026-03-03 08:02:55,/profile,POST,1063,500,US-East
2026-01-22 02:35:14,/login,PUT,128,200,Asia
2026-03-02 03:20:58,/register,DELETE,1034,404,Asia
2026-01-14 12:50:52,/register,GET,507,500,US-East
2026-02-27 06:47:33,/login,GET,1046,200,US-East
2026-03-08 15:11:48,/products,PUT,915,200,Europe
2026-01-03 15:00:41,/register,GET,969,200,US-East
2026-02-10 09:09:13,/products,POST,765,200,Europe
2026-03-09 02:31:52,/products,PUT,772,200,Asia
2026-01-06 06:10:11,/orders,POST,370,200,Europe
2026-01-30 04:14:18,/products,DELETE,630,200,Asia
2026-02-03 03:06:35,/payment,POST,834,200,Asia
2026-01-22 11:42:40,/orders,PUT,881,500,Europe
2026-03-12 00:10:20,/payment,PUT,950,404,Europe
2026-01-25 14:57:54,/search,PUT,183,500,Asia
2026-01-03 00:02:13,/payment,PUT,1036,200,US-East
2026-01-07 09:20:44,/orders,DELETE,225,404,Asia
2026-03-16 14:49:58,/register,GET,842,200,Europe
2026-02-09 14:25:44,/profile,GET,86,404,Europe
2026-01-16 17:34:32,/profile,PUT,950,200,Asia
2026-03-01 01:40:29,/search,DELETE,283,200,Asia
2026-02-17 22:39:58,/register,GET,371,500,US-East
2026-03-10 10:29:51,/orders,GET,436,200,Asia
2026-02-06 17:20:23,/products,DELETE,724,200,US-East
2026-03-14 22:45:34,/search,POST,1166,200,Europe
2026-03-12 03:44:51,/products,DELETE,758,200,US-East
2026-01-19 21:44:00,/payment,POST,1123,200,Asia
2026-01-20 11:40:16,/login,POST,74,200,US-East
2026-01-25 11:42:05,/register,DELETE,919,404,Europe
2026-01-03 06:22:45,/login,DELETE,1178,200,Europe
2026-02-19 15:53:56,/search,PUT,387,500,Asia
2026-02-09 22:44:29,/search,GET,404,200,Europe
2026-02-18 14:52:17,/login,PUT,302,200,Asia
2026-03-06 05:12:15,/products,PUT,593,200,Asia
2026-03-09 17:21:29,/payment,GET,926,200,US-East
2026-02-04 19:36:36,/register,PUT,97,200,US-East
2026-02-03 04:54:11,/profile,DELETE,605,200,US-East
2026-02-17 17:33:35,/profile,POST,584,200,Asia
2026-01-31 04:49:56,/register,DELETE,405,200,Europe
2026-03-16 07:25:27,/orders,POST,443,404,Asia
2026-03-10 09:58:33,/search,POST,343,200,Europe
2026-02-12 21:32:18,/search,GET,919,200,Asia
2026-03-12 16:43:34,/products,DELETE,480,404,Asia
2026-02-20 17:27:47,/register,GET,681,200,Asia
2026-02-06 03:59:41,/search,GET,719,200,Asia
2026-02-18 21:04:08,/orders,POST,765,200,Asia
2026-02-18 22:09:38,/orders,GET,357,200,Europe
2026-02-25 15:02:57,/orders,GET,480,500,Europe
2026-03-11 10:34:32,/payment,POST,782,404,Asia
2026-02-05 17:44:26,/login,PUT,1157,200,US-East
2026-03-04 13:49:59,/orders,DELETE,319,200,Europe
2026-02-27 14:27:07,/orders,DELETE,823,200,Asia
2026-03-08 20:27:35,/register,POST,356,404,Asia
2026-03-06 06:35:48,/profile,GET,82,200,US-East
2026-02-02 18:11:35,/orders,PUT,518,404,Europe
2026-01-27 12:09:10,/products,GET,952,500,US-East
2026-02-20 17:54:11,/orders,GET,582,200,US-East
2026-02-14 21:00:25,/profile,DELETE,481,200,Asia
2026-01-23 15:38:39,/products,DELETE,454,404,US-East
2026-01-13 22:11:27,/login,PUT,187,404,Europe
2026-02-22 18:52:11,/login,POST,520,404,Europe
2026-01-25 16:05:29,/login,DELETE,445,404,Europe
2026-01-25 06:01:34,/register,GET,891,200,Europe
2026-01-13 22:44:49,/orders,PUT,1139,500,Asia
2026-01-20 05:34:02,/login,DELETE,946,200,US-East
2026-03-16 20:19:36,/payment,DELETE,882,200,Asia
2026-02-07 04:19:54,/orders,POST,256,200,US-East
2026-03-02 18:12:21,/login,PUT,668,200,US-East
2026-02-03 16:38:03,/login,POST,441,200,US-East
2026-02-17 06:59:13,/register,GET,482,200,Asia
2026-03-16 16:00:11,/payment,PUT,1134,200,US-East
2026-02-03 19:39:04,/profile,GET,345,500,Asia
2026-03-04 02:39:44,/profile,POST,265,200,US-East
2026-01-07 04:49:03,/search,PUT,330,200,Europe
2026-02-14 17:25:04,/register,DELETE,251,404,US-East
2026-02-17 03:36:37,/orders,POST,717,500,Europe
2026-02-03 23:59:07,/profile,DELETE,784,200,Europe
2026-03-15 02:59:30,/search,POST,108,200,Asia
2026-02-13 07:52:16,/search,GET,718,200,Asia
2026-01-07 01:39:23,/payment,PUT,288,200,Asia
2026-01-20 10:53:26,/orders,DELETE,1142,500,Asia
2026-02-18 15:42:44,/orders,PUT,813,200,Asia
2026-02-26 14:09:50,/products,DELETE,119,200,Europe
2026-02-08 23:43:47,/login,PUT,668,200,Asia
2026-03-11 09:28:33,/products,DELETE,508,200,US-East
2026-01-15 10:58:53,/profile,POST,835,200,US-East
2026-01-27 04:18:14,/orders,GET,805,200,US-East
2026-02-12 01:52:38,/login,PUT,156,200,Asia
2026-02-20 03:57:49,/search,GET,969,200,Asia
2026-02-23 04:58:42,/profile,GET,575,200,Europe
2026-02-16 19:28:15,/profile,DELETE,1056,500,Asia
2026-02-12 15:46:31,/search,GET,70,200,Europe
2026-01-01 03:12:29,/profile,PUT,1132,404,Asia
2026-01-31 21:54:13,/profile,GET,259,200,US-East
2026-01-05 14:42:40,/register,GET,566,200,Europe
2026-02-25 01:57:38,/search,POST,249,200,US-East
2026-03-03 03:01:05,/products,DELETE,1132,200,US-East
2026-03-01 17:38:50,/register,PUT,67,500,Europe
2026-02-14 08:13:05,/profile,GET,1106,200,Asia
2026-03-13 16:03:16,/orders,POST,769,404,Europe
2026-02-24 05:04:32,/search,DELETE,593,200,Europe
2026-02-08 08:18:26,/payment,PUT,589,404,Europe
2026-02-08 21:15:16,/search,DELETE,264,200,Europe
2026-03-04 14:57:27,/search,POST,171,200,Asia
2026-01-08 00:32:05,/payment,POST,523,500,Europe
2026-02-05 03:37:12,/login,POST,1186,404,US-East
2026-02-18 18:28:17,/search,GET,276,200,Asia
2026-02-26 20:04:05,/search,PUT,1126,200,US-East
2026-02-20 18:03:49,/search,POST,203,500,US-East
2026-01-26 11:13:47,/search,DELETE,113,404,Europe
2026-03-06 06:12:25,/profile,PUT,980,200,Europe
2026-03-11 16:49:20,/payment,PUT,993,500,Asia
2026-01-09 09:36:58,/products,POST,227,200,Asia
2026-01-26 19:52:57,/orders,POST,125,200,Asia
2026-03-08 18:33:45,/register,PUT,849,200,Europe
2026-01-13 23:36:01,/products,DELETE,280,200,Europe
2026-02-11 21:37:18,/orders,GET,799,200,Europe
2026-02-04 07:24:05,/profile,DELETE,1102,200,Europe
2026-01-12 13:41:32,/search,POST,1006,200,Europe
2026-03-02 09:01:31,/search,DELETE,414,200,US-East
2026-01-30 12:37:09,/payment,DELETE,221,500,Asia
2026-03-01 20:37:06,/orders,POST,286,200,Europe
2026-02-24 05:41:38,/register,GET,133,200,US-East
2026-02-05 12:09:26,/search,DELETE,983,200,US-East
2026-01-09 17:54:27,/search,DELETE,300,200,Europe
2026-02-02 08:43:43,/profile,PUT,432,200,Europe
2026-01-13 03:34:25,/products,DELETE,781,200,US-East
2026-01-24 22:02:05,/search,POST,967,200,Europe
2026-02-11 19:20:56,/payment,GET,1116,200,Asia
2026-01-08 08:57:56,/register,GET,666,500,Europe
2026-01-03 17:23:49,/products,POST,336,200,US-East
2026-02-08 15:03:55,/profile,POST,960,200,US-East
2026-02-26 10:44:40,/login,GET,551,404,US-East
2026-02-03 06:51:30,/register,DELETE,240,200,US-East
2026-01-19 03:56:17,/profile,GET,360,200,Europe
2026-01-16 01:59:18,/products,PUT,521,200,Asia
2026-03-01 19:37:30,/products,GET,780,404,Europe
2026-03-08 13:49:10,/products,PUT,930,200,Europe
2026-01-13 00:07:46,/login,POST,739,500,Europe
2026-02-10 11:57:57,/orders,POST,1198,200,Asia
2026-03-08 00:09:23,/login,PUT,1117,200,US-East
2026-02-22 06:53:40,/payment,DELETE,85,200,Asia
2026-01-20 07:51:34,/register,POST,422,200,Europe
2026-01-29 08:56:11,/profile,GET,775,200,Europe
2026-01-02 09:44:47,/payment,GET,254,500,US-East
2026-02-27 01:49:40,/register,PUT,204,200,Europe
2026-01-25 22:00:28,/search,POST,463,200,Asia
2026-01-10 15:53:10,/profile,GET,585,200,US-East
2026-01-21 04:40:58,/search,POST,1128,200,Asia
2026-03-08 00:56:17,/profile,DELETE,1074,200,Asia
2026-01-20 10:13:55,/profile,POST,740,200,US-East
2026-01-07 23:55:44,/products,GET,614,200,Europe
2026-01-18 15:26:47,/register,DELETE,1177,200,US-East
2026-02-09 03:05:59,/search,DELETE,139,200,US-East
2026-01-27 17:16:09,/orders,DELETE,205,200,US-East
2026-02-21 18:40:15,/search,DELETE,700,200,US-East
2026-02-11 21:33:53,/payment,GET,77,404,Asia
2026-03-01 05:24:03,/orders,PUT,1150,200,Europe
2026-01-17 02:35:42,/orders,GET,767,200,Asia
2026-01-11 11:18:59,/register,GET,1018,500,US-East
2026-01-31 00:19:21,/payment,POST,518,500,Europe
2026-02-17 21:14:37,/profile,POST,404,200,US-East
2026-03-02 11:32:08,/payment,POST,342,200,Asia
2026-02-07 02:16:59,/products,GET,810,200,Asia
2026-02-16 13:26:57,/register,POST,575,500,Asia
2026-02-26 15:14:52,/orders,DELETE,307,500,Asia
2026-01-05 20:49:37,/register,PUT,631,200,US-East
2026-01-09 12:07:15,/register,GET,548,500,Europe
2026-01-08 08:54:36,/register,POST,1181,500,Asia
2026-02-04 12:08:22,/login,DELETE,332,200,Europe
2026-02-16 03:46:52,/profile,DELETE,784,500,Asia
2026-01-15 01:11:26,/payment,POST,924,200,Europe
2026-03-02 02:33:29,/profile,PUT,900,200,Europe
2026-01-22 23:36:12,/profile,PUT,441,200,Asia
2026-01-13 06:04:37,/payment,POST,264,500,Asia
2026-02-18 07:30:27,/register,POST,298,200,Asia
2026-02-16 17:41:45,/profile,GET,354,200,US-East
2026-01-23 12:31:43,/orders,PUT,886,200,Europe
2026-01-16 05:52:05,/orders,DELETE,539,200,US-East
2026-01-06 10:03:13,/login,DELETE,673,200,Asia
2026-01-07 21:39:22,/orders,DELETE,95,200,Europe
2026-03-08 22:22:34,/orders,POST,1038,200,US-East
2026-02-27 08:25:54,/search,PUT,358,404,US-East
2026-01-01 02:41:20,/orders,GET,365,200,Europe
2026-01-28 08:28:10,/products,POST,972,200,Asia
2026-02-07 01:17:00,/profile,DELETE,823,500,US-East
2026-02-13 07:57:24,/products,POST,1110,500,US-East
2026-01-21 06:03:55,/orders,GET,197,200,Europe
2026-02-25 22:31:28,/register,POST,579,200,US-East
2026-01-14 10:27:33,/search,PUT,777,404,Europe
2026-01-11 09:06:50,/login,POST,427,200,US-East
2026-03-13 00:17:45,/products,PUT,257,200,US-East
2026-01-01 05:26:01,/profile,PUT,333,500,Europe
2026-01-27 14:09:18,/payment,POST,1142,200,Europe
2026-01-02 22:06:31,/register,GET,396,500,Asia
2026-02-09 05:25:46,/register,GET,110,200,US-East
2026-01-21 10:03:15,/search,GET,273,200,US-East
2026-02-12 03:33:05,/register,PUT,351,200,US-East
2026-02-01 20:28:56,/profile,DELETE,81,200,US-East
2026-01-07 20:45:46,/orders,POST,619,200,Europe
2026-02-06 23:05:05,/products,GET,406,200,US-East
2026-02-23 14:40:47,/products,PUT,421,404,Europe
2026-02-25 06:17:21,/register,POST,724,200,Asia
2026-02-21 13:22:33,/payment,PUT,596,200,US-East
2026-02-17 10:08:32,/register,PUT,1111,200,Europe
2026-02-19 23:19:29,/orders,POST,926,200,Asia
2026-01-02 17:37:38,/login,PUT,882,200,US-East
2026-01-09 12:31:39,/search,DELETE,707,404,Asia
2026-02-24 03:50:14,/login,GET,1125,200,US-East
2026-02-16 23:20:36,/profile,DELETE,257,404,Europe
2026-02-07 09:20:23,/register,POST,1135,200,Europe
2026-03-11 23:48:23,/products,PUT,183,500,Asia
2026-01-05 01:52:46,/orders,POST,329,500,Asia
2026-01-14 22:26:28,/products,POST,1100,200,US-East
2026-01-26 08:59:02,/orders,GET,92,200,US-East
2026-01-01 05:50:00,/login,GET,1129,500,Asia
2026-02-21 19:39:51,/register,POST,919,500,Europe
2026-01-04 11:41:24,/orders,DELETE,237,500,US-East
2026-02-07 00:31:54,/register,DELETE,389,500,Asia
2026-02-15 15:19:31,/products,PUT,457,200,Europe
2026-02-08 06:37:26,/products,POST,340,200,Europe
2026-01-15 11:46:10,/login,PUT,537,404,US-East
2026-02-17 15:20:40,/login,DELETE,527,200,US-East
2026-02-16 23:34:05,/profile,PUT,1082,200,Asia
2026-03-04 00:26:08,/payment,GET,671,500,Asia
2026-01-14 11:21:23,/orders,DELETE,462,200,Europe
2026-01-17 20:29:07,/orders,PUT,612,500,Asia
2026-01-07 04:06:07,/search,DELETE,1167,200,Asia
2026-01-17 09:43:53,/register,GET,864,200,Europe
2026-01-17 16:41:45,/login,PUT,1182,404,Europe
2026-02-08 09:35:14,/login,PUT,1069,200,US-East
2026-01-08 10:05:28,/products,PUT,757,200,Europe
2026-01-10 17:57:12,/search,DELETE,119,200,Europe
2026-01-19 21:51:19,/profile,DELETE,1087,200,Europe
2026-02-24 03:11:17,/profile,DELETE,1085,404,US-East
2026-02-03 04:24:08,/orders,GET,1136,200,Europe
2026-02-07 00:35:05,/search,GET,172,200,Asia
2026-01-07 19:15:58,/payment,PUT,646,404,Europe
2026-02-12 12:33:32,/orders,PUT,814,200,Asia
2026-01-31 17:35:57,/register,PUT,902,200,US-East
2026-02-05 13:50:47,/products,DELETE,102,200,Europe
2026-01-02 17:42:37,/payment,POST,709,200,Asia
2026-02-24 18:10:57,/login,DELETE,871,404,US-East
2026-02-16 11:05:42,/payment,DELETE,983,500,US-East
2026-01-08 16:36:27,/search,GET,1121,200,Asia
2026-01-23 19:10:46,/register,GET,1102,500,US-East
2026-01-17 00:39:44,/payment,GET,736,200,US-East
2026-01-28 21:15:48,/payment,PUT,1023,404,US-East
2026-03-01 08:41:53,/register,GET,545,200,Asia
2026-03-14 23:10:19,/products,PUT,439,404,Asia
2026-02-23 03:49:57,/products,GET,1168,200,Europe
2026-02-27 16:37:17,/profile,PUT,367,200,Europe
2026-01-17 23:45:30,/products,PUT,1117,200,US-East
2026-03-08 15:27:40,/profile,GET,1095,200,Asia
2026-01-06 13:37:01,/payment,PUT,335,404,Europe
2026-03-10 07:08:34,/search,PUT,638,200,Europe
2026-01-07 04:54:40,/orders,PUT,225,404,US-East
2026-02-18 03:31:47,/register,DELETE,162,200,US-East
2026-01-05 14:33:31,/login,GET,829,200,US-East
2026-02-24 05:21:39,/profile,DELETE,1195,500,US-East
2026-02-20 01:56:06,/products,POST,1008,200,Europe
2026-02-23 19:27:14,/products,POST,1109,404,US-East
2026-01-30 03:12:35,/payment,PUT,807,404,Asia
2026-03-13 15:04:27,/orders,PUT,1053,200,Europe
2026-02-10 09:36:05,/orders,POST,878,404,US-East
2026-01-26 19:04:31,/login,DELETE,551,404,US-East
2026-02-02 11:02:58,/login,GET,1146,200,Asia
2026-01-14 09:18:28,/orders,DELETE,912,200,US-East
2026-01-27 11:24:44,/orders,GET,948,200,Asia
2026-02-13 11:43:48,/payment,POST,779,404,Asia
2026-02-27 23:02:33,/search,POST,141,200,US-East
2026-02-12 15:24:57,/payment,PUT,151,200,Europe
2026-02-08 22:17:35,/register,POST,1033,200,Europe
2026-03-02 08:38:37,/login,GET,369,200,US-East
2026-02-12 08:48:19,/register,GET,735,500,Asia
2026-03-04 12:29:01,/search,PUT,716,404,US-East
2026-01-02 09:08:50,/login,DELETE,929,200,US-East
2026-02-28 12:45:54,/profile,DELETE,150,200,Europe
2026-01-18 08:08:58,/login,DELETE,1042,200,Asia
2026-02-07 16:21:28,/profile,DELETE,586,200,Asia
2026-03-16 10:02:39,/orders,GET,204,200,Europe
2026-01-16 18:58:42,/login,DELETE,276,404,Asia
2026-02-13 07:23:30,/payment,PUT,999,200,Asia
2026-02-23 08:19:32,/orders,DELETE,577,500,US-East
2026-02-22 22:29:46,/search,GET,1181,200,US-East
2026-01-19 19:22:19,/orders,PUT,1072,200,Asia
2026-03-02 05:52:06,/products,GET,627,404,Asia
2026-02-18 03:24:08,/orders,PUT,374,200,US-East
2026-03-08 08:55:06,/login,PUT,805,200,Asia
2026-02-19 04:53:58,/search,GET,748,200,US-East
2026-01-31 11:27:32,/search,POST,664,200,Europe
2026-02-11 02:14:53,/payment,PUT,961,404,Europe
2026-01-10 15:42:01,/payment,PUT,179,200,Asia
2026-02-13 12:38:02,/payment,DELETE,215,200,Europe
2026-01-11 19:35:11,/orders,DELETE,799,500,Europe
2026-01-24 09:11:37,/products,PUT,560,500,Asia
2026-01-09 14:06:51,/payment,GET,1164,200,Asia
2026-01-24 01:18:51,/orders,POST,685,404,Asia
2026-01-27 03:24:01,/orders,DELETE,632,200,Asia
2026-03-02 15:55:15,/orders,POST,999,200,Europe
2026-01-07 22:53:47,/login,GET,423,200,Europe
2026-02-12 17:05:09,/payment,DELETE,501,200,Europe
2026-01-09 08:20:25,/products,DELETE,574,200,US-East
2026-01-21 08:57:32,/register,GET,351,500,US-East
2026-02-15 09:12:35,/payment,DELETE,767,200,US-East
2026-02-05 13:28:20,/products,PUT,570,200,Europe
2026-02-22 08:20:00,/orders,POST,522,200,US-East
2026-01-21 01:55:21,/profile,DELETE,1084,200,US-East
2026-01-14 13:39:32,/payment,PUT,116,200,Europe
2026-02-01 20:38:24,/products,GET,75,500,US-East
2026-03-14 02:29:06,/orders,PUT,625,500,Asia
2026-01-16 08:40:22,/search,POST,894,404,Europe
2026-02-12 12:24:57,/orders,PUT,130,200,Asia
2026-01-05 06:24:39,/orders,DELETE,907,200,Europe
2026-01-06 20:36:19,/register,POST,1053,404,Asia
2026-03-07 17:13:38,/orders,DELETE,524,200,Europe
2026-02-07 10:32:20,/payment,DELETE,97,200,US-East
2026-02-19 11:39:30,/register,PUT,1054,200,Asia
2026-01-20 00:05:47,/payment,GET,101,500,Asia
2026-02-17 16:47:56,/register,GET,576,200,US-East
2026-03-07 00:06:22,/login,GET,106,200,Asia
2026-01-06 20:07:18,/products,POST,1175,200,Europe
2026-01-07 23:49:14,/payment,POST,811,200,Asia
2026-02-22 01:31:06,/products,PUT,335,200,Europe
2026-02-07 05:42:07,/products,GET,1130,200,Asia
2026-01-28 23:13:25,/products,GET,479,404,Asia
2026-02-22 04:01:23,/search,PUT,170,404,Asia
2026-03-12 14:25:09,/orders,GET,581,404,Europe
2026-01-30 14:29:19,/products,DELETE,297,200,Europe
2026-01-15 07:44:39,/products,GET,217,200,Asia
2026-01-16 14:11:14,/orders,PUT,982,200,Asia
2026-02-21 10:56:35,/payment,POST,123,200,Asia
2026-02-15 18:46:37,/profile,POST,1089,200,US-East
2026-01-22 13:16:20,/products,POST,443,500,Europe
2026-01-21 05:32:37,/register,GET,273,200,Asia
2026-03-08 06:56:21,/orders,PUT,919,200,US-East
2026-02-14 05:51:28,/payment,POST,527,200,US-East
2026-01-15 00:17:19,/login,POST,1046,200,US-East
2026-01-18 07:55:27,/register,POST,890,200,Asia
2026-02-09 05:49:30,/orders,DELETE,581,200,US-East
2026-02-24 04:12:21,/products,DELETE,905,200,Asia
2026-03-06 02:03:00,/profile,GET,850,200,US-East
2026-03-15 16:34:08,/payment,DELETE,766,200,Asia
2026-01-28 21:48:18,/login,POST,769,200,Europe
2026-03-04 13:49:09,/register,POST,791,200,US-East
2026-01-10 14:00:24,/products,GET,848,500,Europe
2026-03-16 06:44:48,/login,GET,245,500,Europe
2026-02-14 18:11:30,/orders,POST,854,200,Europe
2026-01-11 02:11:50,/profile,GET,559,404,US-East
2026-02-23 22:13:07,/register,DELETE,816,200,US-East
2026-02-03 22:54:38,/products,POST,920,404,Asia
2026-02-06 10:15:30,/search,GET,930,200,Europe
2026-02-23 11:19:23,/products,GET,106,200,US-East
2026-01-15 14:49:51,/products,DELETE,692,200,Asia
2026-03-16 01:21:12,/payment,GET,63,200,Asia
2026-02-05 04:45:13,/register,POST,1022,500,Asia
2026-01-15 07:10:45,/orders,DELETE,270,200,US-East
2026-01-04 17:47:16,/register,POST,511,404,US-East
2026-02-26 14:44:53,/payment,POST,599,200,Europe
2026-01-05 17:51:11,/products,GET,773,200,Europe
2026-03-04 17:30:15,/payment,DELETE,1029,200,Asia
2026-02-09 10:00:41,/orders,POST,234,200,Europe
2026-01-03 06:40:07,/orders,POST,197,200,Europe
2026-03-14 08:53:47,/payment,DELETE,980,200,Asia
2026-01-22 17:50:39,/payment,GET,750,404,Asia
2026-01-27 20:04:35,/products,DELETE,454,200,Europe
2026-03-07 07:41:38,/profile,PUT,490,200,US-East
2026-02-07 06:24:33,/search,DELETE,967,200,US-East
2026-02-24 03:19:56,/register,GET,805,200,Asia
2026-03-01 23:52:46,/search,PUT,469,500,Europe
2026-02-14 20:45:34,/profile,DELETE,1186,200,Asia
2026-03-11 11:07:57,/register,GET,876,200,Asia
2026-02-21 17:44:24,/orders,PUT,810,404,Asia
2026-03-15 12:14:18,/search,PUT,805,200,US-East
2026-03-14 07:22:21,/products,GET,780,200,Europe
2026-01-29 23:40:06,/profile,PUT,56,500,US-East
2026-03-03 10:28:47,/payment,GET,681,200,Europe
2026-01-18 03:55:36,/products,DELETE,596,200,Asia
2026-03-07 05:49:03,/login,GET,990,200,Asia
2026-02-21 03:01:30,/login,DELETE,1031,404,Europe
2026-01-25 11:55:50,/register,GET,905,500,US-East
2026-02-11 09:28:44,/products,DELETE,908,200,Asia
2026-02-21 09:45:56,/payment,POST,1115,404,US-East
2026-03-01 03:28:28,/login,DELETE,858,200,US-East
2026-01-30 16:58:49,/orders,GET,1182,200,Europe
2026-01-04 12:14:10,/orders,GET,243,404,Europe
2026-02-09 18:44:17,/orders,PUT,1055,404,Asia
2026-02-20 14:13:47,/orders,DELETE,962,200,Asia
2026-01-30 03:13:10,/login,POST,620,200,Asia
2026-02-12 05:23:52,/register,POST,1011,500,Asia
2026-01-12 16:36:22,/products,PUT,161,200,Europe
2026-02-04 09:30:00,/orders,POST,219,404,Europe
2026-01-23 07:30:34,/payment,GET,524,500,Asia
2026-01-15 14:39:36,/register,PUT,793,200,US-East
2026-02-13 12:38:37,/products,POST,368,200,Europe
2026-01-09 14:15:00,/profile,GET,877,500,Europe
2026-01-31 18:52:37,/register,DELETE,178,500,Asia
2026-03-01 02:24:17,/search,POST,1135,404,Asia
2026-01-07 14:22:19,/profile,POST,1029,404,Europe
2026-02-17 08:08:06,/products,PUT,853,200,Asia
2026-01-19 05:35:10,/login,POST,640,200,Europe
2026-01-10 04:59:21,/profile,PUT,431,200,Asia
2026-02-16 13:44:19,/products,DELETE,339,404,US-East
2026-02-23 04:59:42,/payment,GET,651,200,US-East
2026-02-28 02:52:19,/orders,GET,1155,500,US-East
2026-02-04 14:08:15,/search,DELETE,690,200,US-East
2026-01-23 00:16:19,/search,POST,789,200,US-East
2026-01-28 07:28:29,/orders,POST,992,200,Asia
2026-01-18 11:07:43,/payment,PUT,942,404,US-East
2026-02-01 15:02:36,/search,POST,428,500,Asia
2026-01-02 00:20:32,/register,PUT,195,404,Europe
2026-02-26 06:33:06,/profile,PUT,623,404,Europe
2026-03-15 09:44:08,/orders,POST,432,200,Europe
2026-02-01 21:24:57,/login,PUT,942,404,Europe
2026-03-16 20:19:32,/profile,GET,415,200,Asia
2026-02-17 03:55:27,/orders,POST,114,200,Europe
2026-02-03 16:56:13,/orders,POST,653,200,Asia
2026-01-03 13:03:06,/login,PUT,797,404,US-East
2026-01-11 14:49:58,/payment,PUT,139,500,Asia
2026-01-19 21:37:18,/login,GET,1163,200,Asia
2026-01-15 08:13:14,/login,DELETE,958,200,US-East
2026-02-09 23:57:32,/login,PUT,454,200,Asia
2026-02-08 05:26:45,/profile,GET,852,200,Asia
2026-01-30 10:03:42,/payment,POST,1062,200,Asia
2026-01-24 20:08:38,/profile,DELETE,1102,404,Asia
2026-03-05 23:16:23,/orders,DELETE,879,200,Asia
2026-03-08 21:12:23,/orders,PUT,1064,404,US-East
2026-03-07 17:37:01,/register,POST,1109,200,US-East
2026-01-02 03:42:04,/register,GET,1060,404,Asia
2026-01-13 12:09:30,/search,DELETE,700,404,Europe
2026-02-07 21:15:58,/products,GET,465,404,Europe
2026-01-31 20:55:45,/search,PUT,475,200,Asia
2026-02-05 19:03:38,/login,GET,217,200,US-East
2026-01-31 12:57:23,/search,PUT,314,200,Europe
2026-01-15 06:53:41,/login,GET,1124,500,US-East
2026-03-15 14:47:28,/search,PUT,247,404,US-East
2026-01-21 17:02:35,/payment,POST,985,200,Europe
2026-02-14 09:47:03,/orders,GET,708,200,US-East
2026-03-04 04:22:55,/payment,DELETE,762,200,Asia
2026-01-19 20:39:18,/login,POST,576,200,Asia
2026-03-03 14:42:12,/profile,POST,113,200,Europe
2026-01-30 14:53:28,/orders,POST,329,500,Asia
2026-02-02 17:13:34,/products,DELETE,707,404,Europe
2026-02-24 00:31:48,/orders,POST,106,200,Europe
2026-01-28 14:26:03,/login,POST,445,200,Europe
2026-02-07 06:07:04,/profile,DELETE,276,500,US-East
2026-01-09 22:50:15,/products,PUT,167,404,Europe
2026-02-19 20:37:22,/products,DELETE,177,200,US-East
2026-02-04 23:08:21,/profile,DELETE,698,500,Asia
2026-01-25 08:29:57,/register,GET,1090,200,Asia
2026-03-02 13:55:10,/payment,POST,977,200,US-East
2026-01-25 18:29:21,/orders,PUT,598,200,Europe
2026-01-16 21:12:01,/register,DELETE,836,200,Asia
2026-02-12 12:47:53,/register,DELETE,1082,200,Europe
2026-02-19 12:26:05,/profile,GET,179,500,US-East
2026-01-31 11:59:52,/products,PUT,712,500,US-East
2026-02-05 06:59:33,/payment,GET,731,500,Asia
2026-02-09 20:05:31,/payment,GET,153,200,US-East
2026-02-16 05:59:38,/products,DELETE,1038,200,Europe
2026-03-15 16:15:27,/payment,PUT,974,200,Asia
2026-03-14 02:28:17,/profile,GET,715,200,Europe
2026-01-29 22:44:57,/search,GET,321,200,US-East
2026-02-27 03:35:34,/payment,PUT,1107,200,Europe
2026-01-05 22:31:43,/orders,GET,558,200,Europe
2026-01-27 06:31:40,/login,POST,695,200,Europe
2026-03-13 19:24:29,/orders,DELETE,1006,200,Asia
2026-03-10 07:36:14,/products,GET,1107,200,US-East
2026-01-18 02:53:59,/search,GET,261,200,US-East
2026-02-15 12:38:28,/login,GET,933,200,Europe
2026-02-26 07:28:10,/orders,DELETE,942,200,Europe
2026-02-03 06:00:20,/login,PUT,520,200,Asia
2026-02-26 01:45:48,/search,PUT,190,200,Asia
2026-02-28 09:46:53,/payment,GET,69,404,Asia
2026-01-17 13:16:49,/orders,DELETE,172,404,Asia
2026-02-24 00:24:27,/payment,GET,570,200,US-East
2026-01-21 08:16:57,/products,DELETE,577,200,Asia
2026-01-21 08:16:05,/login,GET,1114,500,US-East
2026-01-14 12:44:26,/orders,GET,625,200,Europe
2026-01-28 00:53:11,/login,DELETE,1067,200,US-East
2026-01-27 19:35:30,/profile,GET,962,500,US-East
2026-03-06 21:35:07,/products,GET,425,404,Asia
2026-02-04 10:29:51,/login,PUT,588,404,Europe
2026-01-24 15:46:50,/payment,POST,141,200,US-East
2026-02-24 04:11:27,/profile,PUT,1045,200,Europe
2026-02-17 13:52:37,/profile,PUT,79,200,US-East
2026-01-13 06:39:26,/register,PUT,439,200,US-East
2026-03-02 15:49:06,/search,GET,556,200,Asia
2026-03-01 03:13:27,/login,GET,221,200,Europe
2026-01-16 12:06:51,/profile,DELETE,1073,404,Asia
2026-01-13 00:17:03,/profile,PUT,801,200,Europe
2026-01-02 20:55:55,/login,PUT,1194,200,Asia
2026-01-06 19:44:43,/orders,DELETE,1045,200,Asia
2026-01-29 22:15:00,/products,GET,489,200,US-East
2026-02-05 15:48:32,/login,PUT,52,500,Europe
2026-01-20 02:58:37,/payment,GET,192,200,Asia
2026-01-25 09:53:29,/register,DELETE,727,404,US-East
2026-03-13 15:01:16,/search,GET,289,200,US-East
2026-03-02 16:05:16,/profile,PUT,305,404,US-East
2026-01-29 20:21:26,/profile,DELETE,868,200,US-East
2026-02-26 19:55:28,/profile,POST,50,500,Asia
2026-01-06 15:06:10,/search,DELETE,677,200,Europe
2026-03-10 23:48:15,/search,GET,493,200,Europe
2026-03-12 05:11:23,/products,DELETE,1175,404,Europe
2026-02-06 00:03:12,/orders,DELETE,1000,200,Asia
2026-03-01 16:15:27,/search,POST,1062,404,US-East
2026-02-21 00:22:03,/register,GET,1068,500,US-East
2026-02-07 20:44:40,/products,GET,527,200,US-East
2026-02-03 10:48:43,/products,PUT,572,200,Asia
2026-01-19 07:35:27,/register,GET,720,200,US-East
2026-02-21 17:49:23,/search,DELETE,66,200,Europe
2026-02-05 14:03:33,/login,DELETE,480,200,Asia
2026-02-20 09:17:40,/register,PUT,968,200,Europe
2026-02-21 17:30:16,/register,PUT,583,404,Asia
2026-03-15 10:04:19,/login,PUT,418,500,Europe
2026-03-02 00:36:51,/search,POST,379,200,Asia
2026-01-21 09:23:16,/products,DELETE,594,200,US-East
2026-01-14 08:15:08,/search,DELETE,531,200,Asia
2026-02-27 07:52:11,/profile,POST,643,200,US-East
2026-03-16 02:20:10,/products,GET,889,200,Asia
2026-01-19 07:33:39,/register,GET,604,200,Asia
2026-01-20 21:06:35,/payment,PUT,876,404,Europe
2026-01-10 17:55:31,/search,GET,466,200,Asia
2026-02-15 10:10:10,/search,GET,974,200,Asia
2026-02-24 01:56:47,/register,POST,190,500,Europe
2026-01-29 06:19:51,/products,PUT,224,500,Europe
2026-01-25 16:44:00,/orders,DELETE,1022,200,Asia
2026-01-06 09:05:57,/profile,PUT,939,404,US-East
2026-01-15 22:44:42,/products,DELETE,959,500,Europe
2026-01-21 00:37:47,/products,PUT,962,200,Europe
2026-01-15 23:52:11,/register,DELETE,908,200,Europe
2026-01-31 21:25:40,/orders,DELETE,682,200,Asia
2026-01-07 00:31:42,/register,POST,341,404,Europe
2026-01-17 12:18:50,/register,POST,163,500,Europe
2026-02-14 00:39:33,/products,POST,1122,200,Asia
2026-01-02 02:16:19,/register,DELETE,1052,404,Asia
2026-02-04 19:01:40,/orders,DELETE,788,200,US-East
2026-01-26 22:51:36,/orders,PUT,739,404,US-East
2026-01-23 23:26:43,/profile,DELETE,1172,200,Asia
2026-02-20 13:57:48,/login,POST,744,200,Asia
2026-01-10 00:11:44,/search,DELETE,161,200,US-East
2026-02-09 12:10:21,/profile,POST,965,404,Europe
2026-01-07 17:59:16,/profile,POST,303,200,US-East
2026-02-24 19:33:25,/search,DELETE,334,404,Europe
2026-01-19 00:09:32,/login,POST,962,200,Europe
2026-03-09 23:26:43,/payment,PUT,817,404,Europe
2026-03-02 21:25:44,/search,POST,717,200,Europe
2026-02-26 08:29:22,/products,GET,368,404,Asia
2026-02-08 17:46:17,/register,PUT,231,500,Europe
2026-03-05 08:02:49,/search,PUT,303,404,Europe
2026-01-24 12:57:41,/orders,PUT,231,500,Asia
2026-03-09 20:06:41,/orders,GET,610,200,Europe
2026-03-05 05:24:38,/profile,PUT,744,200,Asia
2026-01-13 08:10:38,/orders,DELETE,550,200,Asia
2026-01-16 01:17:37,/products,GET,277,200,Europe
2026-01-02 22:22:30,/payment,POST,333,200,Europe
2026-02-10 22:22:50,/products,DELETE,1181,200,US-East
2026-01-01 12:31:22,/login,DELETE,169,404,Asia
2026-01-04 17:40:17,/payment,GET,584,200,Europe
2026-01-22 02:47:28,/payment,PUT,359,500,Europe
2026-01-04 01:54:36,/register,DELETE,934,200,US-East
2026-01-04 09:14:44,/orders,POST,739,404,Asia
2026-01-16 00:19:42,/login,DELETE,531,200,Europe
2026-01-21 09:01:25,/search,PUT,661,200,Europe
2026-03-11 01:33:26,/register,POST,728,200,US-East
2026-01-13 09:28:50,/search,POST,1120,500,US-East
2026-02-08 22:10:12,/products,DELETE,551,200,US-East
2026-02-10 11:17:06,/payment,POST,918,200,US-East
2026-02-08 19:07:39,/profile,POST,924,500,US-East
2026-01-11 05:18:48,/search,PUT,1004,200,Europe
2026-02-07 15:29:17,/orders,POST,558,200,Asia
2026-03-03 21:58:27,/search,PUT,70,200,US-East
2026-02-06 06:59:15,/products,DELETE,571,200,Europe
2026-01-11 12:40:30,/profile,GET,1043,200,Europe
2026-01-17 04:19:49,/search,DELETE,615,404,Europe
2026-02-17 07:15:57,/register,PUT,1104,404,Asia
2026-01-09 23:41:02,/profile,DELETE,159,200,Asia
2026-02-08 20:28:44,/products,GET,375,200,US-East
2026-02-23 00:03:03,/products,DELETE,855,200,Asia
2026-01-14 11:05:54,/orders,DELETE,900,200,Asia
2026-02-25 09:14:19,/products,GET,96,200,Asia
2026-02-20 02:43:52,/products,PUT,541,200,Europe
2026-01-21 15:39:26,/login,POST,744,200,Europe
2026-01-02 21:52:25,/login,POST,747,404,Asia
2026-02-11 11:20:49,/products,PUT,502,200,Asia
2026-01-26 02:12:03,/orders,GET,700,200,US-East
2026-02-15 06:35:42,/search,GET,1137,200,US-East
2026-03-02 05:55:29,/profile,DELETE,302,404,Europe
2026-02-16 17:44:19,/orders,PUT,138,200,Europe
2026-01-21 13:38:30,/payment,DELETE,395,200,Europe
2026-03-12 01:40:51,/register,POST,406,200,Europe
2026-01-27 12:56:55,/profile,GET,142,200,Asia
2026-01-06 07:10:05,/orders,PUT,1173,200,US-East
2026-02-07 14:53:53,/search,DELETE,570,404,Europe
2026-03-10 06:09:14,/search,DELETE,93,404,Europe
2026-02-21 10:39:12,/orders,POST,1197,200,Europe
2026-02-06 04:12:21,/search,PUT,248,200,Asia
2026-01-21 20:59:29,/login,PUT,265,200,US-East
2026-02-25 08:38:47,/payment,POST,89,200,Europe
2026-01-28 16:38:25,/search,PUT,779,200,Europe
2026-03-13 10:54:49,/orders,DELETE,373,200,Asia
2026-01-07 21:57:15,/orders,DELETE,589,200,US-East
2026-01-15 03:38:20,/search,DELETE,448,200,Europe
2026-01-18 14:50:40,/orders,POST,1133,200,US-East
2026-01-13 06:43:06,/login,DELETE,902,200,Europe
2026-01-05 00:33:40,/search,GET,315,404,Asia
2026-01-16 23:07:12,/register,POST,737,404,Europe
2026-02-04 05:55:18,/register,GET,644,500,US-East
2026-03-05 05:09:47,/login,DELETE,1047,200,US-East
2026-02-16 00:01:26,/payment,GET,453,200,Asia
2026-02-23 12:09:43,/search,PUT,851,500,Asia
2026-01-04 11:29:58,/login,POST,683,404,Asia
2026-01-13 15:03:01,/register,POST,757,404,Asia
2026-02-27 12:29:02,/products,DELETE,679,200,Asia
2026-03-17 00:16:37,/orders,POST,725,200,US-East
2026-03-08 20:37:37,/orders,POST,250,200,Asia
2026-01-09 06:23:04,/products,POST,717,200,Europe
2026-02-15 23:28:02,/register,GET,1151,200,Asia
2026-02-25 04:30:24,/orders,GET,1027,200,Asia
2026-01-17 17:11:52,/products,DELETE,413,200,US-East
2026-02-19 13:52:10,/orders,POST,124,500,Europe
2026-01-17 21:15:26,/payment,DELETE,181,500,Europe
2026-02-11 10:40:32,/products,DELETE,854,200,US-East
2026-01-27 06:55:38,/products,GET,999,200,US-East
2026-02-21 21:46:48,/payment,POST,946,200,US-East
2026-02-03 06:18:10,/products,PUT,864,200,Asia
2026-03-05 01:56:12,/payment,PUT,1191,200,Asia
2026-03-13 10:46:01,/payment,DELETE,322,200,Europe
2026-02-11 02:48:56,/profile,GET,410,404,Asia
2026-03-16 21:22:40,/login,POST,408,200,US-East
2026-03-14 12:31:53,/products,DELETE,173,200,Asia
2026-03-04 15:36:08,/profile,GET,973,200,Europe
2026-03-06 20:59:51,/login,PUT,882,404,Asia
2026-01-03 01:54:35,/search,DELETE,1059,200,Asia
2026-02-03 20:50:05,/payment,GET,1035,200,Asia
2026-02-07 01:15:33,/register,POST,59,404,US-East
2026-01-08 19:31:12,/products,GET,963,500,US-East
2026-02-20 12:43:53,/orders,PUT,711,200,US-East
2026-01-16 20:25:14,/payment,PUT,955,500,Europe
2026-02-15 19:01:17,/register,POST,825,404,US-East
2026-02-17 19:31:25,/register,GET,681,200,US-East
2026-03-13 12:05:08,/profile,DELETE,1050,200,Asia
2026-02-14 23:54:08,/search,PUT,894,200,Europe
2026-01-07 16:01:32,/login,GET,1005,200,US-East
2026-01-06 07:57:36,/login,GET,745,200,US-East
2026-02-11 20:54:58,/register,PUT,201,404,US-East
2026-03-07 01:45:26,/register,DELETE,944,200,Europe
2026-01-13 01:32:22,/products,GET,288,200,US-East
2026-02-19 10:01:44,/search,DELETE,978,200,US-East
2026-02-12 21:34:00,/profile,DELETE,79,404,Asia
2026-01-27 08:15:08,/search,DELETE,123,500,Asia
2026-01-14 06:39:13,/payment,PUT,1131,500,Europe
2026-01-11 00:08:34,/search,POST,874,200,US-East
2026-02-04 23:21:01,/orders,GET,62,200,Europe
2026-01-21 17:19:24,/products,DELETE,588,404,US-East
2026-02-27 02:57:25,/products,DELETE,376,500,Europe
2026-03-11 21:46:08,/payment,PUT,228,200,US-East
2026-02-23 09:22:35,/register,DELETE,295,500,US-East
2026-03-05 22:25:03,/orders,POST,1079,200,US-East
2026-02-15 17:58:52,/search,POST,506,500,Europe
2026-01-27 17:07:04,/orders,PUT,279,200,US-East
2026-01-26 21:39:03,/login,GET,824,404,Europe
2026-02-12 17:24:11,/login,GET,266,500,Asia
2026-02-04 20:21:21,/orders,POST,66,404,US-East
2026-02-26 05:41:07,/products,POST,1076,200,Europe
2026-02-04 22:56:10,/payment,POST,831,200,US-East
2026-03-03 22:47:24,/orders,PUT,468,200,Europe
2026-01-11 19:04:04,/search,GET,443,500,Asia
2026-01-10 05:05:08,/payment,DELETE,826,500,Europe
2026-02-27 23:04:13,/register,DELETE,562,500,US-East
2026-01-12 10:19:46,/search,PUT,436,500,Asia
2026-01-07 17:26:49,/orders,GET,425,404,US-East
2026-03-16 23:40:07,/products,GET,1192,200,US-East
2026-02-22 21:26:02,/search,POST,79,404,Europe
2026-03-02 07:30:52,/register,GET,303,404,Europe
2026-01-20 08:59:44,/register,DELETE,618,200,Europe
2026-01-05 20:28:24,/search,DELETE,1185,200,US-East
2026-02-26 09:25:16,/search,GET,160,200,Europe
2026-03-11 02:21:57,/login,GET,824,200,Asia
2026-02-27 17:46:31,/payment,GET,978,200,Asia
2026-03-12 08:54:21,/products,POST,336,200,Europe
2026-02-15 23:48:24,/profile,GET,171,200,Asia
2026-03-13 09:12:35,/login,GET,619,404,Asia
2026-03-13 03:10:35,/search,GET,247,404,US-East
2026-02-23 07:45:39,/products,POST,397,200,Asia
2026-02-07 05:28:21,/payment,POST,1161,200,Asia
2026-02-17 02:52:24,/orders,PUT,249,200,Asia
2026-02-16 14:39:31,/orders,DELETE,422,404,US-East
2026-01-15 14:59:17,/register,PUT,710,500,US-East
2026-03-08 03:47:02,/products,POST,635,404,Europe
2026-02-20 20:36:28,/profile,DELETE,1103,500,Europe
2026-02-07 17:12:44,/search,POST,497,404,US-East
2026-03-03 20:22:25,/search,DELETE,311,200,Asia
2026-01-29 01:22:28,/search,GET,509,200,Europe
2026-01-21 00:51:27,/login,GET,974,200,Asia
2026-03-10 13:38:17,/profile,GET,1153,404,US-East
2026-03-02 11:19:52,/register,GET,656,200,US-East
2026-01-28 03:23:02,/products,GET,487,200,US-East
2026-01-06 03:43:34,/products,PUT,87,500,US-East
2026-01-19 15:16:36,/products,GET,806,404,Europe
2026-01-11 21:47:16,/orders,DELETE,992,200,Europe
2026-02-01 08:28:09,/register,DELETE,999,200,US-East
2026-01-28 01:26:54,/products,POST,1182,200,Europe
2026-01-11 08:41:12,/login,PUT,272,200,Europe
2026-01-27 02:40:04,/register,PUT,522,200,Europe
2026-03-03 19:15:58,/orders,POST,1015,200,US-East
2026-03-01 16:18:36,/login,GET,485,500,US-East
2026-02-07 22:52:40,/register,PUT,360,500,US-East
2026-03-01 10:01:57,/products,DELETE,125,200,Europe
2026-02-02 18:49:14,/search,POST,1092,200,Asia
2026-03-14 14:49:22,/products,PUT,120,500,Europe
2026-03-02 22:12:19,/orders,POST,1186,200,Asia
2026-03-13 09:15:11,/search,PUT,1158,404,Asia
2026-01-10 07:47:42,/profile,PUT,353,500,Asia
2026-01-06 15:19:53,/products,GET,87,500,Asia
2026-01-12 22:19:21,/products,GET,305,404,Asia
2026-02-17 14:36:43,/products,DELETE,236,200,US-East
2026-02-27 22:33:00,/profile,GET,426,200,Asia
2026-03-13 07:23:47,/profile,DELETE,135,200,Asia
2026-02-14 03:29:40,/login,PUT,1037,200,US-East
2026-01-21 07:17:54,/payment,POST,321,404,Asia
2026-02-07 18:11:25,/payment,POST,615,200,Asia
2026-01-01 00:52:24,/login,POST,1119,500,Europe
2026-01-18 00:53:21,/products,POST,488,500,Europe
2026-02-11 23:11:25,/products,GET,911,404,Europe
2026-02-16 07:13:29,/payment,GET,401,200,Europe
2026-01-05 21:29:55,/register,POST,289,200,Europe
2026-03-06 05:57:44,/login,PUT,573,200,Asia
2026-02-08 00:32:54,/login,PUT,476,200,Asia
2026-03-14 17:58:03,/payment,PUT,758,500,Asia
2026-03-12 20:52:01,/orders,DELETE,101,200,Europe
2026-02-21 17:05:40,/search,POST,254,200,Europe
2026-01-01 17:53:26,/register,DELETE,131,500,Asia
2026-02-24 21:45:14,/search,PUT,890,404,Asia
2026-01-29 06:51:57,/profile,GET,978,200,US-East
2026-03-13 01:44:02,/orders,DELETE,302,200,Europe
2026-02-23 14:08:17,/search,POST,518,200,US-East
2026-02-14 12:24:23,/payment,POST,481,200,US-East
2026-02-06 23:04:41,/payment,GET,143,200,US-East
2026-03-03 02:01:14,/profile,POST,1190,200,Asia
2026-01-04 20:05:43,/payment,DELETE,692,200,Europe
2026-03-07 08:58:25,/register,GET,93,200,US-East
2026-01-13 13:11:25,/payment,POST,1079,200,US-East
2026-01-06 02:43:11,/register,POST,115,404,US-East
2026-02-03 21:13:06,/orders,POST,1025,200,Asia
2026-01-11 14:11:32,/orders,DELETE,234,200,Europe
2026-01-10 20:26:40,/search,PUT,958,200,US-East
2026-01-30 10:11:20,/login,GET,165,200,US-East
2026-01-21 13:16:09,/payment,POST,318,200,US-East
2026-03-04 15:18:57,/login,DELETE,1003,200,Europe
2026-02-11 03:08:28,/profile,GET,311,200,Asia
2026-02-18 03:19:17,/products,POST,783,200,US-East
2026-02-10 07:29:14,/orders,POST,1116,200,Europe
2026-02-23 05:55:15,/payment,DELETE,685,200,Asia
2026-02-07 05:38:48,/orders,DELETE,365,200,Asia
2026-01-06 12:58:13,/profile,PUT,499,200,Asia
2026-01-04 13:32:15,/profile,DELETE,476,200,Asia
2026-03-09 14:34:16,/login,DELETE,658,200,Europe
2026-02-21 08:49:17,/orders,POST,1049,404,Europe
2026-01-08 16:23:42,/search,DELETE,1007,200,Asia
2026-01-29 15:40:28,/register,PUT,857,500,US-East
2026-01-07 14:44:38,/products,GET,186,404,US-East
2026-01-01 14:51:59,/products,POST,547,200,US-East
2026-02-06 04:51:40,/products,GET,1120,200,US-East
2026-03-09 12:10:01,/login,POST,428,200,US-East
2026-02-12 17:20:56,/profile,GET,935,200,Asia
2026-01-23 04:59:28,/products,DELETE,824,500,Asia
2026-01-24 16:25:18,/login,DELETE,1165,200,Asia
2026-01-08 03:09:57,/login,PUT,679,500,US-East
2026-01-20 12:48:42,/products,GET,576,200,Europe
2026-02-01 07:19:12,/orders,GET,977,200,Europe
2026-01-07 13:14:55,/login,POST,77,200,Europe
2026-02-14 05:02:53,/products,POST,415,200,Asia
2026-02-15 03:00:23,/search,DELETE,688,200,US-East
2026-02-19 05:31:28,/orders,PUT,509,404,US-East
2026-03-11 20:56:41,/products,PUT,665,200,US-East
2026-03-04 21:45:38,/search,POST,697,200,US-East
2026-03-08 22:59:26,/search,GET,476,404,Asia
2026-01-22 20:03:04,/profile,GET,164,200,US-East
2026-02-03 16:45:32,/register,GET,360,200,US-East
2026-01-18 15:10:51,/products,GET,846,200,US-East
2026-02-14 09:37:19,/products,POST,690,500,Asia
2026-02-01 20:19:45,/profile,GET,854,200,Asia
2026-02-24 03:24:57,/orders,PUT,1172,200,Europe
2026-02-01 21:43:15,/payment,PUT,993,200,Europe
2026-02-27 03:12:26,/payment,PUT,297,200,Europe
2026-02-24 11:29:41,/payment,DELETE,1034,200,Europe
2026-02-13 13:57:53,/profile,GET,550,200,Asia
2026-03-04 21:28:31,/payment,GET,1107,500,US-East
2026-02-03 11:38:45,/products,POST,1074,200,Asia
2026-02-22 15:33:51,/profile,POST,221,500,Asia
2026-02-06 13:01:29,/orders,GET,783,500,Asia
2026-01-26 03:19:56,/orders,DELETE,1040,200,Asia
2026-01-04 01:40:59,/payment,GET,321,200,Europe
2026-03-02 06:32:33,/products,POST,611,404,US-East
2026-01-12 06:54:39,/search,PUT,202,200,Asia
2026-03-13 08:29:03,/payment,GET,1104,500,Europe
2026-02-07 15:49:30,/products,GET,118,200,Europe
2026-01-01 07:00:22,/payment,GET,396,404,US-East
2026-01-11 03:54:40,/profile,PUT,411,500,Asia
2026-02-14 22:55:50,/login,PUT,935,404,Asia
2026-03-06 09:58:05,/products,DELETE,858,200,Asia
2026-01-27 20:26:56,/profile,GET,757,200,US-East
2026-01-23 15:36:53,/login,GET,267,200,US-East
2026-01-04 03:52:09,/profile,DELETE,164,500,US-East
2026-01-01 04:29:33,/login,POST,57,200,US-East
2026-01-24 13:53:47,/products,DELETE,604,200,US-East
2026-03-03 06:32:49,/login,PUT,492,200,Europe
2026-01-13 00:33:37,/profile,PUT,180,500,Asia
2026-03-10 08:22:39,/search,DELETE,218,500,Asia
2026-03-01 05:39:17,/search,PUT,1027,500,Europe
2026-02-01 14:32:38,/orders,PUT,656,200,Asia
2026-02-28 03:39:56,/search,DELETE,1056,404,US-East
2026-03-07 09:12:57,/profile,DELETE,1141,500,Europe
2026-01-19 05:36:39,/login,DELETE,858,404,Asia
2026-01-25 10:59:44,/search,POST,891,200,Asia
2026-01-26 17:52:20,/search,GET,834,200,Asia
2026-01-21 11:21:41,/payment,DELETE,374,200,Europe
2026-01-15 10:18:32,/orders,PUT,884,404,Asia
2026-02-12 03:54:41,/profile,PUT,815,500,Asia
2026-02-25 08:06:52,/login,POST,259,500,US-East
2026-01-23 13:19:06,/register,PUT,356,500,US-East
2026-01-16 15:50:33,/login,GET,802,200,US-East
2026-03-13 20:01:32,/orders,DELETE,157,200,Asia
2026-02-14 11:43:13,/search,GET,1113,200,Asia
2026-03-14 21:53:14,/register,PUT,442,200,US-East
2026-03-05 19:41:57,/login,POST,228,404,US-East
2026-01-04 19:10:01,/login,DELETE,85,200,Europe
2026-02-11 10:41:48,/login,POST,324,500,Asia
2026-02-09 17:18:36,/login,PUT,554,200,Asia
2026-01-13 02:44:47,/search,DELETE,677,404,Asia
2026-02-26 18:48:29,/products,GET,744,200,Asia
2026-03-09 08:56:53,/search,DELETE,524,200,US-East
2026-03-14 23:53:05,/orders,DELETE,121,200,US-East
2026-02-05 18:22:08,/payment,POST,535,500,Europe
2026-01-12 05:47:32,/login,GET,447,200,US-East
2026-01-06 11:05:41,/register,POST,570,200,US-East
2026-01-02 03:58:15,/products,GET,134,404,US-East
2026-01-08 17:07:13,/orders,GET,549,200,US-East
2026-01-24 21:00:48,/profile,GET,845,404,US-East
2026-02-12 06:09:46,/profile,POST,1006,200,Europe
2026-01-25 03:44:56,/orders,POST,124,200,US-East
2026-02-05 00:48:41,/products,DELETE,867,500,US-East
2026-02-07 03:13:28,/search,POST,796,200,Asia
2026-02-22 08:29:28,/products,PUT,447,404,Asia
2026-02-17 12:19:27,/login,GET,1188,200,Europe
2026-02-18 10:48:31,/payment,GET,642,200,Europe
2026-01-12 21:56:59,/payment,PUT,902,200,Asia
2026-03-13 20:26:30,/register,DELETE,561,200,Europe
2026-02-17 13:25:52,/orders,GET,899,200,US-East
2026-01-10 17:53:50,/payment,DELETE,346,200,Asia
2026-01-22 15:27:19,/search,POST,222,200,Asia
2026-01-02 00:02:22,/payment,DELETE,1061,200,Europe
2026-03-10 20:05:22,/search,GET,323,200,Asia
2026-02-07 08:28:30,/login,GET,640,200,Europe
2026-02-18 07:15:17,/login,POST,901,200,Europe
2026-01-16 10:44:02,/orders,POST,799,200,Asia
2026-02-23 21:55:42,/payment,GET,638,200,US-East
2026-03-08 09:31:41,/products,PUT,1165,200,Asia
2026-01-06 17:08:44,/search,GET,228,200,Europe
2026-03-15 12:48:05,/register,POST,478,404,Europe
2026-02-18 23:16:33,/login,POST,555,500,US-East
2026-01-31 11:01:29,/products,GET,998,200,Europe
2026-02-04 10:02:35,/products,PUT,829,200,Europe
2026-02-24 15:48:44,/register,GET,272,200,Asia
2026-02-10 02:29:24,/products,PUT,288,500,Asia
2026-03-13 05:27:42,/register,GET,182,200,Europe
2026-01-01 19:16:06,/search,POST,731,200,Asia
2026-02-25 05:34:06,/profile,DELETE,1178,200,Asia
2026-03-09 17:17:40,/search,POST,281,200,Europe
2026-01-31 11:15:19,/payment,GET,841,200,Asia
2026-02-09 21:21:33,/profile,DELETE,929,500,Asia
2026-01-04 12:20:52,/products,PUT,346,200,Asia
2026-02-02 06:41:08,/register,DELETE,565,200,Europe
2026-02-04 05:22:20,/payment,POST,395,500,Asia
2026-01-07 18:43:57,/login,POST,457,200,Asia
2026-03-04 16:52:58,/login,GET,1128,404,Europe
2026-02-24 19:51:53,/register,GET,268,500,Asia
2026-02-26 22:02:31,/orders,PUT,1004,200,Europe
2026-03-04 10:18:01,/profile,PUT,773,404,US-East
2026-01-19 20:37:47,/login,POST,651,404,Asia
2026-01-21 12:07:42,/profile,DELETE,307,200,Asia
2026-02-01 13:24:09,/profile,POST,960,200,US-East
2026-03-04 02:56:51,/search,DELETE,1055,200,Asia
2026-02-08 15:25:13,/login,DELETE,430,500,Asia
2026-01-12 12:39:51,/products,PUT,844,500,Europe
2026-03-10 12:02:39,/profile,PUT,429,404,Asia
2026-03-06 23:22:08,/profile,POST,686,200,Europe
2026-02-22 03:44:09,/search,GET,1093,500,Europe
2026-02-27 05:17:49,/search,POST,1192,404,US-East
2026-02-05 19:28:48,/login,PUT,1158,404,US-East
2026-01-11 13:11:23,/orders,POST,1137,200,US-East
2026-03-16 07:02:00,/register,GET,928,200,Europe
2026-03-05 20:37:57,/payment,GET,1189,200,US-East
2026-02-20 18:19:42,/orders,POST,481,200,Asia
2026-03-10 21:06:02,/orders,GET,189,200,Asia
2026-01-02 08:00:02,/payment,POST,221,200,US-East
2026-03-03 08:16:58,/products,DELETE,918,200,Asia
2026-01-01 16:10:18,/orders,DELETE,142,404,US-East
2026-03-09 06:09:12,/profile,POST,1094,200,Europe
2026-01-26 17:40:00,/register,POST,249,200,Asia
2026-02-15 09:38:18,/login,PUT,335,200,Europe
2026-03-04 17:45:28,/orders,GET,921,200,Asia
2026-01-16 03:33:59,/orders,PUT,573,200,Europe
2026-01-27 10:51:10,/search,PUT,572,200,US-East
2026-02-23 23:34:28,/profile,PUT,526,200,Europe
2026-01-03 07:17:26,/register,DELETE,967,200,Europe
2026-01-18 01:35:20,/products,GET,605,404,Asia
2026-02-02 16:41:52,/search,DELETE,147,200,Europe
2026-03-04 17:03:34,/profile,DELETE,871,200,Europe
2026-02-07 17:53:42,/orders,POST,926,500,Europe
2026-01-08 11:54:51,/products,GET,785,200,US-East
2026-01-24 15:30:04,/products,GET,862,200,US-East
2026-02-03 21:24:21,/register,PUT,410,404,Europe
2026-03-07 17:18:08,/payment,GET,1153,500,Europe
2026-01-01 04:42:59,/register,GET,378,200,US-East
2026-02-14 10:09:40,/profile,POST,1168,200,Asia
2026-01-21 23:25:11,/login,GET,492,500,Asia
2026-02-09 08:29:05,/payment,DELETE,564,500,Europe
2026-01-30 09:31:16,/orders,DELETE,178,200,US-East
2026-02-02 18:51:17,/payment,POST,251,200,Asia
2026-02-13 21:25:16,/payment,DELETE,238,200,Asia
2026-03-08 22:26:41,/profile,PUT,96,200,Asia
2026-01-15 08:29:35,/register,POST,74,200,US-East
2026-02-09 06:42:37,/orders,PUT,544,200,US-East
2026-02-18 23:14:03,/register,DELETE,606,200,Europe
2026-01-30 23:47:58,/search,PUT,1110,404,Asia
2026-01-03 14:23:47,/products,DELETE,898,200,Europe
2026-02-20 22:28:59,/payment,DELETE,689,200,US-East
2026-02-09 06:51:34,/profile,PUT,397,200,Europe
2026-02-28 11:25:52,/products,POST,877,404,US-East
2026-01-10 14:13:15,/search,GET,300,200,Europe
2026-01-08 01:31:57,/payment,POST,132,200,US-East
2026-03-08 17:07:53,/products,PUT,202,200,Europe
2026-03-04 12:42:37,/login,POST,514,200,US-East
2026-01-04 09:55:20,/profile,POST,230,200,Asia
2026-03-11 12:12:49,/products,DELETE,863,200,Europe
2026-01-17 03:05:35,/profile,GET,814,200,Asia
2026-02-23 09:44:33,/search,DELETE,807,200,Europe
2026-01-21 05:18:29,/payment,DELETE,838,200,Asia
2026-01-30 14:15:52,/register,PUT,1060,200,Europe
2026-02-16 09:00:45,/login,GET,700,200,Asia
2026-02-18 20:41:29,/search,GET,738,500,Europe
2026-01-06 05:56:16,/profile,GET,554,200,Europe
2026-02-22 06:38:59,/search,GET,538,200,Europe
2026-03-05 02:14:19,/profile,PUT,993,200,Europe
2026-01-03 20:15:57,/payment,POST,125,200,US-East
2026-03-07 01:06:49,/login,DELETE,1090,404,US-East
2026-01-31 15:03:20,/register,PUT,705,404,US-East
2026-03-06 10:08:21,/payment,PUT,1110,200,Asia
2026-03-13 15:46:13,/profile,DELETE,258,200,Europe
2026-02-16 07:28:38,/products,PUT,283,200,Asia
2026-01-09 22:14:26,/orders,POST,527,200,Europe
2026-01-07 06:23:26,/search,POST,766,404,US-East
2026-01-04 15:58:26,/products,POST,124,200,Asia
2026-01-27 07:10:22,/profile,PUT,453,200,Europe
2026-01-11 17:00:40,/register,DELETE,414,200,Europe
2026-01-24 04:22:46,/profile,PUT,1139,200,Europe
2026-02-09 01:59:16,/profile,GET,622,200,Asia
2026-02-23 14:46:05,/orders,PUT,497,404,US-East
2026-03-05 00:07:57,/profile,PUT,1191,200,Asia
2026-01-05 09:40:21,/profile,POST,957,200,Europe
2026-02-27 14:31:46,/register,POST,568,200,Asia
2026-01-09 07:57:19,/profile,GET,1083,500,Europe
2026-01-07 23:17:24,/profile,DELETE,338,200,Europe
2026-02-12 12:54:46,/search,POST,645,200,Europe
2026-01-18 16:14:12,/profile,GET,743,404,Europe
2026-01-11 06:57:07,/register,PUT,1022,200,US-East
2026-02-26 19:27:40,/search,PUT,989,404,US-East
2026-02-12 20:20:16,/payment,PUT,1127,200,Asia
2026-01-23 20:54:07,/login,GET,601,500,US-East
2026-01-26 22:02:41,/login,DELETE,151,200,Asia
2026-02-10 11:52:10,/payment,PUT,112,200,US-East
2026-01-31 06:44:04,/login,PUT,709,500,US-East
2026-03-07 02:43:53,/register,GET,917,200,Asia
2026-02-14 22:55:59,/search,DELETE,801,404,Europe
2026-03-05 00:15:08,/profile,DELETE,1144,200,Europe
2026-03-14 22:32:46,/search,DELETE,271,500,Europe
2026-01-29 22:48:21,/payment,PUT,662,200,Asia
2026-03-06 05:21:54,/login,PUT,584,200,US-East
2026-03-07 14:24:30,/login,DELETE,185,500,US-East
2026-02-02 09:50:00,/search,DELETE,343,200,Europe
2026-02-15 03:38:56,/payment,GET,344,500,Europe
2026-02-02 13:21:17,/register,POST,385,200,Asia
2026-02-09 05:32:36,/products,DELETE,618,200,Asia
2026-01-12 05:11:10,/register,POST,875,404,US-East
2026-01-19 08:56:29,/login,PUT,1092,404,US-East
2026-01-20 02:12:55,/search,POST,1059,500,US-East
2026-01-15 15:24:02,/products,PUT,936,404,Asia
2026-03-04 11:27:10,/products,PUT,364,200,Asia
2026-02-08 12:28:15,/payment,PUT,123,200,Europe
2026-02-19 11:39:36,/search,PUT,899,500,Asia
2026-02-06 03:22:06,/orders,PUT,1074,500,Europe
2026-03-09 01:18:27,/payment,PUT,155,404,US-East
2026-02-23 09:05:06,/login,PUT,637,500,Europe
2026-02-09 20:45:15,/orders,GET,685,404,US-East
2026-02-05 05:03:00,/login,DELETE,1191,404,Asia
2026-02-02 06:20:56,/register,DELETE,920,200,Europe
2026-01-06 15:35:46,/profile,PUT,111,404,US-East
2026-01-20 04:07:20,/register,GET,1077,404,Asia
2026-01-16 18:35:15,/profile,GET,270,404,Europe
2026-01-28 14:10:29,/login,PUT,553,200,Europe
2026-01-26 17:26:39,/products,PUT,166,200,Europe
2026-03-04 20:06:14,/profile,DELETE,217,200,US-East
2026-01-16 22:26:58,/products,DELETE,622,200,Europe
2026-01-14 14:37:01,/login,GET,607,200,US-East
2026-02-25 11:33:01,/payment,PUT,257,500,Europe
2026-03-16 05:38:46,/search,PUT,581,200,US-East
2026-01-10 07:18:24,/register,GET,611,200,Asia
2026-03-15 03:43:18,/payment,GET,84,200,Asia
2026-01-16 15:07:00,/products,GET,798,404,Europe
2026-03-02 08:42:47,/register,GET,899,200,Asia
2026-03-16 00:51:23,/register,POST,608,200,US-East
2026-01-02 22:59:32,/products,GET,410,200,US-East
2026-03-12 10:48:16,/register,GET,1139,200,US-East
2026-01-21 23:08:37,/login,POST,71,500,US-East
2026-01-21 10:40:53,/products,POST,540,404,Europe
2026-01-08 02:37:20,/payment,DELETE,190,500,Europe
2026-01-05 17:18:53,/payment,PUT,307,404,US-East
2026-02-23 03:04:26,/register,POST,227,200,Asia
2026-01-06 02:53:04,/register,POST,843,500,Europe
2026-02-26 18:54:39,/orders,GET,972,200,Europe
2026-02-16 03:08:42,/payment,POST,178,500,Europe
2026-03-12 20:24:16,/payment,POST,50,200,US-East
2026-01-26 20:13:02,/products,DELETE,819,404,Europe
2026-03-03 11:10:44,/orders,PUT,75,200,US-East
2026-01-14 05:26:42,/login,PUT,68,200,Europe
2026-02-08 15:30:37,/profile,DELETE,770,200,US-East
2026-03-01 01:59:14,/register,DELETE,465,200,US-East
2026-02-10 10:40:54,/orders,PUT,113,200,US-East
2026-01-29 04:15:26,/login,POST,909,500,Asia
2026-01-16 18:24:15,/profile,POST,260,200,Europe
2026-02-25 07:33:43,/profile,GET,1152,200,US-East
2026-01-13 19:28:03,/payment,POST,1145,500,US-East
2026-01-17 20:24:44,/search,POST,242,200,Asia
2026-01-12 21:42:13,/orders,DELETE,206,200,US-East
2026-01-05 22:42:04,/search,PUT,1163,200,US-East
2026-02-10 16:00:52,/register,POST,393,500,US-East
2026-02-27 00:58:16,/search,PUT,532,200,Asia
2026-03-12 21:32:22,/orders,GET,452,500,Europe
2026-01-24 07:43:42,/orders,DELETE,386,200,Europe
2026-02-08 17:42:29,/payment,POST,1065,200,US-East
2026-01-19 07:06:52,/orders,GET,1132,500,US-East
2026-01-18 05:01:43,/profile,GET,207,500,Asia
2026-03-11 23:53:21,/profile,PUT,346,404,Europe
2026-01-25 12:12:48,/products,POST,104,500,Europe
2026-01-19 07:46:08,/orders,PUT,970,200,Europe
2026-01-31 05:09:43,/profile,POST,243,404,US-East
2026-03-09 17:11:55,/search,DELETE,209,200,Asia
2026-03-06 20:06:09,/profile,POST,1152,200,Asia
2026-01-16 00:19:25,/orders,POST,158,404,US-East
2026-01-24 10:45:56,/products,POST,634,200,Europe
2026-01-30 13:45:45,/login,GET,483,200,US-East
2026-03-16 18:15:05,/profile,PUT,260,200,Asia
2026-02-02 00:28:38,/payment,GET,598,404,Asia
2026-01-19 19:18:25,/register,PUT,982,200,Asia
2026-01-21 17:30:15,/payment,POST,777,200,Europe
2026-01-09 11:22:19,/register,PUT,1178,200,Europe
2026-01-29 23:52:55,/search,PUT,237,404,Asia
2026-01-27 21:39:13,/payment,PUT,179,404,US-East
2026-02-26 02:17:36,/register,POST,455,200,Asia
2026-01-15 06:57:12,/register,GET,909,200,Europe
2026-02-13 03:58:39,/register,GET,911,500,Asia
2026-01-19 04:09:14,/search,PUT,1036,200,Europe
2026-02-03 00:50:58,/profile,GET,475,200,Europe
2026-01-23 14:21:11,/products,POST,920,200,Asia
2026-01-27 05:20:58,/profile,PUT,616,404,Asia
2026-02-23 18:06:16,/login,DELETE,110,500,Europe
2026-01-16 10:41:57,/login,DELETE,821,404,US-East
2026-01-03 05:25:07,/register,POST,601,200,US-East
2026-01-31 00:28:48,/login,GET,562,200,US-East
2026-01-29 15:10:30,/profile,DELETE,442,200,Asia
2026-02-13 09:21:41,/payment,DELETE,1170,200,Asia
2026-02-14 23:53:38,/login,DELETE,1144,404,Europe
2026-01-05 02:16:18,/register,POST,211,200,US-East
2026-01-27 10:11:36,/login,POST,132,500,Asia
2026-01-01 17:47:44,/products,PUT,69,200,Asia
2026-02-11 22:44:01,/register,DELETE,992,200,Europe
2026-02-04 15:01:39,/login,POST,1074,404,Asia
2026-03-11 03:58:12,/search,GET,1052,200,Europe
2026-01-11 13:01:10,/orders,GET,629,200,Asia
2026-02-27 15:22:42,/profile,DELETE,593,200,US-East
2026-02-10 19:15:56,/profile,POST,350,200,US-East
2026-02-04 03:22:29,/login,DELETE,140,200,Europe
2026-01-03 01:26:44,/search,DELETE,1094,200,Asia
2026-01-27 16:34:12,/search,DELETE,217,200,US-East
2026-01-25 06:32:15,/payment,DELETE,1146,200,US-East
2026-01-27 17:44:31,/register,DELETE,835,200,Asia
2026-02-26 16:49:39,/login,POST,127,200,Asia
2026-02-06 18:16:23,/profile,DELETE,1181,200,Europe
2026-01-18 16:22:54,/profile,POST,587,200,Asia
2026-01-05 01:24:36,/products,PUT,555,200,US-East
2026-03-04 23:47:39,/orders,GET,55,200,Asia
2026-01-21 00:51:36,/register,DELETE,757,200,Europe
2026-02-12 18:39:05,/register,POST,635,200,Asia
2026-01-13 12:37:22,/payment,DELETE,870,500,Asia
2026-03-09 19:59:06,/search,GET,883,404,US-East
2026-03-16 19:56:28,/profile,POST,204,404,Asia
2026-02-11 10:42:53,/login,PUT,102,500,Asia
2026-02-16 00:38:25,/register,PUT,635,200,Europe
2026-01-01 14:54:05,/profile,GET,844,500,US-East
2026-02-14 08:03:48,/search,PUT,180,200,Europe
2026-03-04 00:09:38,/search,GET,744,200,Asia
2026-02-27 21:57:34,/register,POST,1192,404,Europe
2026-03-10 17:45:38,/orders,DELETE,722,200,Europe
2026-01-09 12:34:34,/register,PUT,519,404,Europe
2026-02-24 09:10:55,/orders,PUT,491,404,Asia
2026-01-14 05:32:44,/products,GET,514,404,US-East
2026-02-11 13:36:37,/login,DELETE,1129,200,Asia
2026-03-06 00:33:04,/products,DELETE,958,200,US-East
2026-01-05 21:46:42,/products,DELETE,927,200,US-East
2026-01-31 19:51:01,/payment,PUT,786,200,Asia
2026-02-13 06:51:00,/payment,DELETE,459,200,Europe
2026-01-18 15:09:47,/register,PUT,1121,200,US-East
2026-01-20 16:23:58,/orders,PUT,694,200,Europe
2026-02-08 17:20:34,/products,PUT,646,200,US-East
2026-01-25 19:37:34,/login,PUT,272,500,US-East
2026-03-13 13:06:56,/orders,POST,855,500,Europe
2026-03-04 02:18:30,/login,POST,166,200,US-East
2026-01-28 19:36:18,/profile,PUT,621,200,Europe
2026-03-15 21:19:50,/payment,GET,660,200,US-East
2026-02-21 21:42:14,/profile,GET,505,200,Asia
2026-03-07 11:21:39,/login,PUT,55,200,US-East
2026-02-10 20:49:56,/products,DELETE,319,500,Asia
2026-01-30 06:34:23,/search,POST,859,404,Asia
2026-01-29 16:24:04,/search,POST,880,200,US-East
2026-01-26 04:18:12,/search,GET,521,200,Europe
2026-01-13 08:43:35,/orders,PUT,909,404,Asia
2026-02-07 20:37:09,/payment,DELETE,1004,404,Europe
2026-02-15 12:59:07,/register,POST,867,200,US-East
2026-03-05 07:48:47,/payment,GET,295,200,Asia
2026-03-10 20:20:17,/search,DELETE,1052,200,Asia
2026-01-21 13:15:10,/register,PUT,1189,200,US-East
2026-01-19 17:55:16,/products,PUT,702,404,Asia
2026-03-07 10:18:37,/orders,GET,738,404,Europe
2026-01-09 11:38:55,/login,DELETE,1198,404,Europe
2026-01-28 00:54:19,/payment,DELETE,476,200,Europe
2026-01-15 16:13:33,/products,POST,163,500,US-East
2026-01-10 07:10:41,/orders,PUT,714,200,Europe
2026-02-06 11:41:23,/payment,PUT,288,500,US-East
2026-01-26 07:05:31,/register,DELETE,490,404,US-East
2026-02-11 01:22:39,/login,POST,843,200,Asia
2026-01-27 15:36:23,/payment,POST,550,200,Europe
2026-01-02 07:30:50,/products,DELETE,279,500,Europe
2026-01-02 09:50:35,/payment,POST,1158,500,Asia
2026-01-12 01:58:47,/products,GET,262,500,Europe
2026-02-26 00:00:29,/profile,GET,499,500,US-East
2026-03-12 23:10:52,/login,GET,747,500,Asia
2026-03-16 04:22:37,/orders,GET,1173,200,Europe
2026-03-11 15:40:58,/products,DELETE,1137,200,US-East
2026-02-06 09:14:44,/register,POST,59,500,Europe
2026-01-18 05:24:04,/register,POST,805,200,Europe
2026-02-06 13:22:35,/payment,DELETE,402,200,Asia
2026-02-08 13:07:53,/orders,PUT,698,200,US-East
2026-01-31 11:06:50,/register,PUT,1149,200,Europe
2026-02-16 11:43:40,/payment,DELETE,757,200,Asia
2026-01-29 07:12:53,/search,POST,1082,200,Europe
2026-01-30 11:25:41,/login,GET,1122,404,US-East
2026-02-24 06:20:34,/payment,GET,1171,200,Asia
2026-02-15 06:42:38,/register,DELETE,1190,500,Asia
2026-03-11 11:32:28,/login,POST,437,200,Asia
2026-03-11 04:40:06,/payment,PUT,897,500,US-East
2026-03-01 22:11:02,/profile,GET,192,200,US-East
2026-01-09 06:08:27,/products,PUT,294,200,Europe
2026-02-07 00:44:36,/orders,DELETE,196,200,US-East
2026-02-13 08:40:21,/search,PUT,770,404,US-East
2026-02-20 14:35:04,/search,DELETE,714,404,Asia
2026-02-10 18:40:56,/payment,GET,511,200,US-East
2026-01-06 04:22:51,/products,GET,936,500,Asia
2026-03-08 01:47:24,/register,DELETE,1027,200,US-East
2026-03-02 00:30:38,/profile,DELETE,793,200,Europe
2026-01-06 10:19:20,/payment,PUT,661,404,Europe
2026-02-25 23:01:06,/search,DELETE,210,200,US-East
2026-01-23 13:45:13,/login,GET,921,200,US-East
2026-02-01 06:24:26,/products,GET,97,200,Europe
2026-01-09 06:48:32,/login,DELETE,63,404,Asia
2026-02-09 02:58:07,/register,PUT,294,200,Asia
2026-02-12 19:19:34,/register,PUT,405,200,Europe
2026-03-03 03:20:08,/login,GET,322,200,Asia
2026-02-18 09:20:59,/register,PUT,1182,200,Asia
2026-03-09 04:19:56,/register,DELETE,114,200,Europe
2026-01-19 03:47:54,/profile,DELETE,770,200,Asia
2026-03-01 20:47:19,/payment,DELETE,241,200,Asia
2026-02-25 10:49:12,/login,GET,1195,200,US-East
2026-02-17 20:07:07,/login,POST,1059,404,Asia
2026-03-12 09:31:34,/orders,PUT,340,500,Asia
2026-03-10 10:43:11,/login,POST,501,200,Asia
2026-01-04 21:30:37,/login,GET,715,404,Asia
2026-03-16 19:44:53,/login,DELETE,431,200,US-East
2026-01-29 11:36:31,/profile,GET,982,200,Asia
2026-02-24 12:14:27,/orders,POST,961,404,US-East
2026-03-14 22:43:21,/orders,DELETE,795,500,Asia
2026-02-24 08:54:03,/register,PUT,424,200,US-East
2026-02-26 23:04:28,/login,POST,346,200,US-East
2026-03-01 19:19:14,/search,PUT,1079,200,Asia
2026-01-08 07:35:55,/register,PUT,588,200,US-East
2026-01-12 08:52:08,/payment,GET,347,404,Asia
2026-01-07 19:53:38,/products,PUT,563,200,Europe
2026-02-05 20:18:34,/register,GET,548,200,US-East
2026-02-14 15:37:55,/login,PUT,649,200,US-East
2026-01-11 12:35:29,/register,POST,276,200,Europe
2026-03-01 22:20:57,/profile,POST,374,404,Europe
2026-01-11 00:46:55,/payment,DELETE,106,200,Asia
2026-01-17 12:32:19,/register,POST,141,200,Europe
2026-01-23 14:41:52,/orders,DELETE,361,200,US-East
2026-03-13 05:43:15,/payment,GET,215,200,Asia
2026-02-07 22:03:30,/profile,GET,212,200,Europe
2026-03-16 19:45:09,/login,PUT,978,200,Europe
2026-01-05 03:04:47,/profile,POST,559,200,Europe
2026-01-12 18:54:28,/register,PUT,963,200,Asia
2026-03-11 13:28:09,/payment,POST,294,200,Asia
2026-01-22 15:57:24,/login,GET,209,200,Europe
2026-01-20 07:03:59,/login,PUT,871,200,US-East
2026-01-17 17:09:07,/products,GET,656,404,US-East
2026-02-23 08:05:45,/login,PUT,1117,200,Asia
2026-01-18 02:42:41,/orders,DELETE,91,200,Europe
2026-02-09 09:41:02,/register,DELETE,725,200,Europe
2026-03-06 22:59:04,/products,GET,355,404,US-East
2026-02-28 23:28:25,/search,PUT,630,200,Europe
2026-02-25 11:27:00,/orders,DELETE,779,404,US-East
2026-02-26 09:27:36,/orders,GET,576,200,Europe
2026-01-29 15:51:24,/register,GET,151,500,US-East
2026-01-09 16:03:40,/orders,DELETE,958,200,Asia
2026-01-26 11:53:50,/profile,GET,384,404,Europe
2026-02-27 16:18:47,/payment,POST,772,200,Asia
2026-01-22 18:31:42,/payment,DELETE,891,200,Asia
2026-02-17 09:30:42,/payment,GET,276,200,Asia
2026-02-02 07:42:16,/profile,DELETE,1075,200,Europe
2026-01-22 11:52:24,/login,PUT,1181,200,Europe
2026-01-07 16:46:39,/payment,PUT,733,200,Europe
2026-01-08 20:33:24,/profile,GET,750,200,US-East
2026-03-05 02:21:26,/search,GET,1153,200,US-East
2026-01-27 16:37:25,/orders,POST,318,500,US-East
2026-03-01 14:36:32,/login,DELETE,124,200,US-East
2026-01-28 22:50:22,/products,POST,567,500,Asia
2026-03-01 12:51:17,/login,PUT,591,200,Europe
2026-02-23 05:41:55,/register,GET,452,404,Asia
2026-03-16 10:51:51,/orders,POST,1155,500,US-East
2026-01-22 04:40:55,/register,PUT,434,404,Europe
2026-03-02 02:21:46,/register,PUT,1153,200,Europe
2026-01-15 06:43:21,/products,PUT,832,404,US-East
2026-02-21 20:14:04,/search,DELETE,1129,200,US-East
2026-03-07 06:08:54,/payment,GET,571,404,Asia
2026-02-23 03:23:37,/products,DELETE,685,200,Europe
2026-02-27 05:16:33,/profile,GET,866,200,Europe
2026-02-04 15:41:10,/payment,POST,639,200,US-East
2026-03-03 12:45:43,/orders,GET,512,404,US-East
2026-03-11 23:09:03,/register,PUT,612,200,US-East
2026-01-23 19:51:05,/login,DELETE,921,200,Asia
2026-02-13 17:08:04,/payment,GET,702,200,Europe
2026-03-15 20:11:16,/register,GET,635,200,US-East
2026-01-17 09:47:24,/profile,PUT,1100,500,US-East
2026-03-14 13:10:05,/login,GET,738,200,Asia
2026-03-01 05:35:33,/products,PUT,137,500,US-East
2026-02-06 12:08:00,/products,PUT,480,200,US-East
2026-02-25 15:57:53,/login,DELETE,503,200,US-East
2026-03-17 00:43:51,/profile,DELETE,1049,404,Europe
2026-02-14 10:54:15,/orders,POST,474,200,Asia
2026-01-03 20:27:21,/profile,GET,200,200,Europe
2026-01-30 20:25:01,/products,POST,608,200,Asia
2026-01-03 08:56:27,/payment,PUT,445,200,US-East
2026-03-05 03:43:12,/payment,DELETE,221,200,Asia
2026-01-20 00:44:02,/payment,DELETE,608,200,US-East
2026-01-26 15:44:46,/orders,POST,994,200,US-East
2026-01-04 19:51:57,/register,POST,548,200,US-East
2026-01-25 06:31:31,/login,PUT,169,200,Asia
2026-02-16 07:30:59,/search,PUT,676,200,Europe
2026-02-09 01:23:24,/search,GET,57,200,Europe
2026-02-06 08:25:32,/register,GET,78,404,US-East
2026-01-10 23:34:32,/search,POST,1014,200,Asia
2026-02-08 18:11:08,/profile,PUT,742,200,Asia
2026-02-25 09:31:01,/login,POST,87,200,Europe
2026-02-05 06:59:34,/payment,PUT,235,200,US-East
2026-01-29 06:28:16,/profile,POST,718,200,Europe
2026-03-14 13:25:59,/products,DELETE,624,200,Asia
2026-01-25 20:11:15,/payment,PUT,547,200,Asia
2026-01-21 22:20:37,/register,POST,1042,200,Asia
2026-01-08 12:28:02,/products,POST,1020,500,Europe
2026-02-16 17:53:42,/payment,POST,474,200,Europe
2026-02-17 12:20:46,/profile,GET,132,200,US-East
2026-01-15 10:21:41,/login,POST,700,500,Asia
2026-01-04 16:38:33,/payment,DELETE,1001,200,Asia
2026-02-01 06:13:12,/register,GET,959,200,Europe
2026-02-21 04:19:29,/profile,DELETE,837,200,Europe
2026-02-07 22:23:46,/search,GET,513,200,Europe
2026-03-04 00:22:35,/orders,POST,912,404,Europe
2026-01-28 17:25:07,/register,GET,484,200,Asia
2026-02-22 01:46:05,/register,GET,595,404,US-East
2026-02-03 08:34:15,/register,POST,370,200,US-East
2026-02-25 01:41:03,/login,GET,652,404,US-East
2026-03-11 19:15:01,/products,PUT,831,200,Europe
2026-02-12 10:33:19,/search,DELETE,245,200,Asia
2026-03-04 00:03:23,/products,DELETE,268,200,Europe
2026-02-02 23:41:17,/register,POST,381,200,Europe
2026-01-30 15:32:19,/login,GET,71,200,US-East
2026-02-10 09:16:55,/profile,DELETE,57,200,US-East
2026-01-05 20:26:24,/payment,GET,591,200,Asia
2026-02-21 20:36:58,/payment,POST,885,200,Asia
2026-02-20 07:03:44,/profile,PUT,367,404,US-East
2026-02-24 21:12:22,/orders,POST,763,200,Europe
2026-02-09 03:09:00,/profile,PUT,1007,200,Europe
2026-02-06 18:36:23,/search,DELETE,647,200,US-East
2026-03-12 13:40:55,/search,GET,264,404,Europe
2026-03-15 12:47:05,/orders,DELETE,862,500,Asia
2026-03-13 14:50:08,/payment,POST,911,200,Asia
2026-02-02 14:56:40,/products,POST,390,200,Asia
2026-03-02 21:42:27,/register,PUT,336,200,Europe
2026-02-20 01:04:03,/profile,POST,777,200,US-East
2026-01-22 03:36:24,/orders,DELETE,1112,200,US-East
2026-03-12 22:15:34,/profile,DELETE,938,200,Europe
2026-02-26 17:06:17,/search,DELETE,224,200,Asia
2026-01-14 03:07:58,/register,PUT,772,500,US-East
2026-01-29 18:05:32,/products,DELETE,1167,200,Asia
2026-03-10 06:35:48,/search,POST,1027,500,US-East
2026-01-14 06:45:12,/products,GET,509,404,Asia
2026-01-05 22:29:00,/login,DELETE,1042,200,Europe
2026-01-10 10:40:08,/search,GET,1062,404,Europe
2026-01-06 20:42:48,/payment,POST,685,200,US-East
2026-01-09 04:20:27,/products,PUT,708,200,Asia
2026-02-07 18:15:06,/orders,GET,616,200,US-East
2026-02-21 05:35:11,/profile,POST,835,404,Asia
2026-02-26 22:04:05,/payment,DELETE,678,500,US-East
2026-02-17 07:12:58,/orders,POST,492,500,Asia
2026-02-08 19:20:51,/register,POST,94,200,US-East
2026-01-24 06:28:23,/register,DELETE,130,404,Asia
2026-01-28 09:33:34,/search,DELETE,505,500,US-East
2026-02-06 15:18:07,/orders,DELETE,310,200,US-East
2026-03-02 12:51:25,/profile,GET,372,200,US-East
2026-02-19 02:14:18,/register,GET,612,200,Asia
2026-02-07 23:36:22,/profile,POST,863,200,Asia
2026-01-09 11:50:47,/products,PUT,356,404,Europe
2026-01-05 14:25:03,/payment,GET,186,500,Asia
2026-01-03 05:03:01,/profile,POST,895,200,Europe
2026-02-23 05:09:05,/register,PUT,802,200,US-East
2026-02-02 18:40:42,/register,DELETE,710,500,Europe
2026-01-03 16:33:55,/products,GET,781,200,Asia
2026-02-20 22:24:17,/orders,DELETE,162,404,US-East
2026-02-25 20:26:45,/login,PUT,1111,200,US-East
2026-02-01 04:46:59,/profile,DELETE,1106,200,US-East
2026-01-12 16:10:06,/login,POST,405,200,US-East
2026-02-14 22:01:47,/products,DELETE,448,200,Europe
2026-01-03 00:08:18,/register,POST,1104,200,Europe
2026-03-06 08:16:38,/payment,POST,340,200,US-East
2026-03-06 03:37:07,/payment,POST,55,200,Europe
2026-01-01 21:24:07,/search,POST,845,200,Europe
2026-02-25 09:49:48,/profile,GET,526,200,Europe
2026-01-23 13:26:54,/payment,POST,752,500,US-East
2026-02-11 16:05:41,/payment,GET,898,200,Europe
2026-01-25 18:32:59,/products,DELETE,494,200,US-East
2026-01-27 03:12:55,/payment,POST,309,200,US-East
2026-01-09 09:34:19,/payment,PUT,682,200,Asia
2026-02-02 13:38:08,/search,PUT,737,200,US-East
2026-01-22 22:24:36,/payment,PUT,819,200,US-East
2026-01-10 03:33:05,/products,POST,1057,200,US-East
2026-01-11 19:31:48,/search,GET,1170,200,Asia
2026-03-07 06:36:07,/register,POST,791,404,Europe
2026-01-19 04:59:31,/register,POST,419,404,Europe
2026-01-04 13:40:09,/orders,DELETE,1147,200,US-East
2026-01-13 09:09:01,/register,DELETE,1053,200,US-East
2026-01-09 20:47:11,/products,DELETE,736,200,Europe
2026-01-22 11:03:38,/orders,POST,679,200,Europe
2026-02-22 22:15:22,/orders,PUT,534,500,Europe
2026-02-04 06:08:44,/products,POST,362,200,Europe
2026-02-28 01:01:33,/search,GET,264,200,Europe
2026-01-01 20:21:13,/login,GET,910,200,Europe
2026-01-17 23:49:34,/orders,POST,922,404,Europe
2026-01-01 20:55:34,/payment,GET,320,404,US-East
2026-02-03 01:33:50,/orders,PUT,80,200,Asia
2026-01-18 05:09:46,/orders,POST,1143,200,US-East
2026-02-08 13:42:20,/register,DELETE,771,404,Europe
2026-02-03 23:51:20,/products,GET,294,500,Asia
2026-01-10 23:40:38,/payment,PUT,768,200,US-East
2026-01-31 18:50:18,/profile,PUT,559,200,Europe
2026-01-19 14:07:37,/register,DELETE,1167,200,US-East
2026-01-20 23:23:25,/login,GET,685,200,Europe
2026-01-13 07:26:58,/login,PUT,967,200,US-East
2026-01-25 16:03:00,/orders,GET,148,200,Asia
2026-01-15 14:57:56,/orders,POST,498,404,US-East
2026-02-04 16:23:38,/products,PUT,242,200,Asia
2026-02-03 00:27:24,/orders,DELETE,320,200,Europe
2026-02-17 14:30:58,/login,GET,1067,500,Europe
2026-03-02 07:28:42,/payment,DELETE,785,200,US-East
2026-01-29 09:26:11,/register,PUT,1158,200,Asia
2026-03-14 09:49:02,/products,GET,904,200,US-East
2026-03-10 15:56:07,/profile,DELETE,801,200,Europe
2026-02-15 18:37:48,/payment,GET,1194,500,Asia
2026-01-22 09:56:40,/products,POST,1191,200,Europe
2026-02-21 07:32:09,/orders,POST,159,200,Europe
2026-01-01 03:04:53,/payment,POST,960,500,US-East
2026-02-05 19:01:52,/register,GET,440,200,Asia
2026-01-24 09:01:32,/login,PUT,469,404,US-East
2026-02-15 05:36:18,/orders,POST,192,500,Europe
2026-03-06 19:48:08,/search,POST,185,200,US-East
2026-02-03 20:53:29,/payment,PUT,1033,500,Europe
2026-02-09 03:40:49,/products,GET,785,500,Asia
2026-02-09 00:16:17,/payment,POST,1013,200,Asia
2026-01-27 08:16:29,/login,POST,597,404,US-East
2026-02-02 06:22:12,/search,DELETE,930,200,Asia
2026-02-04 02:02:43,/orders,PUT,945,404,Asia
2026-03-03 07:04:42,/orders,PUT,406,500,Europe
2026-03-15 19:53:57,/register,PUT,687,200,Europe
2026-02-18 23:01:09,/orders,POST,193,500,US-East
2026-01-12 21:13:47,/login,GET,618,200,US-East
2026-03-02 17:45:00,/profile,DELETE,74,200,Europe
2026-01-08 00:45:07,/search,DELETE,951,200,Asia
2026-03-10 06:24:23,/orders,GET,591,200,US-East
2026-02-01 16:02:34,/orders,PUT,557,200,Europe
2026-02-09 06:34:57,/search,POST,61,200,Europe
2026-01-24 02:23:41,/payment,POST,641,200,Asia
2026-01-04 21:47:23,/login,DELETE,729,200,Asia
2026-02-05 16:39:15,/register,PUT,165,200,US-East
2026-01-30 01:51:07,/profile,DELETE,1185,200,Asia
2026-02-22 21:15:19,/products,PUT,1054,200,US-East
2026-01-02 17:51:12,/register,PUT,199,404,US-East
2026-02-16 02:18:51,/profile,GET,797,200,US-East
2026-01-13 14:32:39,/orders,DELETE,728,404,US-East
2026-02-16 12:58:57,/payment,GET,1125,200,Europe
2026-01-29 10:43:52,/profile,PUT,571,200,Europe
2026-01-11 06:04:03,/login,GET,800,500,Europe
2026-01-01 07:33:12,/payment,DELETE,884,500,Asia
2026-03-05 21:48:41,/register,GET,890,200,Europe
2026-02-01 15:23:17,/register,POST,789,200,Asia
2026-03-05 16:24:07,/payment,DELETE,763,200,Europe
2026-01-28 22:37:04,/products,PUT,415,200,Asia
2026-01-26 00:48:27,/profile,GET,368,200,US-East
2026-02-14 15:53:06,/register,POST,1048,200,Asia
2026-01-11 12:48:40,/search,POST,160,200,Asia
2026-01-08 02:20:41,/products,GET,125,200,US-East
2026-01-09 05:14:07,/register,GET,1021,200,Europe
2026-01-04 17:12:53,/payment,POST,836,500,Asia
2026-01-22 22:36:49,/login,POST,1108,200,Europe
2026-02-12 21:36:41,/profile,PUT,712,200,US-East
2026-02-20 16:42:11,/search,PUT,539,500,US-East
2026-03-01 01:27:20,/orders,GET,347,200,Europe
2026-01-24 09:33:07,/payment,DELETE,1126,200,Asia
2026-01-02 07:35:42,/search,GET,524,200,Asia
2026-02-16 07:34:01,/search,DELETE,944,500,Asia
2026-02-19 16:57:25,/profile,DELETE,900,500,US-East
2026-03-13 17:38:21,/payment,PUT,1132,404,US-East
2026-02-05 14:57:53,/login,GET,572,200,US-East
2026-01-16 22:00:53,/login,DELETE,76,404,Europe
2026-01-20 19:56:41,/register,DELETE,951,500,Europe
2026-01-26 00:07:42,/login,PUT,132,404,Asia
2026-02-23 23:27:09,/payment,POST,384,200,Europe
2026-01-29 14:19:51,/search,POST,484,200,US-East
2026-01-14 17:56:38,/search,POST,968,200,Asia
2026-03-04 10:52:53,/orders,POST,1046,200,US-East
2026-01-22 14:19:46,/register,POST,781,500,US-East
2026-01-31 14:01:44,/orders,DELETE,135,500,Asia
2026-01-19 18:56:38,/payment,POST,190,200,Asia
2026-01-24 00:05:06,/payment,GET,266,200,US-East
2026-01-01 20:37:54,/products,GET,913,200,US-East
2026-01-02 15:24:21,/payment,GET,264,200,Asia
2026-02-06 18:10:27,/products,DELETE,856,200,US-East
2026-02-03 13:30:39,/login,PUT,51,404,Asia
2026-01-28 22:49:47,/profile,PUT,943,404,Europe
2026-03-15 15:11:15,/register,PUT,942,200,Europe
2026-02-09 19:54:17,/login,GET,805,404,Asia
2026-03-08 10:58:28,/products,DELETE,469,200,Asia
2026-02-07 21:33:55,/register,GET,84,200,Asia
2026-02-27 18:56:44,/search,GET,551,200,Europe
2026-01-24 01:41:26,/payment,GET,783,200,US-East
2026-01-08 13:42:53,/orders,DELETE,909,200,Europe
2026-01-17 19:39:28,/login,PUT,1113,500,Asia
2026-01-06 08:02:13,/search,POST,237,200,Europe
2026-02-03 23:47:59,/orders,POST,1145,200,Asia
2026-03-15 06:44:15,/products,PUT,667,200,Asia
2026-02-21 08:11:54,/profile,POST,668,200,Asia
2026-01-04 22:33:39,/orders,DELETE,74,200,Asia
2026-02-10 05:20:00,/profile,PUT,578,200,US-East
2026-03-08 00:40:37,/orders,POST,1083,200,Asia
2026-01-21 05:42:51,/login,POST,799,200,Asia
2026-02-09 19:00:31,/profile,DELETE,1076,200,Asia
2026-01-08 17:03:06,/products,DELETE,363,200,US-East
2026-02-06 16:42:48,/register,PUT,406,500,Asia
2026-03-05 14:33:12,/register,POST,993,200,Europe
2026-03-09 01:17:09,/search,PUT,230,200,Asia
2026-03-06 10:54:28,/orders,DELETE,272,200,Asia
2026-01-07 14:21:02,/profile,PUT,899,200,US-East
2026-01-26 13:01:29,/search,GET,936,200,Asia
2026-01-03 05:27:47,/register,PUT,401,404,US-East
2026-02-01 21:39:53,/profile,GET,827,404,Asia
2026-01-27 07:48:57,/payment,PUT,863,200,Asia
2026-01-05 06:20:03,/profile,GET,598,200,Asia
2026-03-09 23:48:28,/login,DELETE,943,404,Asia
2026-02-19 12:14:35,/profile,DELETE,751,200,Asia
2026-02-24 05:08:55,/orders,DELETE,947,200,Europe
2026-02-15 16:14:28,/orders,DELETE,577,404,Asia
2026-02-27 13:47:49,/register,DELETE,1099,200,Asia
2026-02-20 06:44:43,/payment,DELETE,54,200,Europe
2026-02-10 12:19:37,/orders,PUT,424,200,US-East
2026-03-14 17:10:56,/search,POST,1010,404,Europe
2026-02-19 04:42:26,/profile,DELETE,166,500,US-East
2026-01-20 10:37:29,/products,PUT,917,200,Asia
2026-02-27 15:01:47,/orders,DELETE,410,200,US-East
2026-02-04 23:45:59,/profile,PUT,664,200,Europe
2026-01-24 07:25:53,/search,DELETE,610,200,US-East
2026-02-04 08:53:56,/profile,GET,415,200,Europe
2026-03-10 16:35:24,/products,DELETE,344,500,Europe
2026-03-07 04:32:23,/products,DELETE,685,200,Asia
2026-01-21 10:13:59,/profile,DELETE,458,200,Asia
2026-03-12 21:43:06,/payment,PUT,364,200,US-East
2026-01-25 17:34:48,/search,GET,1190,200,Asia
2026-01-09 02:21:03,/orders,DELETE,1039,200,US-East
2026-01-24 20:32:03,/products,GET,1156,200,Asia
2026-01-02 23:50:15,/register,GET,472,200,Europe
2026-01-17 21:22:25,/profile,PUT,1079,500,Europe
2026-01-23 00:30:31,/products,GET,174,200,Asia
2026-03-11 22:23:52,/products,GET,222,500,US-East
2026-01-30 14:18:22,/login,PUT,1090,404,Europe
2026-01-23 20:04:10,/search,DELETE,913,200,US-East
2026-02-16 04:13:22,/register,POST,546,500,Asia
2026-02-21 15:04:52,/login,POST,502,200,Asia
2026-03-13 00:47:21,/search,POST,1069,500,US-East
2026-02-02 00:52:15,/payment,GET,361,200,Asia
2026-01-16 10:15:19,/payment,PUT,542,200,US-East
2026-02-02 05:30:57,/register,POST,56,200,Europe
2026-03-02 13:07:57,/register,POST,748,200,Asia
2026-02-01 12:03:55,/payment,POST,614,500,Asia
2026-02-14 14:52:29,/payment,PUT,272,500,Asia
2026-01-04 06:23:06,/profile,DELETE,1070,500,Europe
2026-01-21 17:26:29,/profile,PUT,134,200,US-East
2026-01-01 15:39:53,/profile,DELETE,522,200,Europe
2026-03-07 20:01:34,/products,DELETE,552,200,US-East
2026-02-28 00:15:54,/payment,DELETE,307,200,US-East
2026-01-01 20:31:19,/profile,PUT,1086,200,Asia
2026-02-05 04:07:18,/login,POST,640,200,Asia
2026-02-18 19:00:37,/orders,PUT,672,404,Asia
2026-01-04 02:36:30,/products,PUT,743,200,Asia
2026-02-27 16:53:28,/register,DELETE,989,200,Asia
2026-03-10 09:29:32,/products,GET,70,200,Asia
2026-02-09 18:24:26,/profile,DELETE,310,200,US-East
2026-01-08 22:46:45,/payment,POST,430,200,Asia
2026-03-12 04:05:59,/payment,POST,413,200,Asia
2026-01-28 19:44:06,/products,DELETE,782,200,Europe
2026-02-04 08:44:45,/payment,PUT,118,200,US-East
2026-01-16 12:09:27,/products,POST,550,500,Europe
2026-01-17 06:59:57,/register,POST,458,200,Europe
2026-03-09 07:37:40,/profile,POST,520,200,Europe
2026-03-02 09:21:56,/login,POST,940,200,Europe
2026-02-07 11:28:42,/orders,DELETE,1023,200,Asia
2026-02-28 23:40:39,/search,DELETE,1001,200,Asia
2026-02-04 21:13:20,/search,GET,602,200,Asia
2026-03-02 04:18:56,/search,POST,902,200,Europe
2026-03-01 16:43:43,/orders,GET,1133,200,Asia
2026-03-14 10:00:28,/login,PUT,611,200,US-East
2026-02-15 04:46:34,/payment,DELETE,1078,200,Europe
2026-02-15 19:04:36,/payment,PUT,526,200,Europe
2026-01-23 06:57:06,/products,PUT,377,200,Europe
2026-01-20 12:34:51,/orders,POST,522,500,US-East
2026-02-26 23:49:08,/payment,POST,730,200,US-East
2026-03-09 19:53:55,/orders,PUT,1193,200,Asia
2026-01-22 12:46:36,/orders,PUT,475,404,Asia
2026-01-24 19:35:16,/payment,PUT,56,500,Asia
2026-01-09 19:27:33,/search,POST,658,500,Europe
2026-02-27 21:47:16,/register,PUT,305,200,Europe
2026-01-02 14:47:28,/search,DELETE,66,200,Asia
2026-03-09 15:13:36,/search,POST,512,500,Asia
2026-02-02 06:29:29,/orders,POST,761,200,US-East
2026-01-06 23:44:53,/login,PUT,538,500,US-East
2026-02-05 17:33:52,/login,PUT,484,200,US-East
2026-01-06 19:27:49,/orders,POST,208,200,Europe
2026-01-06 11:21:45,/orders,POST,113,200,Asia
2026-01-18 18:08:56,/login,POST,821,500,US-East
2026-01-03 10:26:51,/products,GET,985,200,Asia
2026-01-26 15:09:33,/register,DELETE,1094,200,Asia
2026-01-23 15:31:52,/profile,POST,926,200,Asia
2026-03-10 00:54:18,/payment,GET,95,200,US-East
2026-03-04 05:12:40,/orders,GET,64,200,Asia
2026-02-20 04:11:05,/profile,DELETE,1041,404,Europe
2026-02-04 06:07:07,/search,DELETE,388,500,US-East
2026-02-01 18:27:11,/orders,PUT,219,404,Asia
2026-03-12 02:52:13,/profile,GET,1169,200,US-East
2026-02-09 15:45:21,/profile,PUT,767,200,US-East
2026-02-15 22:33:06,/profile,PUT,1125,200,US-East
2026-01-22 12:39:42,/payment,POST,413,200,Europe
2026-01-07 11:23:50,/login,GET,954,200,Asia
2026-01-02 04:43:02,/login,GET,878,404,Asia
2026-02-18 06:40:38,/payment,POST,909,404,US-East
2026-01-09 17:01:55,/register,GET,962,200,US-East
2026-01-23 07:48:51,/payment,DELETE,177,404,Asia
2026-02-08 20:01:38,/profile,DELETE,669,200,Europe
2026-03-07 13:33:26,/search,PUT,642,200,Asia
2026-02-09 07:32:22,/search,POST,1116,500,US-East
2026-02-25 00:13:37,/orders,POST,519,200,US-East
2026-03-16 19:56:58,/register,POST,853,404,Asia
2026-01-24 14:11:30,/payment,DELETE,443,200,Asia
2026-03-14 18:42:56,/search,POST,454,200,Europe
2026-03-10 03:26:22,/search,GET,900,200,Europe
2026-02-09 14:20:23,/orders,GET,459,200,Europe
2026-01-08 18:06:50,/login,PUT,591,200,US-East
2026-03-13 01:06:39,/payment,POST,646,404,US-East
2026-01-04 03:39:58,/orders,PUT,236,200,US-East
2026-02-25 01:42:43,/register,PUT,927,200,Europe
2026-02-16 11:49:26,/register,POST,133,200,Europe
2026-01-25 05:39:08,/payment,POST,457,200,Europe
2026-03-09 15:51:33,/register,PUT,538,200,US-East
2026-03-16 07:59:59,/profile,GET,1187,404,US-East
2026-03-01 10:26:05,/payment,GET,857,404,Europe
2026-01-15 20:18:51,/login,GET,270,200,US-East
2026-01-06 22:29:16,/register,GET,1039,404,Asia
2026-01-10 15:04:07,/login,DELETE,369,200,US-East
2026-01-20 05:38:07,/search,DELETE,189,200,Europe
2026-02-12 19:26:22,/login,DELETE,352,200,Europe
2026-01-28 06:13:47,/register,POST,177,200,US-East
2026-01-27 12:42:03,/profile,DELETE,202,200,Europe
2026-01-12 11:48:18,/register,POST,1135,404,Europe
2026-02-07 06:40:34,/search,DELETE,963,500,Asia
2026-01-24 02:30:19,/payment,GET,752,200,US-East
2026-03-10 19:06:12,/products,PUT,736,200,Asia
2026-01-30 15:15:11,/orders,DELETE,1011,200,US-East
2026-03-05 09:41:26,/search,DELETE,710,200,US-East
2026-02-03 20:06:49,/orders,POST,1109,500,Asia
2026-02-27 14:46:37,/register,DELETE,1016,200,Europe
2026-01-11 03:33:13,/register,GET,1027,200,Europe
2026-03-08 01:33:30,/products,GET,836,200,Asia
2026-03-14 06:17:07,/search,POST,972,200,US-East
2026-01-15 01:50:34,/search,PUT,705,404,US-East
2026-03-04 16:20:34,/register,PUT,783,200,US-East
2026-01-13 14:15:46,/orders,POST,158,200,Europe
2026-03-04 11:58:35,/payment,DELETE,648,200,US-East
2026-02-22 00:23:39,/orders,GET,740,200,Europe
2026-01-08 12:04:35,/search,DELETE,312,200,Asia
2026-03-05 07:18:07,/payment,GET,674,200,Europe
2026-01-24 19:32:39,/profile,POST,547,404,Europe
2026-01-07 12:54:25,/orders,DELETE,392,500,Asia
2026-03-05 09:49:21,/register,DELETE,880,500,US-East
2026-01-15 10:37:58,/products,PUT,578,404,Asia
2026-02-24 01:27:48,/profile,GET,303,200,Asia
2026-02-04 09:51:51,/orders,POST,667,500,Europe
2026-02-07 06:11:58,/profile,POST,474,200,Asia
2026-02-07 18:55:52,/profile,GET,745,404,US-East
2026-02-12 08:56:39,/login,DELETE,667,200,Asia
2026-02-05 10:05:23,/login,PUT,995,404,Europe
2026-01-22 23:34:45,/search,DELETE,422,200,US-East
2026-03-10 23:32:37,/search,POST,155,404,Asia
2026-02-09 17:59:00,/login,DELETE,1119,404,US-East
2026-01-18 00:49:14,/profile,POST,501,200,Europe
2026-01-03 01:08:18,/search,PUT,786,200,US-East
2026-01-23 01:24:39,/login,DELETE,273,200,Asia
2026-01-12 21:11:14,/search,PUT,151,200,US-East
2026-03-09 07:59:15,/payment,GET,794,200,Europe
2026-03-09 07:45:58,/products,DELETE,626,200,Europe
2026-02-15 14:44:42,/products,GET,107,500,Europe
2026-03-08 18:04:56,/login,DELETE,888,200,US-East
2026-01-03 06:14:02,/orders,PUT,354,200,US-East
2026-01-26 09:38:46,/orders,POST,1015,200,Asia
2026-01-12 01:15:48,/login,GET,958,200,US-East
2026-02-02 00:16:47,/register,POST,1086,500,Asia
2026-03-14 17:36:42,/register,PUT,158,200,US-East
2026-02-11 18:32:09,/orders,PUT,1146,200,Asia
2026-02-21 10:28:09,/profile,GET,965,200,US-East
2026-03-13 16:48:54,/login,GET,301,200,Europe
2026-03-16 21:03:00,/products,POST,1100,200,Europe
2026-01-06 14:06:59,/profile,POST,680,404,US-East
2026-03-02 16:55:31,/search,POST,789,200,Asia
2026-02-20 23:27:18,/login,DELETE,841,500,Europe
2026-02-11 23:52:02,/products,DELETE,740,200,US-East
2026-02-04 03:04:40,/products,POST,494,200,US-East
2026-03-04 21:31:50,/login,PUT,206,500,US-East
2026-03-01 01:13:23,/login,PUT,1154,200,US-East
2026-03-04 06:17:51,/profile,POST,466,200,US-East
2026-02-26 21:34:31,/search,POST,199,200,Europe
2026-01-30 08:01:09,/orders,PUT,492,200,US-East
2026-03-13 06:42:29,/search,PUT,541,200,Europe
2026-01-13 16:44:45,/login,GET,407,200,Asia
2026-01-22 23:07:57,/search,POST,350,500,Asia
2026-01-26 19:32:20,/search,POST,456,200,Europe
2026-02-07 22:32:57,/register,POST,592,200,US-East
2026-01-19 19:24:06,/profile,POST,566,404,Asia
2026-01-11 13:28:30,/orders,GET,995,500,US-East
2026-03-15 01:03:00,/register,DELETE,1097,200,US-East
2026-02-25 22:56:38,/orders,PUT,682,404,Europe
2026-02-18 14:48:51,/login,PUT,277,404,Asia
2026-02-02 23:45:28,/payment,PUT,102,200,US-East
2026-01-07 06:37:15,/profile,POST,653,200,Asia
2026-03-05 21:09:36,/profile,DELETE,711,200,US-East
2026-01-10 02:13:01,/register,POST,546,200,Asia
2026-01-18 19:28:47,/login,POST,296,200,Europe
2026-03-14 03:16:20,/search,PUT,622,200,US-East
2026-02-22 15:09:57,/profile,POST,485,200,Europe
2026-01-17 13:39:28,/orders,POST,1050,200,US-East
2026-01-29 16:40:59,/profile,GET,899,200,Europe
2026-02-16 20:29:41,/register,DELETE,909,200,US-East
2026-03-06 12:42:11,/login,PUT,709,500,Asia
2026-02-20 20:50:51,/orders,DELETE,148,500,Asia
2026-03-07 03:29:51,/payment,POST,1079,500,US-East
2026-01-22 01:18:04,/payment,DELETE,485,500,US-East
2026-01-04 12:54:40,/orders,DELETE,1082,500,Europe
2026-02-15 04:51:23,/payment,PUT,297,200,Europe
2026-02-13 00:48:24,/products,DELETE,280,200,Asia
2026-01-21 11:18:22,/profile,DELETE,804,200,Asia
2026-03-06 00:20:34,/orders,DELETE,330,404,US-East
2026-01-22 05:22:13,/login,PUT,909,404,Asia
2026-02-23 23:37:56,/profile,DELETE,710,200,Europe
2026-01-14 00:46:47,/search,DELETE,96,500,Asia
2026-01-15 03:07:42,/payment,GET,719,200,US-East
2026-01-24 13:36:27,/login,DELETE,536,200,Asia
2026-02-03 04:16:37,/orders,POST,481,500,Europe
2026-03-12 12:34:31,/register,PUT,912,200,Asia
2026-01-03 14:00:31,/orders,DELETE,318,404,US-East
2026-02-11 20:11:05,/products,DELETE,1128,404,US-East
2026-02-13 19:56:38,/orders,DELETE,600,404,Europe
2026-02-13 16:46:03,/payment,POST,343,500,Asia
2026-01-11 17:27:49,/register,GET,124,200,Europe
2026-02-23 14:21:44,/search,DELETE,740,200,Asia
2026-03-09 13:38:35,/profile,GET,296,500,Europe
2026-01-14 14:47:05,/orders,POST,311,404,Europe
2026-02-17 20:13:07,/profile,PUT,388,200,Europe
2026-03-11 18:00:55,/search,DELETE,585,200,Europe
2026-01-17 14:54:25,/login,DELETE,310,500,Asia
2026-02-03 08:43:10,/payment,PUT,93,200,Asia
2026-02-19 00:23:34,/profile,DELETE,159,200,Asia
2026-02-26 14:20:04,/payment,DELETE,905,200,US-East
2026-02-21 13:39:18,/register,PUT,503,200,Europe
2026-03-15 06:54:29,/login,PUT,59,200,Asia
2026-03-05 18:04:09,/orders,GET,959,200,Europe
2026-01-06 18:17:24,/profile,PUT,967,200,US-East
2026-03-14 14:44:44,/register,PUT,1068,200,Asia
2026-01-10 06:50:22,/login,GET,896,200,US-East
2026-02-20 05:02:47,/profile,GET,1135,200,Europe
2026-02-21 08:45:32,/register,PUT,1181,500,Asia
2026-01-06 17:46:52,/login,DELETE,971,404,Europe
2026-03-06 01:49:47,/products,DELETE,859,200,Asia
2026-01-24 19:17:09,/orders,DELETE,64,200,Asia
2026-02-24 17:51:25,/search,POST,1003,200,Europe
2026-01-04 00:58:33,/login,POST,514,500,Europe
2026-02-24 14:03:33,/payment,PUT,925,500,US-East
2026-03-09 06:25:30,/login,GET,361,404,Europe
2026-02-27 17:15:21,/login,POST,865,200,Europe
2026-03-11 10:08:17,/products,GET,868,200,US-East
2026-01-20 21:29:17,/products,DELETE,617,404,US-East
2026-03-15 18:56:13,/login,PUT,833,200,Asia
2026-02-26 21:11:06,/profile,GET,233,200,Europe
2026-01-11 22:10:28,/orders,GET,1084,404,Asia
2026-01-31 20:28:57,/search,POST,267,200,Europe
2026-02-27 23:16:07,/login,POST,1117,200,US-East
2026-01-21 20:47:29,/profile,POST,787,200,US-East
2026-01-31 22:17:21,/search,PUT,802,200,Europe
2026-01-18 13:20:59,/payment,POST,647,500,Europe
2026-02-06 13:14:28,/search,POST,883,500,Europe
2026-01-23 20:08:58,/register,DELETE,739,200,Europe
2026-02-25 22:32:49,/profile,GET,553,200,US-East
2026-02-25 00:47:44,/products,GET,759,200,US-East
2026-01-02 16:03:07,/search,GET,472,200,US-East
2026-02-21 07:25:53,/profile,POST,458,200,Asia
2026-03-09 06:18:54,/payment,PUT,201,404,Asia
2026-01-25 07:40:13,/products,PUT,1028,200,Europe
2026-01-08 16:45:47,/login,PUT,217,200,Europe
2026-03-13 15:45:23,/products,DELETE,99,200,US-East
2026-01-12 12:18:17,/search,GET,366,404,Asia
2026-02-06 09:39:44,/products,PUT,473,404,US-East
2026-01-27 14:25:31,/login,DELETE,802,404,US-East
2026-03-06 13:24:38,/register,PUT,966,200,Asia
2026-01-24 13:15:51,/products,GET,934,404,US-East
2026-01-25 09:33:21,/search,POST,201,200,Europe
2026-03-10 00:24:26,/profile,GET,951,500,Europe
2026-03-04 18:10:06,/payment,DELETE,344,200,US-East
2026-02-05 15:20:45,/profile,PUT,243,404,Asia
2026-02-06 21:08:48,/register,DELETE,849,200,US-East
2026-03-11 12:08:43,/register,DELETE,472,500,US-East
2026-02-08 00:19:51,/orders,PUT,892,200,Asia
2026-02-05 12:46:52,/register,DELETE,925,404,US-East
2026-02-05 14:26:58,/orders,DELETE,982,200,Europe
2026-01-13 08:14:11,/search,PUT,783,200,Europe
2026-02-01 15:47:34,/register,GET,120,200,US-East
2026-01-05 19:05:20,/login,DELETE,1008,404,US-East
2026-03-05 07:16:02,/orders,POST,778,500,US-East
2026-01-04 02:52:27,/search,DELETE,387,404,Asia
2026-02-21 22:24:19,/products,DELETE,133,500,Asia
2026-02-05 14:49:15,/orders,DELETE,730,200,US-East
2026-02-09 08:25:13,/orders,DELETE,190,200,Europe
2026-01-24 04:07:48,/products,POST,123,200,Europe
2026-01-24 16:17:03,/register,POST,266,404,Europe
2026-03-09 10:27:15,/orders,PUT,805,404,Europe
2026-01-28 10:31:08,/search,PUT,206,200,Europe
2026-01-14 00:00:17,/payment,PUT,566,200,Europe
2026-01-17 12:51:07,/register,DELETE,172,200,Asia
2026-01-27 04:27:27,/register,PUT,977,200,Europe
2026-02-20 00:26:00,/register,DELETE,687,200,US-East
2026-01-06 20:35:51,/login,PUT,238,500,US-East
2026-02-12 02:12:45,/orders,PUT,574,404,Europe
2026-01-27 16:37:59,/search,POST,599,404,US-East
2026-02-27 23:10:30,/orders,DELETE,595,500,Europe
2026-01-02 03:21:03,/register,DELETE,887,404,US-East
2026-02-18 11:13:21,/profile,PUT,267,200,Asia
2026-01-02 03:25:12,/profile,GET,1020,200,Asia
2026-02-15 00:52:25,/orders,GET,970,200,Asia
2026-03-11 03:25:19,/search,PUT,288,200,US-East
2026-02-21 16:46:32,/payment,DELETE,325,200,US-East
2026-02-09 09:12:55,/payment,GET,94,200,Europe
2026-01-05 11:21:25,/payment,DELETE,1145,404,US-East
2026-02-26 12:18:44,/register,GET,361,500,Asia
2026-02-02 10:39:13,/register,PUT,222,200,Asia
2026-03-10 11:16:20,/orders,DELETE,808,404,Europe
2026-03-08 03:18:52,/register,PUT,676,200,Asia
2026-02-01 02:20:01,/register,PUT,595,200,Asia
2026-02-07 23:27:35,/orders,POST,161,200,Asia
2026-03-14 09:08:19,/search,DELETE,418,200,Europe
2026-02-21 21:38:09,/search,PUT,233,500,Asia
2026-01-06 20:22:23,/products,POST,617,200,Europe
2026-01-19 08:04:35,/search,DELETE,411,200,US-East
2026-03-10 05:48:08,/payment,DELETE,339,404,US-East
2026-01-14 10:40:22,/products,GET,414,200,Asia
2026-01-10 23:50:59,/login,POST,759,200,Europe
2026-03-01 09:26:16,/register,DELETE,956,404,Europe
2026-03-07 11:12:20,/register,GET,769,404,Asia
2026-01-16 10:20:03,/login,POST,776,200,Europe
2026-02-26 14:18:37,/orders,DELETE,1040,500,Europe
2026-02-25 06:56:01,/login,POST,959,200,US-East
2026-02-20 12:37:54,/register,DELETE,355,500,Asia
2026-02-18 08:14:09,/orders,DELETE,374,200,Asia
2026-02-27 22:51:12,/products,DELETE,256,200,Europe
2026-02-15 05:45:46,/orders,GET,259,200,Asia
2026-01-30 19:06:47,/register,POST,586,404,Europe
2026-02-21 10:43:22,/login,POST,55,200,Asia
2026-03-09 21:06:36,/payment,POST,307,200,Europe
2026-01-16 01:51:33,/login,GET,1006,200,Asia
2026-02-20 23:37:49,/search,DELETE,132,500,US-East
2026-01-03 01:05:36,/register,GET,516,200,Asia
2026-02-09 12:19:50,/profile,PUT,1031,200,Asia
2026-01-04 04:58:15,/orders,PUT,239,404,Asia
2026-02-06 15:29:33,/search,GET,1030,500,Asia
2026-02-23 05:06:53,/payment,PUT,877,200,Asia
2026-03-03 00:13:52,/login,POST,855,200,Asia
2026-01-27 13:50:56,/register,PUT,773,200,Asia
2026-03-12 12:02:13,/login,PUT,350,200,US-East
2026-03-02 22:42:08,/register,POST,332,200,Asia
2026-01-03 12:14:59,/payment,POST,465,404,Asia
2026-01-02 00:41:19,/login,GET,424,200,Asia
2026-01-21 08:40:12,/payment,POST,1111,200,US-East
2026-02-07 10:46:07,/products,GET,591,200,US-East
2026-01-12 13:55:23,/login,DELETE,774,200,Europe
2026-03-04 16:57:53,/search,PUT,355,500,Asia
2026-02-02 00:38:07,/profile,PUT,936,200,Asia
2026-01-03 13:07:52,/search,DELETE,351,200,Asia
2026-01-03 04:32:50,/register,GET,155,200,Asia
2026-03-10 07:18:00,/login,PUT,752,200,Asia
2026-03-09 16:11:37,/register,GET,777,404,US-East
2026-03-16 15:33:21,/profile,DELETE,1134,200,Asia
2026-01-28 18:57:05,/profile,PUT,799,500,US-East
2026-01-05 00:33:15,/login,POST,329,200,Europe
2026-03-16 12:48:35,/products,DELETE,558,500,Europe
2026-01-07 22:16:28,/login,GET,637,404,Europe
2026-01-20 15:36:16,/register,GET,427,200,Asia
2026-02-18 11:03:44,/register,GET,287,200,US-East
2026-01-01 03:55:18,/search,POST,433,500,Asia
2026-02-11 19:25:45,/payment,POST,857,200,Asia
2026-01-25 07:01:01,/products,DELETE,971,200,Asia
2026-02-03 07:28:20,/payment,DELETE,1184,200,Europe
2026-01-27 11:24:47,/search,PUT,307,200,Asia
2026-02-08 01:05:12,/login,DELETE,629,200,Europe
2026-01-10 02:11:50,/search,DELETE,926,200,Europe
2026-03-02 10:08:43,/register,GET,940,200,Asia
2026-03-09 10:41:23,/payment,GET,204,200,US-East
2026-02-03 21:07:36,/search,POST,1081,404,Asia
2026-02-27 17:18:46,/payment,GET,58,200,Europe
2026-02-06 00:16:15,/payment,DELETE,124,200,Asia
2026-03-05 10:51:11,/login,PUT,458,500,US-East
2026-02-09 06:45:27,/products,DELETE,640,200,Asia
2026-01-11 19:52:34,/orders,DELETE,412,200,Europe
2026-01-12 19:17:03,/search,PUT,1156,500,Asia
2026-02-23 18:59:19,/search,PUT,988,404,US-East
2026-01-22 17:42:27,/payment,POST,1128,404,Europe
2026-03-14 07:21:13,/products,POST,335,500,Asia
2026-01-28 23:10:40,/register,POST,820,200,US-East
2026-01-09 17:47:40,/orders,DELETE,704,200,Asia
2026-01-09 08:40:43,/register,POST,666,200,Europe
2026-01-17 12:37:23,/profile,POST,302,404,US-East
2026-01-22 07:09:35,/register,DELETE,1162,200,US-East
2026-03-11 05:53:15,/register,DELETE,496,200,Asia
2026-02-07 01:02:41,/register,GET,136,500,Asia
2026-03-10 16:31:13,/search,GET,899,200,Asia
2026-02-17 01:56:51,/profile,DELETE,300,200,US-East
2026-01-06 01:49:11,/products,GET,121,200,US-East
2026-01-17 19:00:47,/login,GET,1085,500,Asia
2026-01-18 15:27:14,/profile,GET,924,200,US-East
2026-01-15 05:40:03,/products,GET,700,200,US-East
2026-02-20 12:59:28,/register,GET,588,200,Europe
2026-01-07 13:14:44,/profile,PUT,406,500,Europe
2026-03-03 02:01:57,/search,POST,77,200,Europe
2026-03-10 13:52:31,/payment,DELETE,829,200,US-East
2026-03-16 15:09:01,/profile,PUT,454,200,Asia
2026-03-15 08:35:48,/login,PUT,1007,200,US-East
2026-01-28 16:31:08,/products,POST,166,500,Asia
2026-03-07 12:54:19,/login,GET,801,200,Europe
2026-01-02 02:21:26,/products,POST,442,404,Europe
2026-01-21 08:37:07,/search,GET,1029,200,Asia
2026-02-17 03:51:48,/register,POST,1045,200,US-East
2026-02-12 14:31:29,/payment,DELETE,640,500,Asia
2026-02-17 14:13:38,/profile,DELETE,377,200,US-East
2026-01-07 10:19:33,/search,POST,1189,500,US-East
2026-03-14 07:47:34,/products,GET,1126,404,Asia
2026-01-22 22:17:24,/login,PUT,391,500,Europe
2026-02-25 22:57:53,/products,POST,570,404,Europe
2026-01-07 11:33:42,/payment,POST,633,200,Asia
2026-01-02 00:31:57,/orders,DELETE,687,200,Asia
2026-01-27 18:33:35,/orders,PUT,870,200,US-East
2026-02-06 15:48:25,/search,DELETE,460,200,US-East
2026-01-16 22:26:32,/payment,POST,268,200,Asia
2026-01-07 12:10:59,/orders,PUT,1155,200,Europe
2026-01-23 09:42:03,/payment,GET,694,200,Asia
2026-03-06 03:53:48,/search,PUT,642,200,Europe
2026-02-16 05:00:34,/register,PUT,214,500,Asia
2026-01-29 23:10:33,/login,PUT,1163,200,US-East
2026-01-14 06:41:25,/orders,POST,956,200,Asia
2026-01-26 04:57:50,/orders,GET,147,500,Asia
2026-01-20 14:08:55,/payment,POST,238,200,Europe
2026-03-10 21:41:36,/login,DELETE,1050,500,US-East
2026-02-18 02:44:06,/products,PUT,360,200,Europe
2026-02-28 08:37:44,/payment,POST,1086,200,US-East
2026-01-18 05:23:09,/payment,DELETE,693,200,Europe
2026-01-17 21:00:41,/profile,POST,1098,200,Asia
2026-01-05 08:15:59,/register,POST,182,200,Asia
2026-01-09 17:54:39,/products,GET,1132,404,US-East
2026-01-28 13:44:40,/search,GET,108,500,Europe
2026-02-15 15:57:07,/products,POST,478,200,Europe
2026-03-16 11:07:59,/orders,PUT,929,200,Asia
2026-01-20 18:43:38,/profile,PUT,122,200,Europe
2026-01-28 20:36:55,/register,PUT,702,200,Europe
2026-01-18 02:39:39,/login,GET,285,404,Europe
2026-01-27 18:10:10,/search,PUT,458,200,Asia
2026-01-14 01:08:04,/search,PUT,658,200,Asia
2026-02-27 12:11:59,/payment,DELETE,291,200,Asia
2026-01-20 06:34:03,/orders,DELETE,162,200,Europe
2026-02-09 17:48:26,/orders,POST,196,200,US-East
2026-01-23 06:55:08,/login,POST,514,500,US-East
2026-01-06 01:00:40,/products,DELETE,717,200,Asia
2026-01-13 22:38:13,/register,POST,250,500,US-East
2026-01-20 22:08:21,/profile,POST,1185,200,US-East
2026-01-28 21:29:32,/orders,DELETE,929,200,US-East
2026-01-18 06:26:20,/login,POST,128,500,Europe
2026-03-04 05:31:41,/search,PUT,103,200,Europe
2026-02-28 13:27:31,/orders,DELETE,858,200,Europe
2026-01-16 18:05:06,/payment,POST,1181,200,Asia
2026-01-09 23:20:27,/products,PUT,393,200,Europe
2026-01-28 13:45:03,/payment,GET,689,200,US-East
2026-02-10 06:45:18,/search,GET,496,200,Europe
2026-02-24 15:06:03,/payment,GET,64,200,Asia
2026-01-26 14:52:28,/search,GET,347,200,Asia
2026-02-17 02:53:35,/register,POST,1107,200,Europe
2026-02-19 07:04:55,/payment,POST,898,200,Europe
2026-02-01 02:51:39,/payment,GET,155,200,Europe
2026-01-04 11:14:31,/login,GET,451,200,Europe
2026-02-02 20:19:45,/orders,GET,123,200,Europe
2026-01-04 19:07:28,/orders,PUT,1114,404,US-East
2026-01-12 11:25:51,/login,POST,1153,200,Asia
2026-03-02 15:21:24,/search,DELETE,1130,200,US-East
2026-01-20 13:04:18,/payment,GET,710,200,Europe
2026-01-23 14:33:02,/payment,DELETE,789,500,Europe
2026-02-20 11:48:54,/orders,POST,448,200,Asia
2026-03-05 22:19:38,/products,PUT,1166,200,Europe
2026-01-01 03:37:34,/login,POST,340,404,Europe
2026-01-09 03:47:19,/orders,POST,983,404,Asia
2026-01-08 14:41:45,/search,DELETE,1057,500,Asia
2026-01-12 08:15:26,/search,GET,320,200,Asia
2026-03-08 18:19:54,/payment,POST,523,200,US-East
2026-03-14 09:36:00,/products,POST,1035,404,Europe
2026-02-03 02:54:38,/search,POST,1109,200,US-East
2026-02-05 13:14:51,/payment,GET,961,200,Asia
2026-01-26 21:54:49,/register,POST,939,404,US-East
2026-02-11 22:57:01,/login,GET,627,200,Europe
2026-03-12 20:30:15,/profile,DELETE,1088,200,Europe
2026-03-07 04:23:17,/register,DELETE,97,200,Europe
2026-03-16 16:16:52,/profile,POST,293,404,US-East
2026-02-12 19:47:06,/profile,PUT,193,200,US-East
2026-01-12 07:41:17,/profile,GET,119,200,Asia
2026-01-22 14:52:12,/payment,POST,243,404,Asia
2026-01-23 00:42:48,/profile,POST,788,404,US-East
2026-03-15 11:59:37,/search,DELETE,494,200,Europe
2026-01-30 08:30:38,/products,PUT,821,200,Europe
2026-02-21 03:20:05,/login,GET,658,500,US-East
2026-01-23 06:05:50,/orders,POST,667,200,US-East
2026-02-17 23:41:39,/search,GET,978,200,Asia
2026-01-21 13:33:24,/login,POST,967,500,US-East
2026-01-16 20:37:49,/products,GET,363,404,US-East
2026-03-14 18:41:36,/search,PUT,287,500,US-East
2026-01-01 04:48:26,/search,DELETE,101,404,Asia
2026-02-10 16:19:22,/register,DELETE,757,404,Europe
2026-03-02 11:25:29,/payment,GET,182,200,US-East
2026-03-08 20:24:58,/login,GET,113,200,US-East
2026-01-07 00:24:47,/orders,DELETE,459,200,US-East
2026-02-23 20:31:13,/search,DELETE,1143,200,US-East
2026-03-04 12:46:00,/login,DELETE,1067,200,US-East
2026-01-27 22:22:42,/orders,GET,845,404,Europe
2026-01-16 14:34:39,/search,POST,442,200,Europe
2026-01-04 23:48:15,/orders,POST,333,404,Europe
2026-01-25 02:20:23,/orders,DELETE,284,200,Europe
2026-01-27 17:20:11,/payment,POST,860,404,Asia
2026-03-01 04:04:12,/login,GET,571,200,Europe
2026-01-14 19:29:09,/login,PUT,172,404,Europe
2026-01-15 06:59:45,/login,GET,1030,200,Asia
2026-03-12 15:29:25,/register,DELETE,146,200,Asia
2026-01-22 10:46:29,/profile,POST,627,200,Asia
2026-03-14 06:49:26,/register,DELETE,849,200,Europe
2026-01-25 04:32:04,/products,PUT,1103,200,Asia
2026-01-17 20:48:23,/profile,PUT,843,500,Asia
2026-03-11 14:42:24,/search,POST,932,404,Asia
2026-01-21 08:02:41,/payment,DELETE,280,200,Asia
2026-01-09 23:19:51,/search,DELETE,441,404,Asia
2026-02-05 02:38:27,/orders,DELETE,479,200,US-East
2026-02-20 17:15:05,/search,DELETE,586,200,Europe
2026-02-16 00:57:16,/register,GET,635,200,Europe
2026-01-03 15:54:20,/register,POST,817,200,Europe
2026-03-12 23:24:51,/search,GET,356,200,US-East
2026-02-14 01:39:05,/profile,POST,879,200,Europe
2026-01-16 15:41:43,/register,POST,440,200,Europe
2026-03-07 16:53:28,/payment,GET,301,404,US-East
2026-02-05 16:50:50,/search,POST,668,200,US-East
2026-02-04 00:28:12,/products,GET,856,200,Asia
2026-02-14 01:29:48,/register,PUT,1095,200,US-East
2026-02-10 19:04:43,/orders,PUT,571,500,Europe
2026-01-16 02:55:34,/register,PUT,359,200,Asia
2026-03-12 06:23:34,/products,PUT,540,200,Europe
2026-02-18 04:02:26,/profile,GET,634,500,Asia
2026-01-09 05:48:22,/login,DELETE,891,404,Europe
2026-01-10 07:54:31,/payment,POST,491,200,Asia
2026-01-16 12:35:32,/search,GET,915,200,Europe
2026-01-19 18:05:36,/register,POST,563,200,Europe
2026-02-20 13:49:54,/profile,GET,956,404,Europe
2026-02-10 19:47:41,/orders,PUT,746,200,Europe
2026-01-15 03:56:51,/register,GET,319,500,Europe
2026-02-27 05:46:47,/login,PUT,970,200,US-East
2026-01-16 15:17:52,/login,DELETE,1008,200,US-East
2026-01-29 02:49:51,/profile,PUT,940,200,Asia
2026-03-05 18:17:01,/profile,DELETE,456,200,Asia
2026-02-28 13:44:35,/products,PUT,427,200,Europe
2026-01-31 02:05:27,/profile,PUT,333,200,Europe
2026-02-15 10:11:23,/payment,DELETE,214,200,US-East
2026-02-03 06:13:22,/payment,POST,913,200,US-East
2026-01-22 02:45:59,/search,GET,972,200,US-East
2026-03-01 10:44:25,/login,PUT,1107,200,Europe
2026-03-06 13:44:20,/register,POST,922,200,Asia
2026-01-16 08:37:31,/login,POST,876,500,Europe
2026-01-09 10:36:26,/register,PUT,398,200,US-East
2026-03-07 11:01:13,/orders,GET,446,404,US-East
2026-01-13 18:13:31,/search,PUT,877,200,Asia
2026-01-06 02:04:07,/login,DELETE,986,500,Asia
2026-02-17 04:12:44,/search,PUT,929,200,Asia
2026-03-03 11:56:48,/payment,POST,419,200,Asia
2026-03-06 03:32:01,/login,DELETE,911,200,US-East
2026-02-20 20:17:57,/payment,DELETE,398,200,US-East
2026-02-22 03:31:23,/register,DELETE,224,200,Europe
2026-01-14 03:35:45,/register,PUT,678,200,US-East
2026-02-24 07:34:21,/orders,POST,627,200,Asia
2026-02-19 00:42:28,/search,DELETE,647,200,Europe
2026-03-04 12:19:44,/search,PUT,183,200,Asia
2026-03-16 10:32:54,/search,DELETE,1049,404,Asia
2026-03-12 18:45:23,/profile,GET,823,500,US-East
2026-02-27 01:42:13,/register,PUT,1055,200,Europe
2026-01-02 03:21:07,/register,POST,585,404,US-East
2026-01-21 13:40:02,/profile,DELETE,741,200,Asia
2026-02-19 16:46:07,/register,DELETE,153,404,Asia
2026-01-27 05:27:21,/register,DELETE,1148,200,Europe
2026-02-08 07:36:26,/search,GET,157,200,Europe
2026-01-02 02:35:01,/payment,POST,924,404,Europe
2026-02-23 00:43:55,/register,GET,1178,200,Asia
2026-03-01 03:42:44,/profile,POST,721,200,US-East
2026-01-06 10:05:14,/orders,PUT,106,500,Asia
2026-03-07 17:00:09,/payment,POST,556,200,US-East
2026-03-04 21:38:10,/profile,PUT,165,200,Europe
2026-03-03 16:18:54,/orders,DELETE,724,200,US-East
2026-02-02 08:18:55,/login,GET,1041,200,Asia
2026-03-08 04:14:00,/profile,POST,77,200,Asia
2026-01-08 10:12:14,/search,PUT,570,200,US-East
2026-01-31 23:22:47,/payment,DELETE,854,200,Asia
2026-03-13 16:14:59,/register,DELETE,629,200,Europe
2026-03-06 16:18:10,/search,PUT,381,200,Asia
2026-01-25 04:55:05,/login,GET,527,500,Asia
2026-01-10 23:32:11,/profile,DELETE,1155,500,Asia
2026-01-26 22:02:14,/profile,GET,249,200,Europe
2026-01-04 14:57:00,/register,POST,1145,200,US-East
2026-02-26 05:50:34,/search,GET,231,200,Europe
2026-01-10 00:45:14,/products,GET,1124,404,US-East
2026-01-30 05:59:43,/products,DELETE,810,200,Europe
2026-01-02 00:11:50,/search,POST,339,404,Europe
2026-02-04 04:26:24,/search,PUT,1018,200,Asia
2026-02-23 11:34:22,/payment,POST,128,200,Europe
2026-01-06 04:28:50,/profile,GET,777,500,US-East
2026-02-12 13:34:18,/orders,POST,1041,200,Europe
2026-02-23 23:46:29,/login,POST,796,200,Asia
2026-02-10 12:13:26,/search,GET,826,404,Europe
2026-03-04 14:55:27,/search,POST,57,500,Asia
2026-03-11 09:57:52,/payment,POST,738,200,US-East
2026-01-18 17:09:47,/profile,POST,957,200,Asia
2026-03-10 03:00:50,/profile,PUT,1136,200,US-East
2026-03-04 15:01:17,/payment,GET,457,500,Europe
2026-02-21 23:23:45,/products,DELETE,450,500,US-East
2026-03-06 14:14:35,/register,PUT,1039,200,US-East
2026-02-24 04:09:02,/profile,POST,355,500,Europe
2026-02-08 05:44:58,/search,GET,317,500,Europe
2026-01-31 01:40:12,/search,PUT,88,404,Asia
2026-02-07 13:51:15,/profile,POST,663,200,Europe
2026-03-09 00:44:13,/search,GET,226,500,Asia
2026-02-05 22:56:46,/products,GET,513,500,Asia
2026-01-24 23:48:15,/products,PUT,402,404,Europe
2026-01-08 08:17:39,/register,POST,463,500,US-East
2026-01-14 16:59:17,/register,POST,700,404,US-East
2026-01-21 13:07:29,/search,GET,565,200,Asia
2026-01-16 18:10:08,/products,GET,886,200,US-East
2026-01-01 11:25:56,/payment,DELETE,345,500,US-East
2026-02-09 17:25:36,/products,PUT,560,500,Europe
2026-02-11 22:42:00,/products,PUT,951,200,Europe
2026-02-15 01:53:04,/register,DELETE,616,404,Europe
2026-01-21 21:21:45,/orders,GET,1125,404,Europe
2026-02-17 11:30:37,/orders,PUT,737,500,Europe
2026-01-09 04:18:45,/register,POST,331,200,Europe
2026-01-29 10:14:43,/register,GET,190,200,Europe
2026-02-22 19:31:21,/register,PUT,1073,200,US-East
2026-02-22 01:42:10,/register,POST,936,404,Asia
2026-02-21 05:29:44,/login,GET,1118,200,Europe
2026-02-24 02:37:03,/login,GET,423,500,US-East
2026-01-08 07:26:30,/orders,PUT,331,200,US-East
2026-02-17 23:40:55,/products,POST,676,500,US-East
2026-02-18 13:26:22,/search,GET,265,200,Europe
2026-01-06 00:09:07,/search,DELETE,718,500,US-East
2026-03-11 19:08:54,/register,POST,756,500,Asia
2026-01-05 08:00:28,/products,GET,417,500,Europe
2026-01-28 05:22:18,/payment,DELETE,79,500,Asia
2026-03-05 12:08:44,/orders,PUT,209,200,US-East
2026-01-30 20:15:22,/payment,GET,126,500,US-East
2026-01-31 23:38:15,/search,POST,539,200,Europe
2026-03-15 08:16:34,/profile,PUT,677,200,Europe
2026-01-23 12:41:16,/login,DELETE,645,200,Europe
2026-02-21 22:23:51,/profile,DELETE,464,200,Europe
2026-02-07 08:52:01,/payment,GET,140,200,US-East
2026-03-02 01:11:35,/orders,PUT,615,200,Asia
2026-01-31 23:34:49,/register,PUT,345,200,Asia
2026-03-15 15:22:01,/profile,PUT,62,404,Europe
2026-02-03 14:53:31,/orders,POST,61,200,US-East
2026-01-09 17:27:03,/payment,GET,854,500,Europe
2026-01-14 07:55:14,/profile,GET,700,200,Asia
2026-01-02 04:58:39,/products,GET,1142,200,US-East
2026-03-08 09:19:41,/search,DELETE,275,200,US-East
2026-02-27 10:52:14,/orders,PUT,1079,404,US-East
2026-03-14 21:02:58,/login,POST,195,200,US-East
2026-03-14 14:08:44,/orders,GET,555,200,Europe
2026-02-08 22:41:31,/profile,POST,405,200,US-East
2026-01-26 17:18:52,/login,DELETE,55,200,Asia
2026-01-19 15:08:05,/profile,PUT,1081,500,Europe
2026-02-21 02:04:56,/profile,GET,1094,200,Asia
2026-02-11 11:59:28,/search,PUT,906,200,Europe
2026-03-08 23:10:37,/profile,GET,999,404,US-East
2026-03-03 07:46:48,/payment,GET,982,500,Asia
2026-01-02 12:05:27,/profile,GET,1032,200,Asia
2026-01-04 23:47:00,/register,POST,1057,200,Asia
2026-02-18 15:52:24,/register,GET,59,200,Asia
2026-03-08 04:43:51,/search,POST,863,404,US-East
2026-02-26 08:39:59,/profile,PUT,583,200,US-East
2026-02-20 02:02:58,/payment,GET,373,200,Europe
2026-02-04 20:51:41,/search,GET,581,200,US-East
2026-03-05 03:11:21,/products,GET,907,500,US-East
2026-02-23 19:15:13,/search,POST,556,200,US-East
2026-01-23 21:46:48,/search,GET,616,404,Asia
2026-02-19 17:28:57,/search,GET,649,200,US-East
2026-02-25 11:06:49,/orders,GET,997,500,Asia
2026-02-12 02:52:41,/profile,DELETE,77,404,Europe
2026-02-03 19:01:32,/orders,POST,931,500,US-East
2026-01-27 06:56:26,/search,POST,759,200,US-East
2026-02-10 02:05:17,/search,DELETE,616,200,US-East
2026-02-24 17:36:57,/orders,GET,583,200,US-East
2026-02-01 05:30:44,/search,POST,1188,404,Asia
2026-02-08 19:15:19,/orders,POST,1066,404,US-East
2026-01-03 02:02:56,/orders,PUT,222,404,Europe
2026-03-07 19:29:32,/payment,PUT,832,200,Asia
2026-02-19 03:50:17,/profile,PUT,1176,200,Asia
2026-02-08 16:42:31,/orders,POST,270,200,Europe
2026-02-19 19:58:59,/search,PUT,663,200,US-East
2026-03-04 18:44:09,/profile,PUT,354,200,Asia
2026-02-07 22:01:57,/profile,PUT,484,200,Europe
2026-02-12 02:06:29,/payment,PUT,555,404,Asia
2026-01-21 07:24:07,/profile,POST,650,200,US-East
2026-01-09 16:58:33,/profile,PUT,805,404,Europe
2026-02-18 17:01:41,/login,POST,286,200,US-East
2026-02-18 02:56:12,/profile,GET,331,404,Europe
2026-02-15 23:03:45,/orders,GET,1073,500,Europe
2026-01-06 12:20:20,/profile,DELETE,586,200,US-East
2026-01-13 17:38:56,/orders,PUT,680,200,Asia
2026-01-11 19:48:10,/payment,POST,1133,200,Europe
2026-03-03 17:16:55,/login,PUT,839,200,Europe
2026-03-13 03:47:55,/login,POST,651,200,US-East
2026-01-25 10:47:53,/search,DELETE,901,200,Asia
2026-01-22 06:53:01,/products,POST,221,200,Asia
2026-03-06 12:37:25,/register,PUT,89,200,Asia
2026-01-28 08:14:13,/login,PUT,367,500,Asia
2026-02-21 09:44:57,/payment,GET,177,200,Asia
2026-01-02 11:54:04,/login,GET,917,200,Asia
2026-02-15 04:29:41,/search,DELETE,947,404,US-East
2026-03-07 09:39:55,/search,POST,117,200,Europe
2026-01-25 18:55:52,/profile,POST,672,200,Europe
2026-02-05 11:23:07,/products,POST,458,200,Europe
2026-01-13 17:53:31,/orders,POST,194,500,US-East
2026-01-11 10:17:58,/profile,PUT,1077,500,Asia
2026-01-24 23:01:15,/profile,POST,844,404,Asia
2026-03-07 01:05:33,/orders,PUT,468,404,US-East
2026-01-20 21:22:15,/search,GET,233,404,Asia
2026-01-15 14:14:25,/payment,GET,135,200,US-East
2026-02-14 01:30:02,/register,PUT,162,200,Europe
2026-01-06 11:25:53,/register,PUT,153,200,US-East
2026-03-09 20:12:43,/payment,GET,799,200,Asia
2026-03-16 16:23:41,/orders,PUT,536,404,Asia
2026-01-03 18:37:45,/orders,POST,270,200,Asia
2026-03-14 11:40:47,/products,POST,1133,200,Asia
2026-02-10 07:27:08,/search,DELETE,859,200,Europe
2026-01-21 01:15:16,/products,PUT,620,200,Asia
2026-01-13 08:17:08,/search,GET,381,404,Asia
2026-01-16 04:31:40,/login,POST,973,200,Europe
2026-03-16 05:24:44,/payment,POST,866,500,Asia
2026-03-08 19:05:08,/orders,GET,599,200,Asia
2026-02-25 01:05:55,/profile,GET,179,200,Asia
2026-02-26 23:58:20,/register,GET,319,200,Europe
2026-02-21 00:35:05,/products,DELETE,541,200,Asia
2026-02-20 10:36:30,/payment,DELETE,236,500,Asia
2026-02-25 13:42:53,/profile,PUT,813,500,Asia
2026-02-09 05:31:09,/payment,POST,588,200,US-East
2026-01-23 00:34:48,/profile,POST,1106,200,Asia
2026-02-12 02:28:10,/products,POST,574,200,US-East
2026-02-10 13:25:07,/payment,PUT,481,200,Europe
2026-01-24 06:41:51,/orders,PUT,1105,404,Asia
2026-02-22 14:33:11,/search,GET,495,200,Asia
2026-03-13 00:13:50,/payment,PUT,887,200,Asia
2026-03-04 22:29:51,/login,DELETE,732,200,Europe
2026-01-05 14:26:23,/products,PUT,834,200,US-East
2026-01-06 17:08:08,/orders,DELETE,306,500,Europe
2026-02-23 09:58:44,/products,PUT,837,200,Europe
2026-01-10 05:28:56,/products,DELETE,77,200,US-East
2026-01-18 02:03:16,/products,POST,335,500,Europe
2026-03-10 22:14:35,/register,DELETE,227,200,US-East
2026-01-20 16:45:51,/payment,DELETE,364,404,US-East
2026-01-03 19:46:59,/profile,PUT,424,404,Europe
2026-02-23 00:04:52,/profile,GET,1034,404,US-East
2026-02-02 12:56:35,/search,GET,941,200,Europe
2026-02-13 03:35:00,/login,DELETE,646,200,Asia
2026-02-13 07:07:44,/profile,DELETE,246,200,US-East
2026-02-26 19:14:25,/profile,DELETE,734,200,Europe
2026-01-11 07:31:08,/orders,GET,843,200,Asia
2026-02-18 19:41:14,/login,PUT,385,200,US-East
2026-03-04 17:31:53,/search,POST,218,200,Europe
2026-01-16 19:46:24,/profile,GET,392,200,Asia
2026-02-28 23:43:54,/profile,POST,549,404,Europe
2026-01-14 04:50:41,/profile,GET,70,200,Europe
2026-01-19 23:31:21,/products,GET,1029,500,US-East
2026-02-28 06:04:36,/search,POST,343,200,Asia
2026-01-19 16:29:48,/login,DELETE,608,200,Asia
2026-01-14 05:43:48,/profile,POST,444,200,US-East
2026-03-14 18:05:24,/payment,DELETE,146,200,Europe
2026-01-13 05:55:54,/search,DELETE,1023,200,Europe
2026-02-28 14:30:11,/login,GET,150,200,Europe
2026-02-10 18:31:08,/orders,GET,439,200,Europe
2026-02-23 14:22:50,/payment,GET,569,404,Asia
2026-01-18 01:25:59,/register,POST,664,404,US-East
2026-01-13 14:58:44,/products,POST,1188,200,Asia
2026-01-11 12:30:09,/login,GET,904,200,Asia
2026-03-04 06:16:16,/login,DELETE,262,200,Europe
2026-02-27 02:18:24,/search,POST,836,200,Europe
2026-01-22 06:00:23,/search,DELETE,637,200,US-East
2026-01-25 21:16:28,/search,GET,250,200,US-East
2026-03-05 12:58:57,/register,GET,107,500,Asia
2026-03-07 19:00:56,/products,POST,493,200,US-East
2026-01-10 01:59:14,/payment,PUT,761,404,Asia
2026-01-24 20:54:41,/profile,POST,120,404,Asia
2026-01-05 12:23:35,/products,GET,1028,500,Asia
2026-01-06 02:00:01,/search,PUT,689,500,Asia
2026-02-19 04:58:28,/profile,GET,994,200,US-East
2026-03-06 04:39:02,/search,DELETE,118,200,Asia
2026-03-15 19:11:41,/products,GET,298,200,Asia
2026-03-08 17:47:56,/register,PUT,471,200,Europe
2026-02-24 04:16:05,/login,GET,404,200,Asia
2026-01-08 07:30:35,/register,DELETE,1084,200,Europe
2026-01-15 07:04:29,/search,DELETE,164,200,US-East
2026-01-29 01:58:12,/profile,PUT,981,200,Europe
2026-02-25 10:51:37,/profile,POST,437,200,Europe
2026-01-25 17:51:44,/register,GET,1025,200,US-East
2026-02-19 11:40:39,/products,PUT,286,500,Asia
2026-03-04 01:52:21,/register,PUT,729,200,Europe
2026-02-13 06:41:54,/payment,PUT,137,404,Europe
2026-01-13 20:17:45,/login,POST,497,200,Europe
2026-03-05 13:21:01,/search,DELETE,1169,200,Europe
2026-02-10 23:14:01,/register,PUT,220,500,Europe
2026-01-14 08:24:46,/register,DELETE,516,404,US-East
2026-03-15 15:56:22,/search,PUT,310,200,US-East
2026-02-14 00:59:35,/profile,PUT,682,404,Europe
2026-02-08 06:26:30,/login,POST,531,200,US-East
2026-02-25 01:25:50,/products,DELETE,271,200,Europe
2026-01-19 02:53:38,/search,GET,427,200,Europe
2026-02-13 09:14:10,/products,POST,420,200,US-East
2026-01-04 15:28:38,/search,POST,171,404,Europe
2026-01-17 16:49:38,/payment,DELETE,315,200,Asia
2026-03-08 15:47:39,/orders,PUT,822,200,Europe
2026-01-10 19:53:55,/orders,PUT,1136,200,Asia
2026-02-09 18:17:49,/profile,POST,224,404,US-East
2026-01-10 01:55:20,/orders,POST,421,200,Europe
2026-01-15 12:44:51,/login,PUT,813,200,US-East
2026-01-23 18:42:18,/payment,DELETE,387,404,Asia
2026-02-08 19:24:13,/register,DELETE,360,200,Europe
2026-01-12 00:28:20,/search,GET,726,200,Europe
2026-01-21 18:57:38,/products,GET,771,404,US-East
2026-03-05 21:21:48,/products,DELETE,1167,404,Europe
2026-01-15 06:47:52,/profile,DELETE,236,200,Asia
2026-01-21 09:26:04,/register,POST,975,200,Europe
2026-02-15 17:40:24,/login,POST,877,200,US-East
2026-01-12 21:06:13,/login,GET,300,200,Europe
2026-02-26 01:36:30,/search,DELETE,1158,200,Asia
2026-03-11 01:45:46,/login,GET,247,200,US-East
2026-02-20 06:41:42,/products,POST,1145,404,US-East
2026-03-11 23:27:41,/login,PUT,603,404,Europe
2026-01-21 17:49:12,/orders,DELETE,754,200,US-East
2026-03-02 19:57:02,/login,DELETE,1063,200,Asia
2026-02-18 12:56:27,/login,POST,248,200,US-East
2026-03-09 14:31:08,/login,POST,752,200,US-East
2026-01-31 10:57:06,/products,DELETE,329,200,Asia
2026-01-16 03:03:32,/register,PUT,1046,200,Europe
2026-03-16 02:43:43,/profile,PUT,1133,200,Asia
2026-01-07 08:16:42,/products,GET,424,200,Europe
2026-01-22 01:46:13,/search,POST,596,200,Asia
2026-02-19 07:37:06,/products,GET,1055,500,US-East
2026-02-21 04:50:35,/login,PUT,1094,200,Europe
2026-02-02 21:08:49,/products,GET,120,200,Asia
2026-02-13 19:29:29,/register,PUT,453,404,Asia
2026-01-14 01:22:02,/products,PUT,694,200,Europe
2026-01-14 00:33:49,/products,POST,110,200,Asia
2026-02-26 23:06:11,/login,POST,129,200,US-East
2026-02-24 15:12:50,/orders,PUT,206,404,US-East
2026-02-14 00:54:59,/register,PUT,521,200,Asia
2026-01-09 18:37:33,/profile,GET,543,200,Europe
2026-01-09 06:44:43,/orders,GET,431,404,US-East
2026-01-25 00:57:48,/register,POST,99,200,US-East
2026-01-10 08:24:40,/payment,DELETE,950,200,Asia
2026-01-07 16:04:15,/register,DELETE,565,500,Asia
2026-02-20 19:20:43,/login,DELETE,1044,200,Europe
2026-02-02 23:36:13,/profile,PUT,1128,200,Asia
2026-01-24 05:39:47,/profile,DELETE,1160,200,Europe
2026-03-08 13:50:05,/profile,GET,716,200,Europe
2026-02-16 13:03:41,/register,DELETE,246,200,Asia
2026-03-07 13:49:27,/profile,POST,505,200,Europe
2026-02-12 11:23:37,/orders,PUT,883,200,Europe
2026-02-05 15:41:20,/products,PUT,636,200,Europe
2026-01-19 10:25:52,/register,PUT,230,200,US-East
2026-02-22 15:11:49,/orders,GET,1010,200,US-East
2026-02-07 17:22:42,/payment,GET,86,500,Europe
2026-01-15 16:56:30,/register,DELETE,1067,200,US-East
2026-03-06 06:43:52,/search,POST,339,200,US-East
2026-01-23 22:51:19,/payment,GET,1178,404,US-East
2026-01-29 07:45:49,/search,DELETE,323,404,Europe
2026-01-07 23:59:22,/register,POST,133,200,Asia
2026-01-27 23:58:48,/profile,PUT,146,200,Asia
2026-03-13 01:44:19,/orders,DELETE,693,500,Europe
2026-01-02 07:34:09,/products,GET,303,500,Europe
2026-01-04 08:29:56,/register,GET,1084,200,US-East
2026-01-16 20:12:26,/payment,POST,890,200,US-East
2026-02-11 02:17:47,/products,DELETE,407,200,Europe
2026-01-17 20:23:11,/products,GET,324,200,Europe
2026-03-13 16:01:11,/profile,DELETE,973,404,Europe
2026-02-16 14:11:48,/products,PUT,662,500,US-East
2026-03-14 08:41:24,/payment,DELETE,781,200,US-East
2026-02-24 16:34:46,/payment,DELETE,1052,200,Europe
2026-01-28 06:48:00,/products,PUT,1038,200,US-East
2026-02-10 04:00:07,/search,PUT,862,500,Asia
2026-01-16 09:45:23,/login,GET,265,500,Asia
2026-03-07 16:06:27,/login,PUT,993,404,Asia
2026-01-21 21:38:16,/profile,PUT,185,200,US-East
2026-01-28 13:40:36,/register,DELETE,130,200,US-East
2026-01-22 02:04:51,/profile,GET,264,200,Europe
2026-02-28 05:41:56,/payment,DELETE,309,500,Asia
2026-01-19 21:09:11,/search,POST,1012,200,Europe
2026-03-06 09:02:23,/payment,POST,110,200,Asia
2026-03-09 03:20:02,/search,PUT,487,200,Europe
2026-01-16 00:32:50,/login,DELETE,54,200,Europe
2026-02-04 14:15:39,/orders,PUT,778,500,Asia
2026-03-09 03:01:59,/products,GET,585,500,Asia
2026-02-26 06:22:21,/products,GET,741,404,Asia
2026-01-16 12:28:48,/login,GET,1056,200,Asia
2026-02-12 21:30:38,/products,PUT,577,200,Asia
2026-02-23 05:27:37,/orders,DELETE,115,404,Europe
2026-02-21 23:41:54,/products,POST,604,200,US-East
2026-02-14 02:33:08,/search,DELETE,155,200,US-East
2026-02-19 07:09:01,/payment,POST,934,404,Europe
2026-01-16 13:58:44,/register,PUT,132,200,Europe
2026-02-01 20:46:28,/search,POST,97,200,US-East
2026-01-28 02:03:50,/login,POST,1087,500,US-East
2026-01-25 19:05:47,/products,POST,356,200,Asia
2026-02-04 19:53:33,/orders,GET,1150,404,Asia
2026-01-17 01:51:58,/payment,DELETE,289,200,US-East
2026-01-05 09:01:41,/profile,DELETE,98,200,Europe
2026-01-24 19:48:39,/payment,DELETE,353,200,Asia
2026-01-08 12:01:40,/products,PUT,785,500,US-East
2026-03-10 09:01:09,/payment,POST,893,200,Asia
2026-02-14 15:38:43,/profile,DELETE,282,404,US-East
2026-01-30 05:00:11,/payment,POST,1111,404,Asia
2026-02-25 10:26:16,/payment,DELETE,449,200,US-East
2026-01-16 11:09:28,/register,PUT,488,500,US-East
2026-01-18 15:45:12,/register,PUT,90,404,Europe
2026-02-10 10:10:47,/payment,PUT,105,200,US-East
2026-02-22 03:03:28,/payment,POST,526,200,US-East
2026-01-14 02:40:05,/register,GET,339,404,US-East
2026-01-13 02:37:43,/products,GET,582,404,Asia
2026-02-19 03:50:01,/register,PUT,834,200,Europe
2026-01-10 01:18:24,/register,PUT,292,500,US-East
2026-03-06 04:50:06,/register,POST,1137,500,Asia
2026-01-24 20:54:37,/profile,PUT,818,200,US-East
2026-01-19 04:48:20,/orders,GET,494,500,Asia
2026-02-20 17:51:11,/products,POST,478,404,Europe
2026-02-01 05:36:49,/products,PUT,1022,200,Asia
2026-01-11 06:43:29,/products,POST,581,200,Europe
2026-01-08 14:20:00,/search,DELETE,824,200,Asia
2026-02-16 09:09:21,/orders,GET,769,200,Asia
2026-02-22 18:40:37,/products,PUT,298,200,Europe
2026-03-17 00:41:09,/login,DELETE,1019,200,Asia
2026-01-02 19:53:21,/search,GET,227,200,US-East
2026-02-04 12:07:06,/orders,PUT,468,200,Asia
2026-02-05 21:29:24,/register,GET,858,200,Asia
2026-01-08 08:39:48,/profile,GET,515,200,US-East
2026-03-14 17:09:24,/search,PUT,77,500,Europe
2026-01-28 19:09:11,/login,POST,688,200,Asia
2026-03-15 20:11:20,/payment,POST,903,500,Asia
2026-02-16 11:01:00,/products,PUT,1127,200,Asia
2026-01-07 12:38:06,/login,PUT,574,404,US-East
2026-03-11 07:45:59,/register,POST,269,404,Asia
2026-01-22 03:31:42,/products,DELETE,668,200,US-East
2026-03-04 06:37:49,/search,PUT,779,404,US-East
2026-02-08 00:58:40,/profile,POST,1184,404,US-East
2026-01-07 15:20:55,/products,DELETE,604,200,Europe
2026-02-01 21:10:14,/register,POST,449,404,Europe
2026-02-11 00:01:45,/register,POST,1014,200,Europe
2026-03-05 10:13:06,/products,PUT,588,200,Europe
2026-01-02 22:09:19,/login,DELETE,425,404,Europe
2026-01-12 14:07:04,/payment,GET,310,200,Europe
2026-01-02 01:18:25,/products,GET,982,500,Asia
2026-01-26 02:26:09,/orders,PUT,1033,500,Asia
2026-03-01 01:26:04,/products,DELETE,604,200,Europe
2026-02-20 14:51:27,/profile,POST,817,500,US-East
2026-01-17 07:50:52,/profile,DELETE,995,500,US-East
2026-01-22 10:49:51,/products,DELETE,102,200,US-East
2026-02-06 03:34:38,/orders,GET,276,200,Asia
2026-03-13 09:20:49,/profile,PUT,1164,200,US-East
2026-02-05 02:01:19,/profile,POST,585,200,Europe
2026-03-08 01:56:32,/payment,GET,416,200,Asia
2026-01-21 07:49:13,/login,DELETE,786,500,US-East
2026-01-17 10:08:49,/payment,DELETE,157,500,Asia
2026-01-21 14:17:50,/register,PUT,110,200,Europe
2026-03-11 16:49:21,/register,POST,882,200,Asia
2026-02-11 10:24:06,/register,GET,83,200,US-East
2026-02-08 09:17:15,/login,GET,752,200,US-East
2026-01-12 04:55:31,/orders,PUT,347,404,US-East
2026-02-11 08:10:53,/profile,DELETE,233,200,Asia
2026-01-06 06:06:59,/payment,GET,1179,200,Asia
2026-03-03 10:53:17,/register,PUT,684,500,Europe
2026-01-12 05:01:19,/search,DELETE,249,200,Europe
2026-02-07 19:03:50,/profile,PUT,281,200,Asia
2026-02-15 07:17:09,/login,GET,73,200,Asia
2026-01-24 13:06:44,/profile,GET,558,200,Asia
2026-03-15 19:03:18,/search,PUT,752,200,Europe
2026-01-02 17:30:33,/profile,POST,704,404,Europe
2026-02-20 12:31:15,/register,PUT,839,200,US-East
2026-01-29 14:53:22,/profile,GET,739,500,Europe
2026-01-09 16:44:35,/orders,DELETE,214,200,US-East
2026-02-19 07:38:48,/search,DELETE,412,404,Europe
2026-02-15 19:48:25,/payment,POST,850,200,US-East
2026-01-05 17:24:36,/products,DELETE,1064,200,Asia
2026-03-13 14:53:57,/payment,DELETE,994,200,Europe
2026-01-19 11:10:37,/orders,DELETE,1188,200,Europe
2026-01-17 02:40:03,/orders,POST,780,500,Asia
2026-01-16 08:09:47,/orders,POST,1071,200,US-East
2026-01-22 08:23:48,/profile,POST,1096,200,Europe
2026-01-10 10:45:25,/search,DELETE,507,500,Europe
2026-01-07 22:06:24,/products,DELETE,883,200,US-East
2026-01-14 00:44:58,/login,PUT,360,404,Asia
2026-01-20 06:02:10,/profile,GET,997,200,Asia
2026-01-29 10:48:55,/payment,DELETE,966,200,US-East
2026-02-13 02:09:07,/orders,POST,931,404,Asia
2026-03-13 15:41:46,/orders,GET,1061,404,Asia
2026-02-17 06:53:15,/search,DELETE,792,404,Europe
2026-01-13 21:29:48,/payment,PUT,51,200,US-East
2026-01-18 11:27:59,/orders,POST,121,200,US-East
2026-02-19 08:34:18,/products,GET,1162,200,Asia
2026-02-26 21:58:04,/payment,GET,751,200,Asia
2026-01-15 09:12:55,/profile,DELETE,116,200,Europe
2026-02-16 11:03:24,/orders,POST,785,200,US-East
2026-01-06 19:29:27,/profile,GET,654,500,Europe
2026-02-18 15:26:46,/search,GET,1172,200,Asia
2026-01-13 23:15:08,/payment,POST,201,200,US-East
2026-02-20 08:29:27,/login,DELETE,630,200,Europe
2026-03-07 11:44:18,/register,PUT,753,404,US-East
2026-02-18 09:38:15,/search,DELETE,814,200,Asia
2026-02-26 09:30:59,/payment,GET,662,200,Asia
2026-02-18 09:05:02,/profile,GET,653,500,Asia
2026-01-13 13:02:29,/payment,PUT,291,200,US-East
2026-01-21 13:49:31,/products,DELETE,104,200,Europe
2026-02-13 11:44:38,/orders,POST,1187,500,Europe
2026-01-18 23:19:51,/products,DELETE,1047,200,US-East
2026-01-11 07:59:00,/payment,GET,1069,500,Asia
2026-02-09 12:47:56,/products,GET,1137,404,US-East
2026-02-23 23:07:21,/products,POST,194,404,Europe
2026-01-06 05:16:33,/register,POST,263,200,Europe
2026-02-28 19:28:19,/search,PUT,827,200,Europe
2026-01-05 10:27:29,/payment,PUT,1058,500,Asia
2026-02-15 20:58:52,/payment,PUT,139,200,US-East
2026-01-06 10:37:33,/products,POST,501,500,Europe
2026-01-07 16:07:58,/search,GET,651,200,US-East
2026-02-15 18:24:03,/register,POST,1054,500,Asia
2026-02-20 21:42:52,/profile,DELETE,1197,200,US-East
2026-01-13 18:14:35,/products,PUT,927,200,US-East
2026-03-01 01:28:15,/orders,DELETE,463,200,US-East
2026-02-25 04:34:23,/profile,POST,186,200,Asia
2026-03-16 12:31:37,/search,GET,823,200,Europe
2026-02-12 08:45:38,/payment,POST,477,200,US-East
2026-03-10 23:43:46,/profile,GET,1016,200,Europe
2026-02-27 16:04:16,/register,PUT,1020,500,Asia
2026-02-06 07:43:07,/search,POST,389,500,Europe
2026-01-27 05:46:35,/register,PUT,690,200,Europe
2026-01-18 02:50:43,/orders,PUT,761,200,US-East
2026-03-01 20:22:33,/register,DELETE,596,200,Asia
2026-01-26 18:04:48,/register,GET,223,200,US-East
2026-01-03 09:39:53,/orders,DELETE,314,200,US-East
2026-03-02 14:29:18,/orders,PUT,795,200,US-East
2026-01-03 13:46:06,/search,POST,154,200,US-East
2026-02-11 22:42:12,/orders,PUT,54,200,US-East
2026-01-29 01:37:12,/profile,POST,500,200,Asia
2026-02-06 19:14:46,/products,DELETE,762,200,US-East
2026-02-07 03:12:33,/payment,PUT,1004,200,Europe
2026-03-01 17:53:33,/payment,POST,168,200,US-East
2026-01-28 06:59:02,/login,DELETE,431,200,Asia
2026-02-01 11:06:35,/payment,GET,957,200,Europe
2026-01-16 14:09:55,/register,POST,257,200,Asia
2026-01-18 21:53:56,/products,POST,1018,200,Europe
2026-02-10 19:01:40,/payment,DELETE,1142,200,US-East
2026-02-02 05:14:40,/search,GET,426,200,US-East
2026-02-19 21:19:22,/orders,POST,523,200,US-East
2026-02-10 17:53:05,/products,DELETE,1004,404,Asia
2026-02-09 13:28:19,/register,GET,1008,404,Europe
2026-02-19 09:50:46,/login,GET,1046,404,Europe
2026-02-09 17:45:52,/search,PUT,116,404,Europe
2026-02-09 04:18:18,/products,POST,386,200,US-East
2026-03-09 19:25:25,/products,POST,986,200,Europe
2026-01-02 17:15:37,/register,PUT,486,200,US-East
2026-01-22 08:06:57,/login,DELETE,1129,200,Asia
2026-03-02 06:07:37,/register,POST,352,404,US-East
2026-01-26 11:23:41,/orders,PUT,1101,200,Asia
2026-01-04 02:25:30,/profile,PUT,236,200,Asia
2026-01-29 00:34:43,/register,PUT,1123,500,Europe
2026-02-27 23:06:12,/login,PUT,1161,200,US-East
2026-03-12 07:05:11,/orders,GET,456,200,US-East
2026-03-12 21:48:29,/profile,GET,357,500,Asia
2026-01-20 18:01:28,/register,DELETE,803,404,Asia
2026-01-17 21:28:10,/products,POST,685,500,Europe
2026-01-31 21:43:44,/payment,GET,667,200,US-East
2026-01-01 03:23:45,/products,DELETE,605,200,Europe
2026-03-16 10:11:07,/orders,DELETE,968,200,Europe
2026-01-05 06:49:13,/login,POST,1092,200,US-East
2026-01-02 22:28:23,/login,PUT,954,500,Asia
2026-03-05 14:16:05,/search,GET,517,200,Asia
2026-03-02 23:30:39,/orders,POST,488,200,US-East
2026-02-27 08:36:48,/orders,POST,90,404,US-East
2026-01-12 23:39:12,/payment,DELETE,498,200,Europe
2026-01-06 07:48:22,/register,DELETE,50,500,Asia
2026-01-12 02:14:55,/register,POST,396,404,Asia
2026-02-25 17:20:01,/search,PUT,732,404,Europe
2026-01-22 04:51:54,/orders,DELETE,478,200,Asia
2026-03-15 11:38:44,/login,GET,930,200,Europe
2026-01-25 05:34:53,/register,DELETE,473,200,US-East
2026-01-28 06:53:32,/products,POST,990,200,Europe
2026-03-08 15:30:26,/profile,DELETE,772,200,US-East
2026-02-26 05:00:38,/search,PUT,1142,404,Asia
2026-02-25 19:41:48,/products,DELETE,248,200,US-East
2026-01-16 15:31:26,/payment,DELETE,174,200,Europe
2026-02-17 15:10:23,/products,GET,841,200,Europe
2026-01-19 19:18:57,/login,DELETE,1112,200,US-East
2026-02-08 11:24:06,/register,POST,1128,200,Europe
2026-03-08 12:55:52,/orders,PUT,1067,200,Asia
2026-01-04 12:36:26,/profile,DELETE,219,200,Asia
2026-02-01 13:12:37,/payment,GET,310,500,Europe
2026-02-17 13:22:12,/search,DELETE,561,200,Europe
2026-01-06 16:58:44,/products,PUT,174,200,Europe
2026-03-12 13:46:59,/payment,POST,682,404,US-East
2026-03-04 02:59:55,/orders,PUT,249,200,US-East
2026-03-10 04:06:54,/payment,PUT,1062,200,Asia
2026-02-12 00:18:17,/payment,DELETE,608,200,Asia
2026-02-08 21:54:05,/search,DELETE,931,200,Asia
2026-02-10 05:33:43,/products,GET,327,200,US-East
2026-01-19 23:49:51,/products,GET,807,200,US-East
2026-03-08 02:51:35,/payment,GET,447,200,US-East
2026-02-20 15:52:41,/search,DELETE,835,500,Asia
2026-01-24 03:48:47,/profile,GET,367,200,Asia
2026-01-30 15:30:47,/register,GET,556,500,Europe
2026-02-04 20:10:44,/search,DELETE,508,500,US-East
2026-01-05 05:16:52,/register,DELETE,811,200,US-East
2026-01-17 19:30:42,/payment,POST,790,200,US-East
2026-01-17 12:25:50,/payment,DELETE,674,500,US-East
2026-02-16 04:34:06,/search,POST,789,404,Europe
2026-01-24 17:16:30,/search,PUT,712,500,Asia
2026-01-22 03:57:22,/profile,DELETE,531,404,US-East
2026-01-05 23:06:14,/profile,POST,104,200,Asia
2026-01-08 16:42:48,/payment,PUT,213,200,US-East
2026-03-04 15:21:12,/login,PUT,769,200,Asia
2026-02-22 13:48:30,/payment,PUT,943,200,Asia
2026-01-27 23:05:21,/search,PUT,1010,200,US-East
2026-02-22 15:17:17,/payment,GET,379,200,Europe
2026-01-24 14:29:31,/search,DELETE,547,404,US-East
2026-02-08 19:27:58,/search,GET,266,200,Europe
2026-02-19 10:32:09,/orders,POST,667,500,Europe
2026-02-09 03:37:04,/orders,POST,351,200,Europe
2026-01-06 01:14:19,/register,PUT,529,404,Europe
2026-01-21 08:12:03,/profile,GET,807,404,US-East
2026-01-18 02:13:03,/register,GET,1114,200,Europe
2026-02-27 13:03:27,/login,DELETE,431,404,US-East
2026-02-05 05:38:16,/register,GET,1106,200,US-East
2026-03-14 17:07:48,/orders,DELETE,787,200,Asia
2026-01-29 02:07:52,/orders,GET,184,200,US-East
2026-02-08 06:22:05,/orders,PUT,582,200,Asia
2026-01-02 02:26:48,/profile,DELETE,190,200,US-East
2026-01-06 13:12:47,/register,DELETE,856,200,US-East
2026-01-15 09:13:44,/search,PUT,530,404,Europe
2026-03-15 22:21:56,/register,PUT,454,200,Europe
2026-02-14 00:47:33,/profile,GET,338,200,Asia
2026-03-05 15:05:14,/login,PUT,157,200,Europe
2026-02-04 06:58:44,/orders,DELETE,1049,200,Europe
2026-02-22 01:27:21,/orders,DELETE,150,500,US-East
2026-01-16 03:47:51,/orders,GET,229,200,Asia
2026-01-06 16:03:25,/login,DELETE,780,404,US-East
2026-01-03 17:52:40,/register,POST,197,200,Europe
2026-02-21 22:51:41,/login,PUT,298,200,US-East
2026-03-10 06:05:43,/search,DELETE,69,200,Asia
2026-02-24 10:57:26,/payment,POST,660,200,Asia
2026-01-02 22:14:06,/products,DELETE,616,200,Asia
2026-02-19 00:27:29,/products,DELETE,737,200,Asia
2026-01-06 12:37:44,/orders,POST,1188,200,Asia
2026-03-04 12:16:18,/login,PUT,1035,200,Asia
2026-03-05 04:54:40,/products,PUT,245,404,Europe
2026-02-01 15:48:06,/products,GET,746,200,US-East
2026-01-28 22:28:02,/orders,PUT,742,404,Asia
2026-01-18 16:29:34,/profile,POST,559,500,US-East
2026-02-04 03:18:50,/register,GET,150,200,Asia
2026-01-19 01:45:00,/login,POST,743,500,Asia
2026-01-20 08:26:01,/orders,DELETE,1060,200,Asia
2026-02-15 06:36:47,/register,POST,772,200,Europe
2026-01-23 14:42:01,/search,PUT,293,200,US-East
2026-02-02 18:50:11,/login,POST,967,200,Asia
2026-02-12 23:54:52,/search,DELETE,217,200,Asia
2026-02-20 22:11:19,/products,POST,1142,404,Europe
2026-01-21 05:38:59,/profile,DELETE,370,404,Asia
2026-03-03 21:35:03,/search,POST,136,200,US-East
2026-02-13 01:38:54,/products,PUT,1133,200,Europe
2026-01-17 00:05:47,/payment,PUT,842,200,Asia
2026-01-13 05:19:22,/payment,POST,957,200,Asia
2026-02-12 08:48:29,/orders,PUT,79,500,US-East
2026-03-13 18:07:33,/orders,DELETE,736,500,US-East
2026-03-03 15:41:40,/payment,PUT,811,200,Europe
2026-02-01 09:23:36,/profile,DELETE,131,404,Europe
2026-02-11 15:40:24,/search,GET,918,500,US-East
2026-03-13 12:27:00,/login,GET,981,200,US-East
2026-01-07 14:24:21,/products,PUT,1198,200,Asia
2026-03-10 13:37:12,/register,POST,195,200,Asia
2026-01-08 07:04:15,/search,GET,875,500,Europe
2026-02-22 18:04:44,/orders,DELETE,856,404,Europe
2026-01-13 12:16:54,/search,DELETE,530,200,US-East
2026-01-06 12:10:35,/profile,POST,1104,500,Europe
2026-01-17 19:19:22,/profile,GET,834,200,Europe
2026-02-03 06:03:48,/payment,GET,820,200,Asia
2026-01-28 19:19:06,/register,PUT,81,200,Asia
2026-03-08 15:12:54,/payment,DELETE,322,200,Europe
2026-02-13 01:29:29,/profile,POST,891,200,Asia
2026-01-24 18:22:26,/orders,GET,148,404,US-East
2026-02-03 20:29:47,/search,PUT,1070,200,Europe
2026-01-12 08:01:29,/register,POST,95,404,Europe
2026-01-05 12:39:22,/products,PUT,1132,200,Europe
2026-01-22 20:54:59,/search,PUT,146,200,Europe
2026-02-08 09:15:41,/search,POST,535,500,US-East
2026-02-27 13:37:31,/payment,DELETE,827,200,US-East
2026-02-03 22:56:25,/products,PUT,370,200,Asia
2026-02-01 09:38:31,/login,POST,522,500,Asia
2026-02-06 08:04:51,/login,POST,212,404,Europe
2026-01-04 10:35:08,/login,PUT,615,200,Europe
2026-02-27 05:16:17,/profile,GET,379,200,Asia
2026-03-07 03:15:16,/products,GET,1120,200,Asia
2026-02-26 08:38:16,/login,DELETE,556,200,Europe
2026-01-14 16:26:24,/orders,PUT,361,404,Europe
2026-02-21 14:42:31,/login,DELETE,332,200,Europe
2026-02-15 22:48:11,/search,DELETE,946,200,Asia
2026-02-26 09:41:18,/login,PUT,132,200,Asia
2026-02-23 04:04:12,/orders,DELETE,240,200,Europe
2026-02-11 01:42:17,/search,POST,348,500,Asia
2026-01-30 14:08:04,/orders,POST,206,404,US-East
2026-02-24 16:24:55,/orders,PUT,827,200,Europe
2026-01-12 23:07:37,/profile,PUT,739,200,Europe
2026-01-28 18:05:17,/orders,DELETE,720,500,US-East
2026-03-02 10:59:43,/register,GET,377,200,Europe
2026-01-04 11:22:03,/profile,PUT,920,404,Asia
2026-02-13 04:43:11,/search,POST,492,200,Europe
2026-02-23 06:52:02,/products,PUT,794,200,Asia
2026-01-01 13:28:54,/profile,GET,596,200,Asia
2026-02-06 01:48:45,/payment,POST,220,200,Asia
2026-02-18 12:27:26,/register,DELETE,1057,500,US-East
2026-01-01 14:07:10,/payment,DELETE,766,404,US-East
2026-01-06 04:20:48,/register,POST,442,200,Asia
2026-03-14 22:04:13,/register,GET,599,200,Europe
2026-02-24 05:41:21,/login,DELETE,1068,500,US-East
2026-02-27 16:12:06,/register,POST,546,200,Asia
2026-03-11 00:37:57,/login,PUT,883,200,Asia
2026-03-05 09:54:03,/products,GET,1159,200,Asia
2026-02-01 22:34:42,/login,PUT,758,200,Europe
2026-02-24 00:54:08,/profile,GET,391,200,US-East
2026-02-03 13:31:31,/orders,PUT,817,200,Europe
2026-01-29 23:33:14,/profile,GET,650,500,US-East
2026-02-08 05:51:16,/orders,PUT,1090,200,Europe
2026-02-20 16:38:49,/products,GET,329,404,Europe
2026-01-09 06:40:12,/profile,GET,604,200,US-East
2026-02-18 06:15:36,/profile,DELETE,1037,200,Europe
2026-02-20 20:10:40,/register,DELETE,683,404,Asia
2026-01-24 11:52:35,/products,DELETE,897,200,Europe
2026-02-07 23:51:31,/products,GET,1141,200,US-East
2026-02-17 21:18:37,/orders,POST,636,200,US-East
2026-02-22 11:37:29,/payment,POST,770,200,Asia
2026-02-28 05:33:53,/products,POST,957,200,Europe
2026-02-24 08:45:32,/payment,DELETE,191,200,US-East
2026-01-23 05:22:29,/register,DELETE,674,200,Europe
2026-01-08 03:42:49,/login,PUT,899,404,US-East
2026-02-05 05:27:08,/login,DELETE,840,200,US-East
2026-03-08 02:03:07,/search,DELETE,1181,200,US-East
2026-01-05 05:41:30,/profile,POST,291,404,Asia
2026-01-09 17:26:06,/login,PUT,321,404,Europe
2026-02-27 10:57:24,/orders,GET,376,200,US-East
2026-01-26 10:33:54,/search,DELETE,1002,200,Asia
2026-02-05 21:30:33,/payment,DELETE,943,500,US-East
2026-03-09 21:32:37,/products,POST,121,200,Asia
2026-03-09 03:19:59,/profile,DELETE,381,200,Europe
2026-03-08 06:55:55,/register,PUT,804,200,Europe
2026-01-04 19:26:05,/login,PUT,840,404,US-East
2026-02-28 20:04:56,/products,GET,1023,200,US-East
2026-02-24 16:21:14,/orders,DELETE,1060,200,US-East
2026-01-10 13:33:34,/profile,DELETE,147,200,Asia
2026-02-13 19:04:11,/payment,GET,1093,200,US-East
2026-01-31 09:54:05,/search,PUT,582,200,Europe
2026-01-14 23:51:07,/payment,PUT,887,200,Asia
2026-02-23 21:13:34,/orders,PUT,927,200,Asia
2026-02-26 23:30:39,/profile,POST,213,500,Europe
2026-02-17 11:00:57,/profile,POST,601,200,Asia
2026-03-16 14:01:54,/profile,PUT,412,404,Europe
2026-01-20 07:46:46,/register,DELETE,238,200,US-East
2026-01-12 16:14:25,/login,GET,342,404,Asia
2026-01-14 12:23:19,/register,GET,1127,200,Asia
2026-02-06 15:24:57,/orders,GET,407,500,US-East
2026-01-01 23:29:03,/search,DELETE,257,200,Europe
2026-01-06 11:37:08,/login,DELETE,108,200,Europe
2026-02-02 12:30:56,/profile,GET,1081,200,US-East
2026-02-12 05:13:51,/profile,POST,1140,200,US-East
2026-01-15 07:56:56,/profile,POST,663,200,Europe
2026-03-12 03:44:17,/profile,GET,779,200,Asia
2026-01-10 21:22:00,/orders,GET,199,200,Europe
2026-01-12 00:19:59,/products,PUT,908,200,US-East
2026-02-23 22:47:29,/login,POST,1167,200,Asia
2026-01-10 20:40:26,/search,POST,453,200,US-East
2026-01-15 18:27:55,/profile,DELETE,1007,200,US-East
2026-01-02 15:22:27,/register,PUT,761,500,US-East
2026-03-03 09:36:23,/orders,DELETE,1171,200,Europe
2026-01-05 20:43:55,/login,GET,752,500,Europe
2026-01-24 09:50:50,/search,GET,277,200,US-East
2026-03-16 15:34:32,/products,PUT,270,200,Asia
2026-02-24 13:22:27,/products,PUT,139,200,US-East
2026-02-07 19:12:25,/products,GET,347,200,US-East
2026-01-24 06:31:54,/payment,PUT,1006,404,Asia
2026-02-25 16:05:30,/products,DELETE,274,200,US-East
2026-03-09 06:01:22,/register,DELETE,1175,500,Europe
2026-03-09 19:02:40,/login,GET,846,200,Asia
2026-01-13 20:18:41,/register,DELETE,895,200,Europe
2026-01-24 00:01:05,/profile,GET,176,200,Europe
2026-01-12 03:28:00,/products,GET,308,200,Asia
2026-03-10 16:16:38,/orders,GET,599,200,Asia
2026-01-27 00:23:55,/login,PUT,992,404,Asia
2026-02-22 07:08:27,/login,GET,95,200,Asia
2026-03-08 01:33:50,/orders,GET,102,500,Asia
2026-01-08 18:14:00,/payment,POST,1039,404,US-East
2026-03-14 01:40:28,/login,DELETE,867,404,Asia
2026-01-17 20:09:14,/payment,DELETE,1131,200,Europe
2026-01-07 18:12:32,/orders,DELETE,1155,200,Europe
2026-01-23 02:24:33,/login,DELETE,1146,500,Europe
2026-01-10 00:14:27,/login,DELETE,883,200,US-East
2026-01-15 03:50:38,/register,GET,946,200,Europe
2026-02-14 12:39:41,/search,POST,890,200,Europe
2026-02-07 19:06:11,/register,GET,1147,200,US-East
2026-03-10 03:43:33,/products,POST,789,200,US-East
2026-03-02 21:37:19,/search,GET,312,404,US-East
2026-03-09 11:35:34,/payment,GET,1196,200,US-East
2026-01-24 21:21:36,/profile,POST,818,200,Asia
2026-01-10 06:26:25,/search,POST,211,200,Asia
2026-02-26 17:02:46,/orders,POST,786,200,Europe
2026-01-13 13:47:10,/products,PUT,97,404,US-East
2026-02-01 01:01:47,/login,DELETE,648,404,US-East
2026-01-01 05:42:02,/search,PUT,1174,200,Europe
2026-02-05 13:58:31,/login,GET,645,500,US-East
2026-02-07 05:49:31,/login,PUT,542,200,Asia
2026-01-04 06:44:00,/orders,PUT,820,200,US-East
2026-02-11 08:42:04,/profile,DELETE,789,200,Europe
2026-02-17 03:11:07,/register,PUT,524,200,Europe
2026-02-21 06:45:37,/products,POST,242,500,Europe
2026-01-16 14:20:26,/register,DELETE,420,200,Asia
2026-02-07 18:48:37,/register,PUT,110,200,Europe
2026-02-05 04:36:39,/payment,DELETE,254,200,Asia
2026-02-06 10:53:41,/products,POST,338,200,Asia
2026-03-01 00:37:01,/orders,PUT,668,404,Asia
2026-03-09 05:23:16,/register,GET,480,404,Europe
2026-01-31 18:31:55,/register,GET,69,200,Asia
2026-01-07 17:17:16,/register,POST,449,200,Europe
2026-02-03 17:21:44,/payment,POST,444,200,Asia
2026-03-09 13:41:39,/login,DELETE,759,404,Europe
2026-02-10 06:38:55,/search,DELETE,121,200,Asia
2026-02-01 11:08:56,/login,GET,306,500,Europe
2026-03-08 10:23:48,/profile,DELETE,381,200,Europe
2026-01-18 11:49:19,/login,GET,175,500,US-East
2026-02-17 07:32:04,/search,PUT,1141,500,US-East
2026-03-10 07:13:10,/search,PUT,154,200,Asia
2026-02-16 00:32:45,/login,GET,943,500,Asia
2026-01-14 16:28:30,/products,POST,1177,500,US-East
2026-02-05 22:44:42,/search,GET,1074,200,Asia
2026-03-02 17:54:35,/orders,DELETE,1140,200,Asia
2026-01-10 13:30:29,/products,PUT,747,404,US-East
2026-03-03 16:43:24,/products,POST,979,404,Asia
2026-01-02 11:44:18,/products,PUT,659,200,Asia
2026-03-12 09:34:43,/profile,POST,249,200,Asia
2026-01-30 15:30:46,/login,DELETE,958,404,Asia
2026-02-22 04:28:23,/login,POST,826,200,Europe
2026-02-06 01:12:37,/profile,DELETE,1100,200,Europe
2026-02-17 12:00:25,/payment,GET,269,200,Asia
2026-01-10 12:23:39,/products,DELETE,99,200,Europe
2026-02-03 10:21:33,/register,POST,360,404,Asia
2026-01-08 09:05:43,/search,GET,655,404,Europe
2026-03-01 20:02:42,/products,POST,353,200,US-East
2026-02-16 07:18:52,/orders,POST,1090,200,Asia
2026-01-20 06:16:14,/search,DELETE,796,500,Europe
2026-02-12 21:02:32,/search,POST,522,404,Asia
2026-03-03 22:09:27,/payment,GET,215,200,Europe
2026-03-16 15:06:38,/search,GET,167,200,Europe
2026-01-09 16:09:21,/search,DELETE,1128,200,Asia
2026-01-03 17:14:14,/login,PUT,1030,500,Europe
2026-01-08 09:14:41,/search,DELETE,844,200,US-East
2026-02-06 16:10:04,/profile,GET,143,200,US-East
2026-01-19 07:38:18,/payment,GET,1025,200,US-East
2026-02-24 01:35:19,/profile,PUT,556,200,Europe
2026-02-04 11:24:09,/orders,GET,372,200,US-East
2026-02-08 14:30:20,/login,DELETE,1085,200,US-East
2026-01-09 00:03:08,/profile,GET,212,200,Asia
2026-01-09 08:34:25,/register,DELETE,730,200,Europe
2026-01-07 21:10:48,/register,GET,789,500,US-East
2026-01-06 11:08:22,/products,GET,232,500,Europe
2026-01-07 20:24:18,/orders,GET,326,500,Europe
2026-02-05 12:19:48,/register,DELETE,833,200,US-East
2026-03-14 17:07:15,/orders,PUT,461,404,Asia
2026-01-12 20:13:15,/profile,GET,149,200,Asia
2026-03-02 04:52:03,/register,GET,1154,200,Asia
2026-03-04 08:54:24,/register,PUT,290,200,Europe
2026-03-06 05:51:10,/login,GET,1050,200,Europe
2026-02-06 16:29:31,/login,POST,769,200,Europe
2026-03-10 11:58:40,/profile,DELETE,174,200,Asia
2026-02-10 21:05:01,/search,POST,1047,500,US-East
2026-02-10 11:30:11,/products,DELETE,1160,200,Asia
2026-01-10 12:13:56,/login,GET,218,200,US-East
2026-02-25 03:53:40,/profile,POST,1121,500,Europe
2026-02-27 23:50:22,/products,GET,615,200,Europe
2026-01-22 08:16:36,/register,GET,1016,200,Asia
2026-03-06 04:23:23,/login,POST,301,404,US-East
2026-03-07 09:48:38,/register,GET,96,200,Europe
2026-02-28 00:27:56,/register,DELETE,1092,200,US-East
2026-01-31 11:06:59,/profile,DELETE,68,200,US-East
2026-01-26 05:23:15,/search,PUT,747,500,Europe
2026-01-26 05:32:13,/search,GET,861,200,US-East
2026-01-09 01:56:17,/products,PUT,393,200,Europe
2026-02-18 01:08:51,/register,PUT,928,200,Asia
2026-02-28 03:00:46,/orders,POST,503,200,Asia
2026-01-22 09:56:32,/orders,DELETE,500,404,US-East
2026-01-22 23:10:30,/search,DELETE,82,200,US-East
2026-01-13 20:39:42,/payment,DELETE,967,200,US-East
2026-03-11 10:34:41,/register,PUT,929,404,US-East
2026-03-05 01:50:00,/register,GET,1028,200,Europe
2026-01-28 19:25:26,/orders,PUT,1095,200,Asia
2026-03-08 19:36:57,/orders,POST,923,404,US-East
2026-01-04 00:19:16,/profile,POST,260,200,US-East
2026-03-12 08:57:25,/profile,PUT,270,200,US-East
2026-01-26 05:24:06,/payment,PUT,61,200,Europe
2026-01-19 01:01:05,/products,GET,451,404,US-East
2026-02-01 05:32:25,/products,PUT,743,200,Europe
2026-02-21 11:46:14,/products,POST,648,200,Europe
2026-01-16 08:40:06,/products,POST,134,200,Asia
2026-02-04 19:39:55,/payment,GET,1117,500,Europe
2026-03-09 12:38:53,/orders,POST,288,500,Europe
2026-01-18 17:51:42,/products,POST,442,200,US-East
2026-01-20 14:12:41,/products,POST,231,200,US-East
2026-02-24 11:08:14,/register,DELETE,632,500,Europe
2026-01-21 01:10:51,/profile,GET,718,200,Europe
2026-01-22 03:15:43,/payment,GET,1001,200,Asia
2026-01-28 20:58:32,/register,POST,231,404,Europe
2026-03-11 07:42:05,/products,POST,863,200,Asia
2026-01-07 04:40:22,/payment,PUT,780,200,Asia
2026-01-05 05:05:46,/products,DELETE,179,200,Asia
2026-03-14 16:23:43,/payment,DELETE,169,200,Asia
2026-01-16 09:12:28,/search,DELETE,1171,500,Europe
2026-02-25 03:20:15,/payment,DELETE,631,200,US-East
2026-03-07 14:25:52,/profile,DELETE,1065,200,Asia
2026-02-22 00:09:01,/login,GET,411,200,Europe
2026-02-12 21:46:56,/payment,DELETE,184,200,US-East
2026-01-18 14:11:14,/search,PUT,416,404,US-East
2026-02-19 16:24:10,/login,GET,65,404,Europe
2026-02-28 20:37:05,/register,DELETE,1116,200,Europe
2026-01-15 13:36:59,/orders,GET,423,200,US-East
2026-02-11 19:28:54,/login,DELETE,447,404,US-East
2026-02-26 15:54:39,/payment,POST,569,404,US-East
2026-01-03 02:48:47,/payment,GET,1053,200,Europe
2026-03-11 23:28:07,/orders,POST,786,200,Europe
2026-02-22 19:45:51,/search,GET,279,200,Europe
2026-01-11 06:48:50,/orders,GET,402,200,Europe
2026-03-14 00:46:00,/search,GET,868,200,Europe
2026-01-01 05:37:06,/search,GET,851,200,US-East
2026-01-01 06:01:56,/products,POST,471,500,US-East
2026-03-03 23:02:03,/login,DELETE,577,200,Europe
2026-01-04 22:40:11,/search,POST,347,200,US-East
2026-01-14 20:18:03,/profile,POST,1155,200,US-East
2026-03-09 23:09:21,/products,POST,768,200,Europe
2026-01-12 23:52:29,/profile,DELETE,241,500,Asia
2026-01-03 03:51:58,/search,GET,260,200,Asia
2026-01-08 03:51:26,/profile,DELETE,876,200,US-East
2026-02-25 16:42:50,/search,PUT,1148,200,Europe
2026-02-10 00:44:18,/login,GET,798,200,Europe
2026-03-03 16:52:28,/products,POST,1150,500,Asia
2026-02-13 11:24:00,/orders,POST,234,404,Asia
2026-02-03 13:22:36,/orders,DELETE,471,200,Asia
2026-02-08 15:09:36,/search,DELETE,976,200,Europe
2026-02-12 21:24:47,/search,PUT,891,200,Europe
2026-02-23 16:11:57,/register,GET,706,200,Europe
2026-02-22 08:47:01,/payment,DELETE,620,200,US-East
2026-01-05 16:05:47,/profile,DELETE,900,200,Europe
2026-01-18 05:27:31,/register,PUT,448,500,US-East
2026-02-27 15:13:46,/products,GET,155,404,Europe
2026-01-13 07:33:06,/profile,POST,254,200,Asia
2026-01-03 11:46:47,/products,DELETE,550,200,US-East
2026-02-03 03:03:57,/payment,PUT,784,404,Europe
2026-02-21 07:50:35,/register,DELETE,711,200,Europe
2026-01-24 00:20:55,/profile,DELETE,954,200,Europe
2026-01-13 09:00:35,/login,DELETE,270,200,Europe
2026-03-12 04:13:33,/register,DELETE,1042,500,Europe
2026-01-20 05:49:00,/login,POST,889,200,US-East
2026-01-03 09:09:01,/products,POST,317,200,US-East
2026-02-15 13:24:21,/products,DELETE,635,200,US-East
2026-01-13 01:23:20,/orders,POST,665,200,Asia
2026-02-21 15:25:13,/search,POST,739,200,Europe
2026-01-17 11:56:56,/register,PUT,794,200,Asia
2026-01-26 07:09:50,/orders,PUT,523,200,Europe
2026-02-04 07:19:40,/register,GET,727,200,Asia
2026-02-08 07:50:40,/register,DELETE,1011,200,Asia
2026-03-08 03:32:41,/search,GET,926,200,Asia
2026-02-10 00:18:29,/profile,PUT,625,200,Europe
2026-03-14 06:28:14,/products,POST,347,404,Europe
2026-03-04 12:32:15,/payment,POST,1193,200,Europe
2026-01-03 06:32:27,/products,POST,748,404,Europe
2026-01-22 22:08:28,/products,PUT,73,500,Europe
2026-03-15 00:09:09,/products,POST,950,404,Europe
2026-02-26 21:16:10,/login,PUT,611,200,US-East
2026-03-12 20:03:28,/profile,GET,1106,200,US-East
2026-02-14 10:48:12,/register,DELETE,1073,200,Europe
2026-01-29 18:45:06,/payment,DELETE,1050,500,Asia
2026-02-09 17:30:41,/products,PUT,966,200,US-East
2026-03-02 20:20:11,/orders,GET,75,404,Asia
2026-02-16 02:36:42,/search,GET,445,404,Asia
2026-03-09 22:26:42,/orders,GET,208,200,Europe
2026-01-14 03:28:26,/products,GET,685,200,Europe
2026-03-06 08:59:37,/register,DELETE,1036,200,Asia
2026-02-15 10:41:04,/profile,GET,84,200,Asia
2026-02-22 11:46:33,/search,PUT,627,200,Europe
2026-03-13 08:38:55,/login,PUT,97,200,US-East
2026-01-18 16:55:06,/login,PUT,661,500,US-East
2026-01-03 14:13:56,/orders,PUT,817,500,US-East
2026-03-08 05:24:14,/login,DELETE,645,200,Europe
2026-01-20 08:21:29,/search,PUT,416,200,Europe
2026-03-14 07:15:57,/products,POST,69,200,Asia
2026-02-12 15:03:59,/products,DELETE,750,200,Europe
2026-01-16 09:19:58,/search,POST,253,200,Europe
2026-02-10 17:03:41,/register,PUT,1021,200,Asia
2026-03-14 09:28:26,/register,POST,277,200,US-East
2026-02-04 15:21:20,/products,DELETE,1093,404,Europe
2026-03-09 16:18:48,/orders,GET,239,404,US-East
2026-01-12 05:15:30,/payment,DELETE,310,500,US-East
2026-01-24 17:33:29,/register,PUT,764,200,Europe
2026-01-18 04:53:24,/search,PUT,1066,500,Asia
2026-01-17 17:18:38,/login,GET,974,200,Europe
2026-01-14 15:19:15,/register,POST,803,404,Asia
2026-01-03 01:18:10,/profile,POST,436,200,Europe
2026-01-28 03:57:11,/search,GET,695,404,Asia
2026-01-05 22:00:28,/products,DELETE,524,404,Asia
2026-03-02 13:31:07,/payment,POST,324,500,US-East
2026-02-13 12:44:55,/products,DELETE,301,500,Europe
2026-02-14 18:19:06,/register,PUT,960,200,Europe
2026-01-13 18:47:26,/register,DELETE,784,200,US-East
2026-01-09 13:56:56,/profile,PUT,1050,200,US-East
2026-03-04 06:01:38,/products,PUT,742,200,Europe
2026-02-18 10:11:34,/search,GET,934,500,US-East
2026-01-29 18:37:04,/profile,POST,194,404,Europe
2026-03-12 19:55:28,/register,PUT,1078,404,US-East
2026-01-17 23:08:54,/profile,GET,388,200,US-East
2026-01-17 23:09:17,/orders,GET,201,200,Europe
2026-02-15 04:11:16,/register,GET,909,200,US-East
2026-01-08 02:40:38,/register,GET,1188,200,Asia
2026-02-02 14:50:37,/search,POST,927,404,Asia
2026-01-19 04:47:44,/profile,PUT,746,200,US-East
2026-02-14 22:08:46,/products,DELETE,579,500,Asia
2026-01-05 14:00:32,/payment,GET,1067,200,US-East
2026-01-22 22:35:36,/payment,PUT,379,404,US-East
2026-02-25 11:02:24,/search,PUT,800,404,US-East
2026-02-17 17:06:25,/search,POST,275,200,US-East
2026-03-07 19:23:27,/register,POST,407,200,Asia
2026-01-29 23:02:46,/products,DELETE,520,200,Europe
2026-01-30 22:38:26,/login,PUT,1060,200,Europe
2026-01-08 22:46:59,/profile,GET,944,200,Asia
2026-02-02 19:42:13,/orders,GET,628,200,US-East
2026-01-08 16:36:20,/products,GET,1166,404,Asia
2026-03-09 23:42:11,/register,DELETE,288,200,Asia
2026-01-20 13:30:15,/register,PUT,839,200,Europe
2026-01-23 13:07:16,/products,DELETE,729,500,Europe
2026-01-28 17:44:27,/orders,DELETE,1054,500,Asia
2026-01-19 12:21:42,/products,POST,346,404,Asia
2026-01-17 11:39:45,/payment,POST,207,200,Asia
2026-03-15 22:56:34,/orders,GET,864,200,Europe
2026-01-23 06:38:06,/register,POST,283,500,Europe
2026-01-21 06:57:02,/login,POST,607,200,Asia
2026-03-07 15:22:38,/orders,GET,983,200,Europe
2026-03-09 07:20:02,/products,POST,501,200,Europe
2026-02-27 00:17:36,/products,DELETE,1099,200,US-East
2026-02-17 05:35:42,/products,GET,128,200,Europe
2026-01-22 16:07:33,/register,POST,366,500,Asia
2026-01-10 14:28:10,/search,GET,407,404,Asia
2026-03-03 19:10:04,/profile,PUT,545,500,Europe
2026-03-02 00:22:44,/profile,PUT,369,404,US-East
2026-03-02 08:34:05,/orders,DELETE,939,404,US-East
2026-02-18 22:10:00,/login,GET,317,200,Asia
2026-01-10 15:30:46,/login,GET,223,200,Europe
2026-02-14 22:24:43,/products,GET,303,200,Asia
2026-02-07 05:37:05,/register,POST,937,500,US-East
2026-01-29 07:26:32,/payment,DELETE,781,404,US-East
2026-01-24 06:39:00,/register,GET,788,200,US-East
2026-01-04 13:05:10,/products,POST,1069,200,Asia
2026-01-24 14:25:54,/profile,GET,887,200,Europe
2026-02-17 00:10:31,/orders,PUT,665,500,US-East
2026-02-05 12:03:20,/products,GET,1030,404,Asia
2026-02-24 16:16:18,/login,POST,422,404,Asia
2026-01-11 17:37:03,/orders,DELETE,1012,200,US-East
2026-02-03 01:18:30,/login,GET,617,200,US-East
2026-01-17 09:03:25,/register,POST,447,200,US-East
2026-03-06 10:37:31,/payment,POST,64,404,Asia
2026-02-27 17:09:32,/products,POST,198,500,US-East
2026-01-21 03:13:48,/profile,GET,708,404,Asia
2026-01-08 16:34:19,/orders,DELETE,549,404,Asia
2026-01-16 23:59:33,/search,PUT,632,200,Europe
2026-02-25 12:31:44,/login,PUT,365,200,US-East
2026-03-15 02:15:27,/payment,PUT,239,200,Europe
2026-02-20 10:18:46,/search,DELETE,457,200,Asia
2026-02-07 04:40:07,/register,GET,162,404,Europe
2026-02-13 05:49:23,/search,DELETE,748,200,US-East
2026-03-06 02:11:56,/payment,GET,574,200,Europe
2026-01-04 00:28:20,/payment,POST,753,200,Europe
2026-01-29 01:47:37,/payment,DELETE,619,200,Europe
2026-02-07 13:13:28,/orders,PUT,977,500,US-East
2026-02-06 03:07:11,/register,PUT,438,200,Europe
2026-03-02 10:31:41,/orders,DELETE,385,200,Europe
2026-01-06 02:57:28,/orders,PUT,661,200,Europe
2026-02-06 18:55:14,/login,POST,151,200,Asia
2026-01-14 22:41:38,/login,GET,950,404,US-East
2026-01-24 23:29:54,/profile,PUT,1149,500,Asia
2026-01-23 16:11:37,/search,PUT,125,200,Asia
2026-02-06 10:12:48,/payment,PUT,983,200,US-East
2026-03-11 21:41:32,/products,GET,174,200,US-East
2026-01-29 03:59:03,/products,DELETE,97,200,Asia
2026-03-07 12:18:39,/register,GET,685,200,Asia
2026-02-20 10:19:24,/register,DELETE,1110,200,Asia
2026-01-12 18:17:36,/login,PUT,1030,404,Europe
2026-01-28 20:27:13,/orders,POST,1049,200,Asia
2026-01-22 18:36:56,/register,GET,688,200,US-East
2026-01-19 12:43:14,/payment,DELETE,521,200,Europe
2026-02-02 20:37:21,/search,DELETE,354,500,Asia
2026-01-01 02:33:50,/profile,PUT,1120,404,US-East
2026-03-05 23:15:38,/profile,GET,227,200,Europe
2026-02-03 08:20:04,/products,POST,1041,200,US-East
2026-02-05 10:27:00,/payment,PUT,306,200,Asia
2026-02-04 16:06:41,/login,POST,1016,200,Europe
2026-02-26 08:13:28,/payment,GET,745,200,US-East
2026-02-10 12:35:27,/search,PUT,405,200,Asia
2026-02-03 00:42:08,/search,DELETE,769,200,Asia
2026-01-31 07:37:49,/login,GET,494,200,Asia
2026-03-16 19:02:10,/profile,DELETE,199,200,Europe
2026-03-05 17:36:26,/login,GET,481,500,Europe
2026-01-09 07:03:17,/profile,POST,225,200,US-East
2026-01-17 20:19:35,/login,DELETE,85,200,US-East
2026-02-17 01:32:47,/search,GET,590,200,Asia
2026-03-14 20:22:06,/profile,DELETE,684,404,US-East
2026-02-18 04:25:53,/register,POST,755,200,Europe
2026-02-14 18:31:48,/payment,DELETE,846,200,US-East
2026-02-26 03:42:15,/products,DELETE,861,200,Europe
2026-02-27 13:58:56,/payment,POST,248,200,Europe
2026-02-27 14:10:28,/payment,POST,809,200,US-East
2026-02-13 02:53:15,/profile,GET,1025,200,US-East
2026-01-27 00:46:35,/products,POST,177,200,US-East
2026-02-01 21:20:47,/profile,DELETE,580,404,Asia
2026-03-10 08:41:07,/login,DELETE,604,200,Europe
2026-02-22 15:25:58,/orders,POST,353,500,Asia
2026-01-16 07:30:09,/login,GET,1182,200,Europe
2026-03-02 03:02:33,/products,PUT,548,200,Europe
2026-03-05 07:58:01,/profile,GET,839,200,Europe
2026-01-26 17:37:35,/orders,DELETE,602,200,Europe
2026-01-05 19:32:42,/search,GET,1107,200,US-East
2026-01-25 13:13:04,/products,POST,1093,404,Asia
2026-02-10 17:51:23,/payment,DELETE,84,500,US-East
2026-02-25 02:50:36,/products,PUT,466,200,Asia
2026-01-28 13:02:26,/orders,PUT,644,200,Asia
2026-02-04 10:16:05,/orders,GET,516,200,US-East
2026-02-25 10:52:56,/profile,PUT,106,200,Europe
2026-01-22 22:15:13,/products,GET,994,200,US-East
2026-02-15 23:12:31,/products,POST,478,404,US-East
2026-03-03 10:29:17,/payment,PUT,168,200,Asia
2026-01-30 03:37:36,/register,DELETE,174,404,Asia
2026-02-10 04:30:29,/payment,GET,413,500,US-East
2026-01-14 11:39:37,/profile,PUT,633,200,Europe
2026-02-14 11:08:34,/orders,GET,789,200,Asia
2026-01-25 09:10:12,/search,PUT,1155,200,Europe
2026-02-13 12:40:28,/register,PUT,565,200,US-East
2026-03-07 03:28:39,/orders,POST,1110,200,Europe
2026-03-12 12:27:13,/login,DELETE,732,200,US-East
2026-01-22 23:46:11,/orders,PUT,255,200,Europe
2026-01-07 00:53:54,/search,PUT,669,404,Europe
2026-01-07 17:57:43,/orders,DELETE,98,200,Asia
2026-01-18 08:18:34,/products,POST,477,500,Asia
2026-02-08 17:23:47,/login,POST,295,200,Asia
2026-02-19 07:52:05,/profile,DELETE,256,200,Asia
2026-01-17 01:13:57,/login,GET,1103,200,Europe
2026-01-01 18:24:33,/payment,POST,1015,200,Asia
2026-02-13 17:48:06,/orders,POST,680,500,Asia
2026-01-14 15:59:33,/register,DELETE,1106,200,Asia
2026-02-20 03:40:28,/search,PUT,814,200,US-East
2026-03-15 13:57:10,/payment,POST,178,404,Europe
2026-02-10 10:32:33,/login,PUT,484,200,Asia
2026-01-30 13:16:38,/products,GET,959,200,Europe
2026-02-01 10:47:58,/register,DELETE,330,200,US-East
2026-01-22 05:15:33,/login,POST,1184,404,US-East
2026-03-13 02:58:36,/search,PUT,950,200,US-East
2026-03-02 04:57:22,/profile,DELETE,355,404,Asia
2026-01-12 06:33:17,/login,POST,135,200,Asia
2026-01-20 21:16:24,/payment,POST,649,404,US-East
2026-02-11 08:18:03,/profile,DELETE,1189,200,Asia
2026-03-05 02:53:28,/login,POST,1019,500,Europe
2026-03-07 16:29:48,/profile,PUT,457,200,Asia
2026-02-05 07:21:15,/profile,POST,53,200,US-East
2026-03-01 15:02:38,/profile,PUT,622,404,Asia
2026-02-26 00:45:38,/products,DELETE,770,200,US-East
2026-02-22 19:19:54,/register,POST,911,500,Europe
2026-01-08 21:07:21,/products,PUT,575,200,Europe
2026-01-04 02:52:57,/products,DELETE,609,404,US-East
2026-01-31 17:04:33,/products,PUT,261,200,Asia
2026-02-21 18:23:00,/payment,PUT,987,500,Asia
2026-01-24 19:15:51,/orders,PUT,556,200,US-East
2026-02-08 09:56:51,/orders,GET,1055,404,Europe
2026-02-02 03:39:38,/register,POST,221,200,US-East
2026-01-09 00:37:35,/orders,POST,357,200,Europe
2026-02-06 09:04:23,/register,PUT,1197,500,Asia
2026-03-07 06:01:18,/register,POST,895,404,Asia
2026-01-28 07:00:00,/profile,GET,599,500,Europe
2026-01-29 05:09:58,/register,POST,319,404,Asia
2026-01-27 10:53:41,/profile,PUT,180,200,Europe
2026-01-17 15:45:35,/products,PUT,790,404,Asia
2026-02-24 19:22:14,/login,GET,220,500,Asia
2026-01-08 14:22:25,/orders,DELETE,189,200,US-East
2026-03-16 21:45:20,/payment,POST,830,404,US-East
2026-02-24 16:37:35,/products,GET,137,200,Asia
2026-02-15 10:29:07,/register,PUT,504,200,Asia
2026-02-17 03:29:32,/login,GET,919,200,Europe
2026-01-31 12:34:47,/payment,PUT,810,404,Asia
2026-03-09 15:33:38,/orders,PUT,493,200,Asia
2026-02-26 11:15:43,/search,GET,833,200,Europe
2026-03-12 23:11:30,/profile,PUT,521,200,US-East
2026-02-17 08:17:57,/payment,GET,739,200,Asia
2026-02-16 19:23:03,/login,DELETE,318,404,Asia
2026-03-09 21:20:51,/orders,POST,1076,200,Europe
2026-02-14 06:21:40,/orders,GET,946,404,Europe
2026-01-22 00:54:22,/search,POST,507,404,US-East
2026-01-19 09:29:19,/login,POST,199,200,Asia
2026-02-09 00:54:32,/products,GET,1095,200,Europe
2026-03-04 00:28:49,/orders,GET,540,200,Asia
2026-01-15 01:33:22,/products,PUT,937,404,Europe
2026-01-02 23:20:57,/profile,DELETE,432,200,Europe
2026-02-10 01:21:35,/products,GET,1177,200,Europe
2026-02-24 10:52:45,/payment,PUT,451,200,US-East
2026-03-07 12:28:27,/profile,GET,333,200,Asia
2026-02-12 11:34:25,/register,POST,1121,200,US-East
2026-03-03 00:14:41,/orders,POST,935,404,US-East
2026-03-03 22:10:00,/search,GET,957,500,Europe
2026-01-22 06:15:51,/payment,DELETE,185,404,Asia
2026-03-13 21:11:01,/orders,GET,297,404,US-East
2026-01-23 12:04:39,/products,DELETE,1132,200,US-East
2026-01-28 01:36:31,/register,GET,974,200,US-East
2026-02-16 18:12:38,/profile,GET,940,200,Asia
2026-01-09 18:48:17,/orders,GET,1010,200,Asia
2026-02-19 07:47:52,/payment,DELETE,1115,500,Asia
2026-02-17 18:45:58,/payment,DELETE,109,200,US-East
2026-02-17 11:19:10,/orders,PUT,160,200,Asia
2026-02-27 15:15:38,/payment,DELETE,330,404,Europe
2026-01-21 10:57:20,/search,PUT,494,200,US-East
2026-02-04 08:33:53,/products,PUT,746,200,US-East
2026-01-14 16:25:09,/register,PUT,1030,200,Europe
2026-02-01 11:26:52,/payment,DELETE,299,404,Europe
2026-03-14 05:48:16,/profile,POST,889,500,US-East
2026-02-06 22:19:36,/login,GET,1003,404,Asia
2026-01-16 03:41:53,/orders,POST,799,500,Asia
2026-01-25 03:12:27,/profile,POST,409,500,US-East
2026-03-02 06:38:20,/profile,DELETE,716,500,Asia
2026-03-03 16:53:44,/register,DELETE,705,200,Asia
2026-01-19 22:28:40,/profile,DELETE,827,500,Asia
2026-03-08 08:27:59,/payment,GET,285,500,Asia
2026-01-24 23:45:54,/orders,POST,1081,200,Europe
2026-03-09 14:51:38,/search,DELETE,770,200,Asia
2026-02-02 01:07:06,/search,GET,387,404,Asia
2026-02-05 19:17:47,/search,GET,260,200,Europe
2026-02-13 02:19:04,/login,DELETE,484,404,US-East
2026-01-04 15:05:45,/products,GET,1142,500,Europe
2026-02-10 06:26:32,/products,POST,653,404,Europe
2026-02-25 00:35:50,/payment,POST,749,200,US-East
2026-03-01 10:52:52,/profile,POST,1061,200,Asia
2026-02-21 11:35:00,/payment,GET,922,200,Europe
2026-01-06 22:25:17,/login,GET,576,500,Europe
2026-01-21 05:35:29,/profile,DELETE,821,500,Asia
2026-01-21 09:04:28,/search,DELETE,247,404,Europe
2026-02-19 01:07:45,/products,POST,837,200,US-East
2026-01-07 21:37:51,/orders,PUT,850,200,US-East
2026-01-06 08:07:32,/orders,DELETE,284,200,US-East
2026-03-06 09:02:18,/search,POST,767,404,US-East
2026-02-06 22:01:22,/orders,GET,1025,500,US-East
2026-01-26 11:36:57,/orders,GET,288,200,Asia
2026-02-27 00:28:32,/payment,PUT,316,200,Asia
2026-02-04 02:06:18,/search,GET,488,404,Europe
2026-02-19 07:35:33,/orders,PUT,561,200,Europe
2026-01-07 11:40:34,/register,DELETE,1031,200,Europe
2026-02-28 21:45:59,/profile,PUT,630,404,Europe
2026-03-07 19:44:21,/orders,PUT,281,200,Europe
2026-01-18 00:57:14,/orders,PUT,74,200,Europe
2026-02-06 08:34:44,/orders,PUT,697,404,Asia
2026-02-07 20:27:03,/login,POST,1063,200,US-East
2026-01-19 20:50:04,/payment,DELETE,95,200,US-East
2026-03-08 13:56:11,/orders,DELETE,456,200,US-East
2026-01-12 14:20:25,/register,GET,118,200,Europe
2026-01-29 20:26:12,/payment,POST,570,200,US-East
2026-01-13 03:02:15,/search,GET,392,200,US-East
2026-02-10 02:20:06,/orders,GET,1067,500,Europe
2026-03-10 01:42:40,/search,GET,126,200,US-East
2026-02-04 11:30:41,/register,PUT,787,200,Asia
2026-01-10 18:30:02,/login,DELETE,815,200,Europe
2026-01-03 03:50:35,/orders,GET,1033,200,Europe
2026-02-01 01:33:05,/profile,DELETE,241,404,US-East
2026-01-02 10:54:10,/payment,PUT,1028,200,Asia
2026-03-16 00:27:43,/profile,GET,741,500,Asia
2026-02-14 07:36:31,/profile,DELETE,939,200,US-East
2026-01-18 01:57:54,/search,DELETE,705,200,Europe
2026-02-28 12:18:02,/profile,DELETE,294,500,Europe
2026-02-18 22:49:36,/search,POST,682,200,Asia
2026-01-30 22:59:08,/orders,POST,480,200,Asia
2026-03-01 04:49:15,/login,DELETE,187,404,Asia
2026-03-07 05:50:56,/search,DELETE,290,200,Asia
2026-01-24 20:13:24,/profile,GET,261,500,Asia
2026-01-17 18:35:51,/profile,PUT,1154,200,Asia
2026-01-16 06:30:58,/orders,PUT,1099,200,Europe
2026-01-04 17:16:46,/profile,POST,133,200,Asia
2026-02-26 10:57:33,/search,POST,911,200,Europe
2026-02-20 00:56:59,/login,POST,855,500,Asia
2026-02-04 15:20:31,/payment,GET,860,200,Asia
2026-03-01 08:05:39,/search,DELETE,606,500,US-East
2026-02-03 13:50:10,/profile,DELETE,963,200,Asia
2026-01-10 21:31:22,/payment,PUT,568,404,Europe
2026-01-08 08:29:39,/profile,GET,616,404,Asia
2026-01-26 05:43:16,/orders,PUT,186,200,US-East
2026-01-07 03:41:43,/products,PUT,1160,200,Asia
2026-02-11 22:13:53,/login,DELETE,687,500,Europe
2026-01-21 23:58:17,/login,DELETE,719,404,US-East
2026-01-24 02:27:27,/payment,PUT,618,200,Europe
2026-02-19 02:18:28,/orders,POST,383,500,Europe
2026-01-09 15:55:18,/register,PUT,1172,404,Asia
2026-02-20 23:12:29,/profile,PUT,953,200,Europe
2026-02-28 05:48:04,/profile,PUT,981,404,US-East
2026-03-07 00:53:07,/login,PUT,986,200,US-East
2026-03-09 05:44:37,/register,GET,309,200,US-East
2026-01-02 10:58:29,/orders,GET,470,200,Europe
2026-03-15 06:55:31,/products,DELETE,672,200,Europe
2026-03-13 17:58:08,/profile,GET,1054,200,Europe
2026-03-11 17:08:53,/search,POST,1119,200,Europe
2026-01-13 00:17:15,/login,GET,75,500,Asia
2026-01-04 12:19:37,/register,POST,298,200,Asia
2026-01-13 23:53:49,/register,GET,1107,200,Asia
2026-03-06 08:57:11,/search,GET,59,200,Asia
2026-01-09 06:55:52,/search,POST,1116,404,Asia
2026-01-19 03:30:32,/payment,GET,417,200,Asia
2026-01-23 08:41:40,/login,POST,1148,404,US-East
2026-01-11 13:23:00,/search,DELETE,361,200,Asia
2026-01-31 10:23:22,/payment,DELETE,618,200,Europe
2026-02-13 09:05:31,/search,DELETE,445,200,US-East
2026-03-16 00:55:16,/payment,POST,1107,200,US-East
2026-02-11 07:33:24,/profile,POST,622,200,Asia
2026-01-02 17:33:31,/login,GET,401,404,Europe
2026-03-04 13:36:44,/payment,PUT,92,200,Europe
2026-01-31 09:38:24,/search,PUT,1078,200,Europe
2026-03-04 11:46:56,/payment,PUT,342,200,Asia
2026-01-22 15:47:35,/payment,DELETE,548,200,Europe
2026-02-27 08:37:47,/search,PUT,868,500,Asia
2026-01-18 11:26:11,/search,GET,314,200,Asia
2026-01-11 08:11:55,/profile,GET,728,200,Asia
2026-01-22 18:45:10,/profile,PUT,765,200,Asia
2026-03-08 13:15:32,/profile,DELETE,996,200,Asia
2026-01-22 12:50:10,/payment,GET,214,200,US-East
2026-01-06 00:18:53,/register,POST,559,200,Europe
2026-02-26 10:19:17,/orders,GET,926,200,US-East
2026-01-09 15:00:47,/products,PUT,305,404,US-East
2026-01-24 15:46:52,/login,POST,873,500,US-East
2026-02-15 16:42:36,/login,POST,803,404,Europe
2026-03-07 18:34:14,/login,PUT,393,200,Asia
2026-03-03 04:37:18,/products,PUT,964,500,Europe
2026-03-12 00:25:52,/payment,POST,443,200,US-East
2026-03-05 00:56:24,/register,POST,480,200,Asia
2026-01-12 03:38:46,/profile,POST,1028,200,Europe
2026-01-27 09:13:41,/orders,DELETE,464,404,US-East
2026-03-07 10:18:48,/login,POST,1016,500,Europe
2026-02-07 19:31:02,/register,DELETE,722,200,US-East
2026-01-23 13:26:16,/orders,GET,198,404,Asia
2026-02-05 21:48:32,/products,DELETE,154,200,Asia
2026-01-11 14:56:56,/login,DELETE,1087,200,Europe
2026-02-02 09:19:35,/profile,GET,254,200,US-East
2026-02-04 16:15:09,/payment,PUT,706,200,Asia
2026-02-22 01:46:03,/products,POST,1017,200,Europe
2026-01-13 07:23:04,/register,PUT,848,200,US-East
2026-01-23 02:13:52,/search,GET,686,200,Asia
2026-03-11 09:56:08,/register,PUT,109,404,US-East
2026-02-17 15:10:59,/register,GET,236,200,US-East
2026-03-02 10:30:55,/products,GET,154,200,Europe
2026-03-03 16:55:16,/register,PUT,684,404,Asia
2026-02-06 15:34:20,/payment,PUT,575,404,US-East
2026-01-09 00:09:04,/profile,GET,61,500,US-East
2026-03-05 13:10:44,/products,GET,144,200,Europe
2026-01-07 13:13:36,/search,POST,778,200,Europe
2026-01-07 18:17:21,/orders,PUT,206,404,Europe
2026-01-11 12:44:49,/products,GET,979,404,Europe
2026-01-06 13:24:50,/orders,DELETE,598,404,US-East
2026-02-27 04:05:39,/search,DELETE,1176,200,Europe
2026-01-01 05:39:36,/payment,GET,236,500,Asia
2026-02-23 10:05:15,/login,POST,489,200,US-East
2026-03-08 14:16:50,/products,DELETE,533,404,Asia
2026-02-03 00:14:11,/profile,PUT,1070,200,Asia
2026-02-17 21:06:01,/products,GET,426,404,Asia
2026-01-03 23:42:55,/products,POST,836,200,Europe
2026-02-22 00:37:25,/register,DELETE,1020,404,Asia
2026-01-19 18:53:46,/orders,GET,422,200,Asia
2026-01-27 05:20:56,/payment,POST,560,500,Asia
2026-01-03 05:44:44,/search,DELETE,402,200,Asia
2026-01-19 23:03:07,/login,PUT,181,200,US-East
2026-01-04 13:19:23,/profile,DELETE,393,200,Asia
2026-01-21 19:26:05,/register,DELETE,240,200,Europe
2026-01-16 20:31:32,/register,GET,1070,500,US-East
2026-03-07 19:27:40,/orders,PUT,921,200,Asia
2026-01-10 06:27:52,/products,POST,1055,500,Asia
2026-01-18 03:46:59,/search,PUT,1131,200,US-East
2026-02-09 04:07:44,/login,DELETE,1131,200,US-East
2026-01-03 16:38:26,/login,GET,622,200,US-East
2026-01-13 14:44:40,/login,POST,506,200,Asia
2026-03-01 09:52:24,/orders,PUT,825,200,US-East
2026-01-01 02:49:47,/search,GET,615,200,Europe
2026-03-05 20:34:36,/products,PUT,830,200,Asia
2026-02-24 06:06:19,/profile,POST,1115,200,US-East
2026-02-14 19:17:39,/search,GET,423,500,Europe
2026-01-15 00:39:10,/register,POST,404,200,US-East
2026-01-10 08:11:33,/register,DELETE,56,404,Asia
2026-02-01 21:36:22,/search,DELETE,1099,200,Asia
2026-03-07 22:29:02,/search,PUT,922,500,Europe
2026-01-13 13:42:48,/register,GET,427,404,Asia
2026-02-22 09:31:03,/payment,PUT,567,500,Europe
2026-01-21 16:40:07,/orders,GET,792,200,Europe
2026-02-13 15:10:12,/payment,GET,898,200,Asia
2026-03-15 08:28:46,/profile,GET,535,404,US-East
2026-03-09 06:00:56,/profile,DELETE,671,200,Asia
2026-02-11 03:44:22,/register,DELETE,900,200,Asia
2026-03-13 22:42:37,/search,PUT,400,404,Europe
2026-02-16 09:10:47,/profile,GET,862,200,US-East
2026-03-02 16:14:43,/payment,POST,231,404,Asia
2026-01-29 10:29:51,/profile,PUT,1038,404,US-East
2026-02-09 18:39:45,/orders,GET,603,500,Asia
2026-03-05 00:16:44,/orders,GET,457,200,Asia
2026-02-18 09:16:13,/orders,PUT,978,500,Asia
2026-01-22 03:15:37,/login,PUT,1084,500,US-East
2026-02-08 18:28:08,/products,POST,472,404,Europe
2026-01-23 14:55:16,/orders,POST,708,404,Europe
2026-01-15 08:41:07,/orders,POST,247,200,Asia
2026-01-06 11:27:08,/register,POST,451,200,Europe
2026-01-27 23:47:10,/search,DELETE,1195,200,Europe
2026-01-10 03:57:02,/orders,POST,1079,200,Asia
2026-01-25 04:44:49,/register,PUT,428,200,US-East
2026-01-18 23:44:01,/payment,GET,702,200,US-East
2026-02-22 08:56:10,/products,DELETE,376,200,US-East
2026-02-13 16:15:25,/orders,POST,59,500,Asia
2026-03-12 11:23:44,/products,DELETE,354,500,US-East
2026-01-27 04:17:09,/payment,DELETE,518,500,Asia
2026-02-18 13:35:20,/search,PUT,51,200,Europe
2026-01-06 07:12:52,/orders,POST,268,500,Asia
2026-03-03 10:07:20,/orders,POST,756,404,Asia
2026-02-18 09:17:38,/payment,GET,287,200,US-East
2026-01-13 06:14:35,/login,PUT,348,200,US-East
2026-01-14 02:14:29,/search,GET,659,200,Asia
2026-01-16 19:18:50,/login,PUT,1123,200,Europe
2026-02-14 14:00:56,/search,PUT,856,200,Europe
2026-02-11 20:03:00,/register,GET,1190,404,Asia
2026-01-19 12:24:19,/payment,DELETE,224,200,Europe
2026-02-12 01:21:59,/profile,DELETE,870,200,US-East
2026-03-08 19:57:49,/profile,POST,862,200,Asia
2026-02-26 20:39:05,/login,POST,259,200,Asia
2026-02-20 18:57:33,/profile,DELETE,500,404,US-East
2026-03-16 12:33:39,/login,DELETE,549,200,Europe
2026-02-06 02:03:11,/search,DELETE,352,200,Asia
2026-02-05 18:52:24,/register,DELETE,436,200,US-East
2026-02-12 01:43:46,/register,POST,654,200,US-East
2026-01-03 05:04:22,/login,DELETE,857,200,US-East
2026-01-17 15:42:03,/products,GET,68,200,US-East
2026-01-24 20:44:43,/login,DELETE,897,200,US-East
2026-02-05 03:22:40,/orders,DELETE,906,404,Europe
2026-02-27 11:17:34,/products,PUT,53,200,Europe
2026-01-30 05:30:26,/payment,GET,585,200,US-East
2026-02-07 10:06:22,/login,POST,203,500,Europe
2026-01-08 17:14:53,/orders,GET,955,200,Asia
2026-02-10 19:28:17,/orders,POST,672,200,US-East
2026-01-25 08:01:57,/orders,GET,1166,200,US-East
2026-02-19 01:20:10,/products,GET,771,200,Europe
2026-02-15 20:33:41,/profile,POST,327,404,US-East
2026-03-13 17:31:12,/register,GET,924,200,Asia
2026-01-06 07:01:49,/search,POST,488,200,Asia
2026-02-18 00:15:35,/profile,POST,367,500,Asia
2026-02-17 10:02:02,/register,GET,1069,404,Asia
2026-01-19 02:39:13,/search,GET,450,200,Asia
2026-02-27 13:38:20,/login,DELETE,321,500,Asia
2026-01-31 17:46:29,/register,GET,263,404,Asia
2026-01-06 14:41:28,/search,PUT,559,200,Europe
2026-02-11 16:06:00,/register,POST,125,200,Asia
2026-01-25 15:05:05,/search,POST,122,500,Asia
2026-01-18 14:37:53,/payment,GET,1063,200,US-East
2026-03-02 08:29:27,/login,DELETE,964,200,Asia
2026-01-11 23:01:32,/login,GET,331,200,US-East
2026-03-01 13:25:36,/products,POST,862,200,Europe
2026-02-05 08:31:54,/register,POST,1041,200,Europe
2026-03-04 15:05:59,/payment,DELETE,578,404,US-East
2026-01-21 21:31:12,/profile,PUT,1162,200,Europe
2026-01-28 15:13:56,/register,DELETE,630,500,Asia
2026-01-02 21:26:19,/search,POST,810,200,Asia
2026-02-19 23:09:09,/search,PUT,362,200,US-East
2026-01-07 08:35:56,/orders,GET,1106,200,US-East
2026-01-17 17:35:18,/search,POST,811,200,US-East
2026-02-04 17:32:58,/search,GET,185,200,Asia
2026-02-21 05:35:51,/payment,DELETE,199,500,Asia
2026-01-13 15:11:51,/register,GET,955,200,Asia
2026-01-11 16:50:38,/payment,POST,772,200,Asia
2026-02-12 22:58:29,/search,DELETE,399,200,US-East
2026-01-09 17:48:18,/login,POST,470,200,US-East
2026-02-03 17:41:22,/orders,POST,832,404,Europe
2026-02-14 04:09:46,/products,GET,586,404,Europe
2026-01-12 20:48:49,/search,PUT,961,200,US-East
2026-03-04 15:01:52,/register,DELETE,842,200,US-East
2026-01-31 04:58:13,/payment,GET,991,200,Europe
2026-03-01 01:34:56,/profile,POST,1182,200,US-East
2026-02-11 05:06:09,/search,POST,136,200,Europe
2026-02-11 03:27:43,/orders,POST,632,200,Asia
2026-01-25 20:53:07,/products,DELETE,1079,500,US-East
2026-02-07 03:36:38,/profile,DELETE,495,200,Asia
2026-03-12 11:33:11,/login,GET,102,404,Asia
2026-02-23 02:50:36,/search,DELETE,121,200,Asia
2026-03-03 06:42:38,/register,GET,478,200,Asia
2026-01-20 20:21:38,/login,PUT,507,200,Asia
2026-02-05 05:52:45,/search,POST,1084,200,US-East
2026-02-19 14:44:57,/search,DELETE,774,500,Europe
2026-03-13 00:10:23,/login,GET,290,200,US-East
2026-01-07 13:40:47,/orders,DELETE,688,404,Europe
2026-03-12 04:52:39,/profile,DELETE,592,200,Europe
2026-02-02 11:14:34,/profile,GET,259,404,US-East
2026-03-01 10:58:19,/login,POST,1135,404,Asia
2026-02-03 19:43:15,/payment,PUT,371,200,Europe
2026-03-09 21:22:17,/login,POST,365,200,US-East
2026-02-04 02:44:18,/products,DELETE,679,500,Europe
2026-01-06 06:22:51,/profile,DELETE,668,404,US-East
2026-03-06 03:43:22,/search,DELETE,1006,200,US-East
2026-01-16 17:47:15,/register,PUT,470,200,Asia
2026-01-31 20:41:15,/products,DELETE,432,200,Europe
2026-03-10 07:23:53,/payment,DELETE,835,200,US-East
2026-03-16 17:28:43,/profile,DELETE,844,404,Europe
2026-02-27 19:17:01,/products,PUT,165,500,US-East
2026-02-15 14:16:20,/login,DELETE,330,200,Asia
2026-02-02 14:26:59,/products,PUT,604,200,Europe
2026-01-27 21:34:15,/payment,PUT,253,500,Europe
2026-01-12 00:26:18,/register,PUT,404,200,US-East
2026-03-14 20:49:44,/profile,GET,588,200,US-East
2026-03-02 13:46:53,/search,DELETE,878,500,US-East
2026-02-01 01:21:26,/login,POST,1008,200,US-East
2026-02-22 05:42:19,/products,GET,1154,500,US-East
2026-02-27 16:10:14,/register,PUT,1158,200,Europe
2026-02-08 08:42:47,/register,POST,505,404,US-East
2026-03-03 06:55:14,/login,GET,564,500,US-East
2026-01-13 06:49:57,/login,PUT,668,200,Asia
2026-03-09 23:50:38,/login,DELETE,729,500,Asia
2026-02-06 16:56:43,/search,GET,857,200,Europe
2026-02-18 05:55:34,/profile,GET,968,500,Asia
2026-01-23 14:22:51,/login,DELETE,546,200,Asia
2026-03-07 18:32:40,/profile,POST,911,200,US-East
2026-01-14 03:56:02,/login,GET,1030,200,Asia
2026-01-03 06:10:29,/products,POST,275,200,Europe
2026-03-03 02:49:12,/profile,POST,733,200,Asia
2026-03-05 19:52:30,/register,POST,693,200,US-East
2026-02-02 18:10:20,/register,GET,860,200,Europe
2026-01-05 21:53:45,/profile,POST,1152,200,Asia
2026-01-13 09:32:29,/login,PUT,866,404,Europe
2026-02-06 12:01:21,/register,DELETE,51,200,Europe
2026-02-18 21:51:47,/profile,DELETE,1077,404,US-East
2026-02-23 13:40:39,/orders,GET,435,200,US-East
2026-01-30 15:14:52,/payment,DELETE,1069,200,US-East
2026-01-30 04:54:38,/login,POST,390,200,US-East
2026-03-04 19:46:52,/payment,PUT,279,200,US-East
2026-02-03 21:27:12,/register,PUT,452,200,Asia
2026-01-11 08:18:35,/products,POST,1062,200,Europe
2026-01-11 13:29:28,/search,DELETE,177,200,Asia
2026-02-15 16:32:29,/profile,PUT,559,404,Asia
2026-02-03 13:59:35,/profile,DELETE,324,200,US-East
2026-02-10 14:57:01,/payment,POST,185,200,Europe
2026-02-19 00:39:35,/search,PUT,507,200,Europe
2026-02-21 09:32:10,/orders,GET,199,500,US-East
2026-03-11 22:15:06,/search,PUT,982,200,Asia
2026-01-03 17:06:10,/profile,PUT,1116,404,US-East
2026-02-14 02:30:07,/search,DELETE,194,200,Asia
2026-02-17 23:09:33,/register,PUT,747,500,Asia
2026-03-12 08:43:40,/orders,POST,914,200,US-East
2026-02-08 10:29:08,/register,DELETE,177,500,US-East
2026-01-07 16:47:53,/search,POST,287,200,Asia
2026-01-27 17:50:38,/payment,PUT,934,200,Europe
2026-01-01 11:47:20,/orders,PUT,569,200,Asia
2026-02-04 22:57:14,/search,POST,489,200,US-East
2026-01-28 09:53:07,/register,POST,535,200,Asia
2026-01-16 19:26:57,/register,GET,1118,200,US-East
2026-01-18 19:46:11,/search,DELETE,84,200,Asia
2026-01-28 03:31:54,/orders,PUT,763,500,US-East
2026-02-18 04:38:39,/search,PUT,554,500,Europe
2026-03-14 08:52:44,/register,GET,470,404,Asia
2026-02-16 03:32:09,/search,DELETE,430,200,Asia
2026-02-19 00:20:34,/search,GET,266,200,Europe
2026-03-16 15:04:55,/products,GET,225,200,US-East
2026-01-22 22:30:10,/search,GET,414,500,US-East
2026-02-20 12:40:08,/orders,POST,122,404,Europe
2026-02-10 18:01:27,/register,DELETE,381,200,Asia
2026-02-14 16:06:29,/payment,DELETE,1129,200,Europe
2026-01-23 02:39:46,/orders,PUT,212,200,Europe
2026-02-18 04:31:31,/orders,PUT,1071,200,Asia
2026-01-25 21:50:08,/orders,DELETE,684,404,US-East
2026-01-27 01:47:06,/profile,PUT,72,200,US-East
2026-03-15 00:11:06,/search,DELETE,677,200,Asia
2026-01-15 21:18:17,/register,GET,53,404,Europe
2026-02-11 22:55:28,/search,DELETE,210,200,Europe
2026-02-04 09:48:50,/register,POST,1175,500,US-East
2026-01-31 21:34:29,/search,POST,820,200,US-East
2026-03-07 12:40:13,/orders,GET,407,500,Europe
2026-03-09 21:40:51,/register,POST,746,200,Europe
2026-01-21 14:42:59,/profile,PUT,651,200,US-East
2026-02-27 02:09:20,/orders,GET,660,200,Asia
2026-02-12 19:01:43,/payment,DELETE,893,200,US-East
2026-01-21 20:56:32,/profile,GET,1195,500,Europe
2026-01-04 04:03:23,/login,POST,1127,200,Europe
2026-01-04 03:16:38,/search,GET,1033,200,Europe
2026-01-31 05:26:14,/profile,GET,907,404,US-East
2026-03-07 00:57:05,/search,GET,468,200,US-East
2026-02-10 01:00:57,/products,POST,913,200,Asia
2026-01-14 04:59:14,/login,PUT,977,200,Europe
2026-02-13 00:07:11,/register,GET,534,200,Europe
2026-02-01 02:10:45,/orders,GET,808,404,Europe
2026-01-22 12:23:19,/login,POST,853,500,US-East
2026-01-13 23:41:28,/register,PUT,884,500,US-East
2026-03-03 11:03:50,/register,POST,1061,200,US-East
2026-01-24 04:47:40,/payment,DELETE,901,500,US-East
2026-02-18 09:27:17,/register,POST,931,404,Asia
2026-03-11 01:19:06,/products,GET,709,404,Asia
2026-03-15 05:26:01,/payment,PUT,395,200,US-East
2026-02-10 09:33:45,/payment,GET,275,200,Asia
2026-02-03 04:44:42,/products,POST,1086,200,US-East
2026-02-21 10:24:06,/products,GET,793,500,US-East
2026-02-07 11:30:56,/search,DELETE,159,200,Europe
2026-02-24 13:25:22,/profile,DELETE,790,200,Europe
2026-01-25 15:25:08,/products,POST,1028,200,Asia
2026-03-13 10:25:13,/register,PUT,1187,500,US-East
2026-01-31 13:13:06,/register,DELETE,115,200,Asia
2026-02-15 21:35:12,/payment,PUT,591,404,US-East
2026-03-06 18:33:17,/search,GET,975,200,Europe
2026-02-23 14:28:02,/search,PUT,628,200,Asia
2026-01-10 17:32:59,/register,POST,721,200,Europe
2026-01-03 13:44:42,/register,PUT,275,200,US-East
2026-01-22 22:35:37,/orders,GET,352,200,US-East
2026-02-02 09:40:15,/orders,PUT,1172,500,Europe
2026-02-14 21:05:28,/products,PUT,550,200,Asia
2026-02-13 00:21:33,/products,DELETE,517,200,Europe
2026-02-10 13:56:24,/payment,GET,696,500,Asia
2026-01-17 22:45:00,/login,GET,808,200,Europe
2026-01-30 02:42:29,/orders,PUT,320,500,US-East
2026-02-20 00:53:10,/orders,GET,1091,200,US-East
2026-01-06 13:02:23,/payment,PUT,815,500,Asia
2026-02-03 17:47:31,/products,GET,120,200,Europe
2026-01-09 22:01:21,/login,PUT,882,200,US-East
2026-02-27 21:24:08,/register,POST,158,404,Asia
2026-02-05 12:56:10,/register,GET,1090,200,Asia
2026-01-15 12:17:11,/profile,DELETE,1183,200,US-East
2026-01-27 01:52:07,/orders,POST,1125,200,Europe
2026-02-11 09:44:38,/payment,POST,1039,200,US-East
2026-01-13 19:44:16,/orders,POST,192,200,Asia
2026-01-06 22:32:31,/orders,PUT,106,200,Europe
2026-01-01 10:11:01,/products,DELETE,1191,200,Europe
2026-02-15 07:13:56,/search,POST,286,200,US-East
2026-01-19 15:37:45,/login,DELETE,385,200,Europe
2026-01-08 23:31:53,/orders,PUT,855,200,US-East
2026-02-21 20:58:17,/login,GET,143,200,US-East
2026-03-10 02:45:31,/products,PUT,837,404,US-East
2026-03-05 18:06:16,/products,POST,1194,200,US-East
2026-01-11 19:46:37,/orders,DELETE,144,200,Europe
2026-01-13 23:46:05,/search,GET,138,200,Europe
2026-03-11 17:05:07,/search,POST,987,404,US-East
2026-01-12 22:29:13,/products,DELETE,793,500,US-East
2026-01-06 01:56:00,/orders,DELETE,1152,200,Europe
2026-02-14 06:46:32,/orders,GET,867,200,Asia
2026-02-10 11:07:02,/login,GET,569,200,US-East
2026-03-04 01:59:07,/login,PUT,1061,200,Asia
2026-02-01 19:51:28,/search,PUT,1188,200,Asia
2026-01-06 00:11:40,/register,GET,72,500,Asia
2026-03-13 09:57:42,/payment,POST,823,200,US-East
2026-02-12 06:14:16,/register,PUT,97,200,Asia
2026-02-25 00:24:55,/login,POST,573,200,Asia
2026-01-14 22:08:28,/register,PUT,255,404,Europe
2026-02-23 05:12:22,/search,PUT,212,404,Europe
2026-02-06 07:23:27,/login,DELETE,619,200,Asia
2026-03-07 11:41:07,/payment,PUT,95,500,Asia
2026-01-11 23:42:24,/products,POST,1177,200,Europe
2026-02-07 02:19:43,/orders,DELETE,518,200,Asia
2026-01-15 08:29:10,/search,DELETE,853,200,Asia
2026-02-08 13:35:02,/login,PUT,84,404,Asia
2026-01-06 08:18:39,/search,POST,1154,200,US-East
2026-01-06 23:02:26,/search,DELETE,754,404,Asia
2026-01-06 19:14:41,/login,DELETE,179,500,Europe
2026-02-15 17:03:01,/search,PUT,1116,200,US-East
2026-02-01 12:48:53,/payment,DELETE,853,200,Asia
2026-02-02 21:11:44,/login,GET,1088,500,Asia
2026-01-04 00:10:30,/register,GET,1038,404,US-East
2026-01-08 00:01:25,/orders,PUT,138,200,Europe
2026-03-09 07:24:32,/profile,DELETE,148,200,Europe
2026-03-12 03:30:26,/search,GET,1036,500,US-East
2026-02-24 19:29:35,/login,GET,386,404,Asia
2026-01-10 05:46:56,/register,PUT,800,500,Europe
2026-03-04 01:35:05,/payment,DELETE,834,200,US-East
2026-03-02 17:27:39,/register,DELETE,219,200,Asia
2026-03-15 04:27:26,/register,PUT,911,200,Europe
2026-03-11 22:15:40,/search,PUT,743,500,US-East
2026-01-11 13:17:16,/products,DELETE,488,200,Asia
2026-01-20 13:15:33,/search,DELETE,965,200,Europe
2026-01-11 02:14:45,/products,POST,480,500,US-East
2026-02-05 01:18:38,/payment,POST,1170,200,Asia
2026-01-20 16:18:51,/orders,PUT,890,200,US-East
2026-03-14 03:13:00,/login,DELETE,1016,200,Europe
2026-02-22 10:31:48,/register,DELETE,231,200,US-East
2026-01-01 00:37:16,/products,PUT,891,404,Europe
2026-01-07 21:50:30,/search,PUT,743,200,Europe
2026-02-03 16:58:37,/products,GET,1049,200,US-East
2026-02-28 22:11:10,/payment,DELETE,883,200,Europe
2026-01-05 06:08:15,/login,PUT,125,500,Europe
2026-02-13 10:16:57,/login,PUT,522,200,Europe
2026-01-24 19:59:54,/register,PUT,1056,200,US-East
2026-02-25 13:11:55,/register,PUT,109,500,Europe
2026-01-26 15:13:44,/login,GET,341,200,US-East
2026-03-13 12:59:42,/payment,DELETE,924,500,Asia
2026-01-15 19:18:16,/login,PUT,1036,500,Europe
2026-01-03 03:52:46,/orders,GET,365,200,Asia
2026-02-07 18:10:23,/profile,PUT,415,200,Europe
2026-02-19 13:47:43,/profile,PUT,505,200,Asia
2026-03-10 00:39:24,/profile,GET,757,404,Europe
2026-01-20 15:37:46,/login,PUT,1183,404,US-East
2026-03-13 00:06:58,/profile,GET,914,200,US-East
2026-01-22 23:46:13,/profile,GET,942,200,Europe
2026-03-01 12:22:20,/login,POST,922,200,Asia
2026-01-02 20:54:29,/payment,GET,1027,200,US-East
2026-01-26 13:38:10,/profile,POST,925,404,Europe
2026-01-11 05:03:17,/search,DELETE,1191,500,Europe
2026-02-18 22:26:36,/search,GET,100,200,Asia
2026-01-23 07:40:13,/search,GET,595,200,US-East
2026-02-10 19:01:38,/payment,POST,469,404,Asia
2026-01-24 15:57:26,/register,GET,202,200,Europe
2026-02-27 12:41:25,/profile,POST,739,200,Asia
2026-01-06 13:51:14,/profile,DELETE,215,200,US-East
2026-02-05 01:18:49,/login,DELETE,214,500,Europe
2026-03-10 16:07:19,/login,GET,848,200,Asia
2026-02-01 01:33:05,/register,DELETE,629,200,Europe
2026-01-06 20:54:23,/profile,PUT,847,500,Europe
2026-01-28 18:52:50,/profile,GET,841,404,Asia
2026-03-08 22:08:39,/orders,DELETE,1134,500,Europe
2026-02-06 05:53:50,/login,DELETE,480,200,US-East
2026-02-12 09:20:53,/search,DELETE,1196,200,Europe
2026-01-11 23:01:36,/payment,PUT,931,200,US-East
2026-02-27 07:35:04,/register,GET,381,404,Europe
2026-01-01 03:15:33,/register,DELETE,123,404,Europe
2026-02-19 04:50:28,/login,GET,1098,200,Asia
2026-01-21 17:30:59,/products,PUT,222,200,Asia
2026-03-16 11:29:04,/login,PUT,1184,200,US-East
2026-03-12 06:27:50,/search,POST,527,200,Europe
2026-03-06 02:26:01,/search,GET,894,200,Asia
2026-01-17 04:30:28,/orders,POST,277,200,Europe
2026-03-04 05:05:27,/profile,POST,947,500,US-East
2026-02-26 08:19:05,/register,GET,441,404,Asia
2026-02-18 16:43:09,/profile,POST,493,200,US-East
2026-02-26 09:29:58,/profile,POST,476,200,US-East
2026-01-25 22:37:06,/orders,DELETE,907,200,Europe
2026-01-18 14:39:49,/login,POST,836,500,Asia
2026-02-20 09:56:00,/search,POST,875,500,US-East
2026-01-10 06:46:14,/register,POST,235,404,Europe
2026-01-13 16:07:03,/orders,DELETE,866,200,US-East
2026-01-15 18:36:36,/register,PUT,1185,200,US-East
2026-01-01 08:12:42,/orders,DELETE,82,200,Europe
2026-03-04 02:05:57,/register,POST,1177,200,US-East
2026-03-16 14:23:07,/products,GET,91,500,US-East
2026-02-27 15:32:10,/search,DELETE,389,200,Asia
2026-02-04 12:53:56,/payment,GET,145,200,Europe
2026-01-27 00:20:08,/profile,DELETE,962,200,US-East
2026-03-04 15:49:03,/orders,GET,691,500,Europe
2026-02-10 19:35:08,/products,DELETE,1135,200,Europe
2026-03-05 21:56:13,/products,POST,602,200,Asia
2026-01-05 18:20:53,/payment,DELETE,284,200,US-East
2026-02-13 12:33:16,/products,PUT,1190,200,US-East
2026-03-12 09:23:29,/profile,GET,68,200,US-East
2026-01-04 07:26:58,/payment,DELETE,453,200,Asia
2026-02-01 15:31:37,/register,POST,217,200,US-East
2026-01-09 22:24:01,/login,PUT,69,500,Europe
2026-01-27 20:58:23,/login,GET,537,200,US-East
2026-02-03 07:07:12,/search,DELETE,342,200,US-East
2026-01-28 22:49:00,/payment,PUT,90,200,Europe
2026-01-17 23:11:52,/orders,PUT,497,500,US-East
2026-01-05 18:01:05,/orders,DELETE,489,200,US-East
2026-03-11 19:16:00,/register,POST,98,200,Asia
2026-02-26 13:31:20,/login,DELETE,451,200,Europe
2026-01-18 12:53:22,/register,GET,105,500,US-East
2026-02-02 09:17:48,/orders,POST,626,200,Europe
2026-03-10 14:51:59,/payment,GET,448,200,Asia
2026-03-07 00:32:14,/payment,GET,490,200,Europe
2026-02-11 16:30:36,/register,DELETE,740,500,Asia
2026-01-10 06:39:53,/search,POST,163,200,Asia
2026-02-27 02:28:59,/payment,PUT,284,200,Europe
2026-01-27 22:07:21,/register,POST,122,200,US-East
2026-02-22 12:07:27,/search,PUT,649,404,US-East
2026-01-20 00:35:24,/orders,GET,1100,200,Europe
2026-02-23 08:15:46,/payment,DELETE,871,404,Asia
2026-01-04 07:38:20,/orders,GET,1036,200,US-East
2026-01-04 01:24:06,/search,DELETE,631,200,Europe
2026-01-31 08:38:08,/login,DELETE,1119,200,Asia
2026-03-09 11:31:13,/profile,POST,144,404,Europe
2026-02-02 20:29:33,/profile,PUT,997,200,Asia
2026-02-08 09:18:13,/login,DELETE,625,200,Europe
2026-02-08 04:54:27,/products,PUT,973,200,Europe
2026-01-10 05:03:59,/profile,PUT,625,404,Europe
2026-01-12 15:37:21,/orders,GET,1004,200,US-East
2026-01-23 12:29:12,/products,POST,615,200,Asia
2026-02-20 14:33:15,/orders,POST,903,200,Asia
2026-01-06 03:47:49,/products,POST,953,200,US-East
2026-01-21 08:39:04,/search,PUT,156,200,Asia
2026-03-16 08:29:59,/products,POST,901,200,Asia
2026-02-03 05:55:03,/orders,POST,1171,200,Europe
2026-03-14 05:55:29,/payment,GET,203,200,Europe
2026-03-16 02:20:42,/login,GET,991,200,US-East
2026-01-16 13:11:17,/login,PUT,152,200,US-East
2026-03-12 14:00:40,/profile,DELETE,759,200,US-East
2026-03-08 15:03:15,/login,DELETE,299,200,US-East
2026-02-01 16:58:06,/login,GET,995,200,US-East
2026-01-25 05:35:51,/products,PUT,459,200,Europe
2026-02-04 20:56:05,/profile,GET,135,200,US-East
2026-02-04 03:50:02,/register,POST,315,500,US-East
2026-02-03 17:57:47,/payment,POST,840,200,US-East
2026-03-04 10:24:26,/products,PUT,548,200,Asia
2026-01-21 14:10:44,/profile,PUT,678,200,Europe
2026-02-19 13:14:07,/products,POST,741,500,Europe
2026-01-10 20:04:12,/search,GET,314,200,US-East
2026-02-28 02:10:10,/payment,PUT,204,200,Europe
2026-02-04 06:17:32,/orders,POST,716,200,Asia
2026-01-08 20:50:40,/register,POST,345,200,US-East
2026-01-09 18:24:51,/search,DELETE,307,200,US-East
2026-01-20 20:54:32,/profile,POST,777,500,Europe
2026-02-01 22:44:43,/orders,PUT,813,200,US-East
2026-02-18 11:01:25,/login,GET,962,500,Asia
2026-03-12 18:24:44,/register,GET,928,200,Asia
2026-02-11 23:44:54,/search,DELETE,340,200,Europe
2026-01-02 01:01:26,/register,POST,700,200,US-East
2026-01-10 22:25:58,/orders,POST,458,200,Europe
2026-02-04 06:23:56,/products,DELETE,521,200,US-East
2026-02-22 16:42:05,/profile,POST,348,200,Europe
2026-02-19 10:47:49,/login,POST,790,200,Asia
2026-01-23 08:23:19,/products,GET,545,200,Europe
2026-02-14 23:06:07,/orders,DELETE,705,200,Asia
2026-02-17 19:59:47,/payment,DELETE,842,200,Europe
2026-01-20 03:28:39,/register,PUT,645,500,US-East
2026-01-18 03:05:43,/orders,DELETE,1144,200,Asia
2026-03-03 12:51:42,/login,DELETE,430,404,Europe
2026-01-05 00:46:23,/search,GET,143,500,Europe
2026-01-19 19:35:20,/register,POST,1013,200,Europe
2026-02-03 10:35:04,/profile,POST,447,500,US-East
2026-01-10 09:14:28,/payment,PUT,799,404,US-East
2026-02-08 06:20:51,/login,POST,895,200,US-East
2026-01-22 02:08:59,/profile,POST,656,200,US-East
2026-02-15 14:18:27,/payment,GET,821,200,US-East
2026-02-20 20:54:44,/orders,GET,401,200,Europe
2026-01-17 02:35:19,/profile,PUT,679,200,Europe
2026-03-11 06:37:29,/orders,GET,937,200,Asia
2026-03-08 17:17:42,/profile,GET,122,500,US-East
2026-02-02 10:06:07,/orders,DELETE,724,404,US-East
2026-02-21 10:45:59,/payment,PUT,491,200,US-East
2026-01-10 08:04:21,/profile,GET,651,200,Europe
2026-03-15 04:01:30,/orders,POST,445,500,Europe
2026-01-16 15:53:08,/register,PUT,469,404,US-East
2026-03-05 22:10:52,/login,POST,1065,200,Europe
2026-02-16 20:08:46,/login,GET,334,500,US-East
2026-03-01 04:45:13,/payment,GET,197,500,US-East
2026-02-24 19:36:31,/search,PUT,904,200,US-East
2026-01-30 23:58:25,/products,DELETE,593,200,Europe
2026-02-01 13:44:47,/login,POST,960,500,Asia
2026-01-08 12:14:41,/profile,DELETE,1061,200,US-East
2026-01-09 06:39:43,/payment,DELETE,887,200,US-East
2026-02-23 02:53:23,/orders,DELETE,361,404,US-East
2026-02-21 03:50:31,/profile,POST,711,200,Asia
2026-01-18 18:21:30,/register,POST,547,500,Europe
2026-03-16 18:32:56,/profile,POST,75,200,US-East
2026-03-16 09:50:29,/payment,PUT,561,500,Asia
2026-02-08 23:31:21,/search,POST,595,200,Asia
2026-02-04 16:48:28,/register,PUT,1041,200,Asia
2026-03-05 09:43:18,/login,PUT,1010,404,Europe
2026-01-09 22:08:59,/profile,GET,988,500,Asia
2026-02-07 03:07:58,/login,DELETE,754,200,US-East
2026-01-27 07:59:24,/orders,DELETE,518,200,Europe
2026-01-10 12:41:07,/profile,PUT,912,200,Europe
2026-02-08 18:05:15,/payment,POST,364,200,US-East
2026-01-15 15:58:32,/login,GET,1077,500,Europe
2026-03-11 20:35:09,/payment,GET,236,500,US-East
2026-02-12 02:14:19,/products,POST,672,500,Asia
2026-02-13 22:42:15,/search,PUT,243,500,Asia
2026-01-08 23:54:25,/orders,DELETE,989,200,US-East
2026-03-10 17:50:50,/payment,PUT,671,404,Europe
2026-01-08 02:10:31,/payment,POST,584,404,Asia
2026-03-14 20:19:33,/login,PUT,600,200,US-East
2026-02-12 21:28:42,/login,PUT,974,500,US-East
2026-02-25 17:33:57,/search,PUT,454,200,US-East
2026-02-13 01:50:26,/login,POST,1004,500,Europe
2026-01-15 17:47:30,/orders,POST,160,404,US-East
2026-02-20 02:03:12,/products,PUT,171,500,Europe
2026-01-28 09:29:33,/login,GET,173,200,US-East
2026-02-11 21:56:53,/products,GET,522,500,US-East
2026-01-08 23:57:56,/profile,POST,1170,404,Europe
2026-01-15 11:20:26,/register,PUT,992,200,Asia
2026-03-10 11:41:45,/login,PUT,169,200,Europe
2026-01-16 06:58:41,/search,GET,282,200,Asia
2026-01-14 05:02:19,/payment,PUT,350,200,Europe
2026-01-16 18:36:55,/profile,POST,486,500,Europe
2026-02-27 09:16:22,/orders,POST,452,200,Asia
2026-02-12 18:03:09,/login,PUT,558,200,US-East
2026-03-04 15:42:58,/login,GET,1026,200,Europe
2026-03-10 09:39:05,/login,DELETE,139,500,US-East
2026-02-06 00:56:57,/register,POST,842,200,US-East
2026-02-28 08:23:59,/orders,POST,268,200,Europe
2026-02-12 19:37:05,/login,GET,964,404,Asia
2026-01-19 05:45:22,/products,POST,1033,200,Asia
2026-02-16 04:24:57,/orders,GET,659,500,Europe
2026-01-12 13:26:08,/search,POST,861,200,US-East
2026-01-08 00:11:10,/payment,DELETE,1069,200,Asia
2026-02-02 15:19:15,/register,DELETE,584,200,Europe
2026-02-15 02:24:37,/profile,POST,87,404,US-East
2026-03-10 13:07:10,/products,POST,1061,200,Asia
2026-01-31 11:13:29,/payment,PUT,1015,200,US-East
2026-01-28 17:46:24,/login,PUT,70,200,Europe
2026-01-30 06:18:52,/search,GET,1186,200,Europe
2026-02-22 13:16:10,/register,GET,664,200,US-East
2026-03-03 03:48:28,/search,DELETE,172,200,Europe
2026-03-15 13:19:29,/register,GET,223,500,US-East
2026-01-24 00:56:49,/payment,GET,107,200,US-East
2026-01-31 09:16:59,/profile,POST,235,404,Asia
2026-01-21 13:43:20,/register,DELETE,1074,200,US-East
2026-01-14 21:06:49,/search,DELETE,1104,404,US-East
2026-02-08 18:29:57,/payment,POST,823,200,Asia
2026-01-13 23:54:02,/login,DELETE,196,404,US-East
2026-03-16 04:36:48,/profile,PUT,1064,500,Asia
2026-01-16 12:08:35,/login,DELETE,475,404,US-East
2026-01-16 08:46:13,/profile,GET,565,500,Asia
2026-01-02 18:21:25,/orders,POST,850,500,US-East
2026-01-05 13:12:01,/login,PUT,1004,404,US-East
2026-03-06 00:30:07,/login,POST,655,200,Asia
2026-03-15 05:59:33,/products,GET,1035,200,US-East
2026-01-03 11:15:54,/payment,DELETE,511,200,US-East
2026-01-20 23:11:11,/login,GET,128,500,Asia
2026-03-09 18:17:04,/payment,GET,324,404,Europe
2026-01-04 11:53:44,/register,POST,738,200,US-East
2026-01-19 21:15:49,/orders,POST,1067,200,Europe
2026-01-11 18:17:07,/register,PUT,148,200,US-East
2026-01-12 19:03:15,/products,GET,1000,200,US-East
2026-02-16 21:35:33,/register,DELETE,1072,500,Europe
2026-03-10 22:03:23,/search,PUT,207,200,Asia
2026-01-18 00:09:48,/payment,DELETE,861,200,Asia
2026-02-03 16:12:52,/login,DELETE,681,500,Europe
2026-01-25 01:19:52,/profile,PUT,845,200,Asia
2026-01-19 07:51:31,/profile,GET,987,200,US-East
2026-01-26 13:29:31,/profile,GET,737,200,Asia
2026-02-04 21:49:27,/products,POST,791,200,Asia
2026-02-12 21:35:33,/products,PUT,710,200,US-East
2026-03-07 09:53:28,/register,GET,1012,200,US-East
2026-01-17 23:37:30,/payment,POST,158,200,US-East
2026-01-09 05:55:16,/search,GET,1159,500,Asia
2026-01-28 07:54:33,/payment,GET,797,200,Asia
2026-02-10 13:15:59,/payment,DELETE,952,200,Asia
2026-01-28 13:34:35,/search,PUT,657,500,US-East
2026-03-10 04:51:49,/login,PUT,709,200,Asia
2026-01-09 20:03:24,/search,POST,1034,500,Asia
2026-03-15 22:48:34,/profile,PUT,802,404,US-East
2026-02-05 15:39:18,/search,DELETE,419,404,US-East
2026-02-01 08:22:59,/payment,POST,263,404,US-East
2026-02-28 00:34:38,/search,PUT,77,500,Asia
2026-01-28 00:36:47,/profile,PUT,540,200,Asia
2026-02-17 10:34:52,/login,DELETE,135,500,Europe
2026-01-16 14:41:12,/register,GET,630,200,US-East
2026-02-04 11:36:10,/register,GET,669,200,Europe
2026-02-12 19:33:54,/profile,DELETE,433,200,Europe
2026-03-10 05:56:02,/payment,PUT,852,200,Asia
2026-01-02 18:58:19,/register,POST,144,200,Asia
2026-01-19 08:25:20,/products,POST,562,500,US-East
2026-01-06 02:54:58,/profile,POST,958,200,Asia
2026-01-14 02:54:42,/profile,PUT,259,500,US-East
2026-03-08 01:58:10,/profile,DELETE,521,404,US-East
2026-01-20 23:26:02,/register,PUT,795,500,Europe
2026-03-02 16:35:21,/register,POST,1103,200,Europe
2026-01-27 04:24:05,/payment,PUT,159,500,US-East
2026-02-16 23:22:14,/products,DELETE,719,404,Europe
2026-02-13 08:07:20,/orders,POST,1138,200,Europe
2026-02-18 05:27:04,/payment,POST,1072,200,Asia
2026-02-24 16:45:04,/register,GET,214,200,Europe
2026-02-01 01:31:24,/login,DELETE,704,200,Asia
2026-02-21 11:18:45,/search,POST,1101,200,US-East
2026-02-20 09:00:13,/profile,GET,789,200,Asia
2026-01-19 15:41:20,/products,GET,400,404,US-East
2026-01-05 16:53:56,/login,POST,942,500,Asia
2026-03-05 08:50:47,/orders,PUT,871,200,Asia
2026-02-09 01:09:33,/login,GET,933,200,US-East
2026-02-15 09:29:25,/profile,GET,360,200,US-East
2026-02-04 15:33:03,/search,PUT,766,200,Europe
2026-02-18 01:52:55,/register,GET,1131,500,Europe
2026-03-11 11:51:02,/search,GET,206,200,US-East
2026-02-08 14:46:41,/profile,PUT,810,200,Asia
2026-02-12 20:15:53,/profile,GET,398,404,Europe
2026-02-05 04:21:05,/register,GET,817,500,US-East
2026-03-13 23:45:45,/products,DELETE,516,500,Asia
2026-02-14 13:02:08,/register,GET,437,200,Asia
2026-01-11 03:07:34,/orders,DELETE,285,200,US-East
2026-02-09 17:52:30,/login,DELETE,509,200,Asia
2026-02-03 06:11:52,/payment,GET,508,200,Asia
2026-03-16 12:42:49,/products,DELETE,52,200,Europe
2026-01-31 20:10:08,/register,POST,299,404,US-East
2026-01-03 09:32:35,/payment,GET,440,200,Asia
2026-01-13 09:48:40,/payment,POST,745,200,Asia
2026-01-29 21:10:23,/search,GET,948,200,US-East
2026-02-17 22:36:30,/products,PUT,359,200,Asia
2026-01-12 09:40:41,/payment,PUT,53,200,Europe
2026-01-25 09:11:53,/products,GET,688,404,Asia
2026-01-05 15:16:57,/search,PUT,296,500,Europe
2026-01-30 09:02:13,/payment,PUT,445,200,Asia
2026-01-02 09:45:16,/register,POST,826,500,US-East
2026-03-05 21:50:01,/register,POST,1056,500,Europe
2026-02-28 10:26:59,/login,PUT,126,500,Europe
2026-02-12 08:07:41,/orders,POST,94,200,Asia
2026-01-13 00:48:09,/profile,POST,949,200,Asia
2026-01-26 04:19:02,/profile,PUT,1104,500,US-East
2026-03-03 02:07:44,/payment,GET,439,500,Europe
2026-01-17 18:36:25,/products,PUT,295,200,US-East
2026-02-01 18:47:07,/payment,POST,472,500,Asia
2026-01-08 01:51:08,/register,POST,485,200,US-East
2026-01-13 02:17:47,/search,DELETE,788,500,US-East
2026-01-13 16:20:27,/payment,DELETE,859,200,Asia
2026-03-05 09:35:01,/payment,GET,949,200,Europe
2026-03-12 17:01:46,/login,GET,979,200,Asia
2026-02-20 08:19:53,/profile,DELETE,760,200,US-East
2026-01-14 11:19:12,/login,PUT,833,500,Europe
2026-01-04 05:58:57,/orders,PUT,78,500,Asia
2026-01-15 01:21:37,/payment,PUT,1045,404,Europe
2026-01-13 13:14:04,/payment,PUT,565,200,US-East
2026-02-19 21:17:44,/profile,DELETE,318,500,US-East
2026-01-25 23:48:48,/register,GET,140,404,Asia
2026-03-14 07:14:07,/orders,PUT,764,500,US-East
2026-03-04 22:36:42,/products,GET,935,200,US-East
2026-02-01 21:10:57,/register,PUT,846,200,Europe
2026-02-08 19:59:57,/profile,GET,64,404,Asia
2026-01-25 01:08:58,/login,GET,778,404,Asia
2026-01-30 18:28:54,/search,POST,696,200,Europe
2026-02-21 01:11:00,/login,GET,334,200,Europe
2026-01-16 12:12:38,/login,DELETE,1025,200,Europe
2026-01-01 12:11:28,/search,DELETE,194,200,Asia
2026-03-07 22:04:52,/profile,POST,691,200,Asia
2026-02-21 14:38:30,/profile,PUT,704,404,Asia
2026-02-23 00:20:21,/orders,GET,740,200,Asia
2026-02-09 15:33:27,/search,PUT,165,200,Asia
2026-02-11 03:35:49,/payment,POST,721,200,US-East
2026-03-06 19:42:20,/register,DELETE,756,200,Europe
2026-01-12 00:54:53,/login,PUT,1031,200,US-East
2026-02-17 05:26:11,/products,GET,944,200,Europe
2026-02-16 08:49:21,/register,POST,463,200,US-East
2026-01-09 21:39:36,/profile,PUT,1094,200,Asia
2026-01-31 10:04:34,/login,DELETE,265,200,Europe
2026-01-24 21:58:24,/login,DELETE,514,200,Asia
2026-01-14 21:16:04,/register,POST,540,200,US-East
2026-01-09 21:09:21,/products,PUT,1035,500,US-East
2026-03-14 23:39:23,/payment,GET,384,200,Europe
2026-01-11 17:37:48,/register,GET,562,200,Europe
2026-01-15 22:14:51,/payment,GET,975,200,Europe
2026-01-02 00:15:23,/orders,POST,547,200,Europe
2026-01-16 10:24:32,/products,POST,486,200,Asia
2026-02-16 18:46:55,/search,POST,111,200,Europe
2026-03-15 07:33:17,/products,GET,402,200,Asia
2026-03-05 03:21:06,/register,DELETE,331,200,US-East
2026-02-04 22:38:38,/register,DELETE,322,500,Asia
2026-01-16 02:37:10,/search,POST,1089,200,Europe
2026-02-08 02:53:39,/search,POST,968,500,Europe
2026-01-10 18:52:54,/profile,POST,1163,200,US-East
2026-01-29 18:23:38,/login,PUT,130,200,Asia
2026-02-05 22:33:27,/register,PUT,380,200,US-East
2026-03-10 14:08:41,/orders,POST,591,200,US-East
2026-01-13 04:41:57,/payment,GET,340,200,Asia
2026-01-07 01:55:48,/payment,DELETE,261,200,Europe
2026-03-16 03:38:27,/search,DELETE,1052,200,Europe
2026-01-30 04:12:26,/login,GET,1197,404,US-East
2026-02-24 03:13:18,/register,DELETE,1053,404,Asia
2026-01-21 22:41:14,/search,GET,754,404,Europe
2026-03-08 10:10:59,/register,POST,1046,404,Asia
2026-02-13 17:20:01,/login,PUT,492,200,Europe
2026-03-07 21:49:41,/search,GET,239,404,Asia
2026-01-21 00:29:23,/search,GET,785,200,Europe
2026-01-19 16:08:27,/register,PUT,212,200,Asia
2026-02-14 18:56:46,/register,PUT,912,500,Europe
2026-01-18 03:35:04,/login,PUT,1181,200,Europe
2026-01-12 18:25:42,/profile,DELETE,1024,200,US-East
2026-02-23 12:58:55,/products,GET,980,404,US-East
2026-03-05 06:09:48,/orders,GET,545,200,Asia
2026-03-16 07:49:07,/profile,GET,989,200,US-East
2026-02-17 17:00:21,/orders,DELETE,386,200,Asia
2026-02-10 10:45:51,/profile,PUT,211,200,US-East
2026-03-06 07:06:01,/payment,POST,950,200,US-East
2026-01-01 21:17:20,/login,GET,1101,200,Asia
2026-03-11 00:52:40,/orders,PUT,464,404,US-East
2026-03-09 05:05:26,/register,DELETE,849,200,US-East
2026-01-18 22:28:46,/register,DELETE,860,200,US-East
2026-03-07 19:55:25,/search,DELETE,375,200,Asia
2026-02-04 07:04:07,/register,DELETE,337,200,US-East
2026-01-03 17:09:40,/profile,DELETE,309,200,Asia
2026-02-03 20:49:50,/login,GET,151,200,Asia
2026-01-02 20:53:43,/register,GET,1144,200,Europe
2026-02-03 17:03:49,/login,DELETE,469,200,Europe
2026-02-19 18:19:48,/profile,DELETE,667,200,US-East
2026-01-07 18:31:35,/search,DELETE,262,500,Asia
2026-03-04 20:04:15,/register,GET,346,200,US-East
2026-02-03 12:34:50,/profile,PUT,698,500,Asia
2026-02-08 08:23:27,/orders,GET,875,200,Europe
2026-02-10 16:16:14,/profile,PUT,711,200,Europe
2026-01-05 09:52:17,/products,POST,1197,500,US-East
2026-03-09 20:00:20,/products,POST,1163,200,Asia
2026-01-11 03:21:55,/profile,POST,795,500,Asia
2026-01-31 09:06:25,/products,PUT,623,500,US-East
2026-01-18 11:30:25,/register,PUT,99,500,US-East
2026-01-04 21:24:26,/products,PUT,994,200,US-East
2026-01-05 22:06:09,/register,DELETE,1147,200,US-East
2026-03-12 07:09:25,/orders,POST,1124,200,Asia
2026-03-05 10:57:35,/profile,GET,1134,200,US-East
2026-03-09 08:59:08,/login,DELETE,677,200,US-East
2026-01-28 21:49:56,/profile,PUT,922,500,US-East
2026-03-15 14:23:53,/products,DELETE,936,200,Asia
2026-01-26 22:37:55,/payment,PUT,784,404,Europe
2026-02-22 16:00:43,/login,DELETE,809,200,Europe
2026-02-20 07:48:28,/register,GET,201,404,Europe
2026-02-19 21:31:41,/search,GET,896,200,US-East
2026-01-26 19:02:46,/payment,POST,1046,404,US-East
2026-01-09 13:06:17,/payment,GET,280,200,Europe
2026-03-02 16:03:22,/login,POST,958,200,Asia
2026-03-11 07:45:23,/products,POST,856,200,Europe
2026-02-28 03:32:10,/profile,PUT,1184,200,Asia
2026-03-09 16:49:49,/register,POST,745,200,Europe
2026-03-16 23:55:47,/search,DELETE,465,500,US-East
2026-01-08 19:46:49,/profile,PUT,540,200,Europe
2026-01-03 16:08:37,/products,POST,141,200,US-East
2026-01-25 00:15:21,/orders,DELETE,182,404,Europe
2026-02-24 09:50:58,/products,POST,1162,200,US-East
2026-01-16 19:44:43,/profile,POST,1028,200,Asia
2026-02-17 23:52:40,/register,GET,458,200,US-East
2026-02-17 19:04:59,/register,POST,835,500,US-East
2026-03-11 05:02:40,/search,PUT,609,200,US-East
2026-02-02 23:48:18,/register,GET,84,200,US-East
2026-03-03 22:44:20,/register,POST,890,200,Asia
2026-02-01 23:21:40,/orders,GET,933,200,US-East
2026-01-17 15:42:24,/payment,GET,735,200,US-East
2026-01-26 07:01:30,/login,PUT,260,404,US-East
2026-02-15 23:16:02,/payment,GET,243,404,US-East
2026-02-18 18:55:05,/register,DELETE,122,200,US-East
2026-03-15 06:20:24,/orders,POST,829,200,US-East
2026-03-14 23:08:18,/payment,DELETE,712,200,US-East
2026-01-18 22:06:06,/register,POST,950,200,Europe
2026-01-06 01:14:21,/products,PUT,954,404,US-East
2026-03-02 16:54:18,/payment,DELETE,618,200,Europe
2026-01-12 22:38:15,/login,DELETE,185,500,Europe
2026-02-22 15:30:23,/orders,PUT,1123,404,US-East
2026-01-02 10:23:12,/search,DELETE,200,404,Europe
2026-02-21 21:31:01,/profile,DELETE,435,200,US-East
2026-01-28 22:30:57,/products,PUT,950,200,US-East
2026-02-06 14:26:04,/search,GET,958,200,Asia
2026-01-09 07:18:29,/products,POST,745,200,Asia
2026-01-19 07:32:19,/register,DELETE,289,200,US-East
2026-01-21 12:27:18,/payment,DELETE,1125,200,Asia
2026-03-01 04:51:53,/profile,DELETE,1168,200,Asia
2026-01-14 13:16:25,/products,DELETE,1026,500,Europe
2026-02-06 17:01:15,/profile,POST,1108,500,Europe
2026-03-10 02:14:23,/products,POST,379,404,US-East
2026-02-26 05:19:12,/register,DELETE,296,200,Europe
2026-03-15 04:12:44,/payment,DELETE,641,200,Asia
2026-01-23 10:30:32,/payment,PUT,355,200,Europe
2026-02-04 14:34:00,/orders,GET,203,500,Asia
2026-02-26 11:07:22,/payment,POST,262,200,US-East
2026-02-10 07:08:34,/profile,PUT,870,500,Asia
2026-02-13 21:09:51,/orders,PUT,388,200,Asia
2026-02-01 12:51:44,/register,DELETE,291,200,Asia
2026-03-09 08:06:06,/orders,DELETE,742,200,Europe
2026-01-31 09:34:54,/search,POST,713,500,Europe
2026-03-08 07:30:27,/search,PUT,259,200,US-East
2026-03-09 01:13:11,/profile,GET,101,200,Asia
2026-01-25 15:41:28,/payment,GET,243,200,Europe
2026-03-05 14:12:13,/products,PUT,662,404,Europe
2026-01-19 12:41:40,/products,PUT,669,500,Europe
2026-03-12 16:36:21,/products,POST,1127,200,US-East
2026-01-14 22:33:40,/orders,DELETE,93,500,Asia
2026-02-28 09:25:30,/search,GET,1038,404,Europe
2026-01-06 02:53:44,/search,PUT,95,200,US-East
2026-01-05 09:16:42,/search,GET,394,500,Europe
2026-03-05 07:58:46,/orders,PUT,1103,200,US-East
2026-01-03 15:14:11,/register,PUT,517,500,US-East
2026-01-30 10:40:53,/profile,DELETE,266,200,US-East
2026-03-16 21:36:59,/payment,POST,263,200,US-East
2026-01-01 21:26:07,/register,POST,675,200,Europe
2026-01-03 12:42:52,/orders,PUT,1074,200,US-East
2026-02-27 00:48:04,/orders,GET,85,200,Asia
2026-02-28 22:27:25,/orders,POST,650,200,US-East
2026-03-04 21:35:10,/search,PUT,1008,200,Asia
2026-01-10 12:22:43,/search,GET,734,500,Asia
2026-01-14 10:10:16,/products,PUT,904,200,US-East
2026-03-09 19:36:33,/payment,GET,407,200,Asia
2026-01-02 03:13:53,/payment,GET,908,200,Asia
2026-02-21 15:35:10,/search,POST,739,200,Europe
2026-02-28 23:29:46,/search,POST,381,200,Europe
2026-03-02 02:22:48,/search,DELETE,466,200,US-East
2026-02-20 06:45:03,/login,DELETE,1105,500,Europe
2026-02-04 18:52:33,/search,POST,672,404,Europe
2026-02-16 11:28:22,/orders,POST,915,200,US-East
2026-01-06 18:29:44,/orders,DELETE,730,404,Asia
2026-03-14 12:58:50,/search,DELETE,631,200,Asia
2026-01-24 21:40:57,/register,POST,1002,404,Asia
2026-01-03 07:30:16,/orders,PUT,393,200,US-East
2026-02-06 15:59:35,/search,PUT,1149,200,US-East
2026-02-04 03:11:01,/orders,GET,81,500,Asia
2026-01-30 05:52:06,/orders,DELETE,236,200,Europe
2026-03-14 09:20:18,/register,DELETE,682,404,Europe
2026-01-22 23:08:42,/profile,GET,716,500,US-East
2026-03-16 22:09:38,/products,GET,613,500,Asia
2026-02-08 23:48:28,/register,DELETE,1147,200,Asia
2026-02-25 05:37:39,/login,GET,359,200,Asia
2026-01-03 18:25:11,/search,POST,472,200,Europe
2026-03-02 04:33:48,/profile,PUT,135,200,Asia
2026-01-26 15:03:16,/orders,PUT,382,404,Asia
2026-01-08 01:41:43,/search,POST,175,200,Europe
2026-02-27 13:08:13,/login,POST,670,200,US-East
2026-02-02 11:59:32,/login,GET,1037,200,Asia
2026-02-20 09:07:39,/orders,PUT,1172,500,Europe
2026-03-03 08:50:00,/profile,POST,1153,404,Europe
2026-02-22 11:50:50,/payment,DELETE,495,200,Asia
2026-02-13 15:03:49,/orders,PUT,92,200,Europe
2026-02-19 05:47:33,/search,PUT,923,200,Europe
2026-03-09 05:16:39,/search,POST,55,200,US-East
2026-03-05 16:47:26,/login,DELETE,579,200,Asia
2026-01-27 04:26:03,/products,POST,162,200,Europe
2026-01-10 10:18:59,/payment,GET,744,200,Asia
2026-01-03 19:14:14,/search,GET,709,404,Europe
2026-03-11 05:07:11,/products,POST,386,200,US-East
2026-02-15 17:07:52,/products,POST,1164,404,US-East
2026-03-16 07:40:08,/login,PUT,306,200,Asia
2026-03-02 06:55:05,/register,GET,928,200,US-East
2026-02-13 01:06:49,/login,DELETE,696,200,Asia
2026-02-11 02:20:09,/payment,DELETE,287,200,Asia
2026-01-05 23:44:46,/search,POST,643,200,Europe
2026-03-07 16:00:22,/register,GET,464,200,US-East
2026-02-23 07:22:59,/login,DELETE,266,200,Asia
2026-01-03 03:25:55,/products,POST,935,200,Europe
2026-02-15 04:12:44,/profile,POST,318,404,Europe
2026-03-03 14:36:50,/login,DELETE,1104,200,US-East
2026-02-25 09:53:27,/products,GET,938,404,US-East
2026-02-25 19:44:38,/register,POST,900,200,Asia
2026-01-09 04:49:47,/search,PUT,1155,200,Asia
2026-01-10 20:02:42,/products,GET,761,200,US-East
2026-03-06 04:11:01,/register,POST,587,200,Asia
2026-02-28 14:24:14,/search,POST,327,200,US-East
2026-01-10 21:53:05,/payment,GET,825,404,US-East
2026-02-06 09:28:45,/products,PUT,1046,200,Europe
2026-02-28 20:18:44,/register,POST,1114,404,Asia
2026-01-25 14:32:59,/orders,GET,936,200,Europe
2026-02-13 06:17:43,/products,GET,1158,404,Asia
2026-03-12 11:10:35,/products,GET,143,200,US-East
2026-03-13 14:03:46,/payment,PUT,561,200,US-East
2026-02-20 17:23:03,/search,DELETE,386,404,Europe
2026-02-05 07:57:06,/login,GET,704,200,US-East
2026-01-06 11:52:21,/orders,PUT,505,404,Asia
2026-02-14 07:40:52,/payment,DELETE,221,500,Asia
2026-02-13 21:12:06,/search,POST,271,200,Asia
2026-03-10 00:54:58,/payment,DELETE,1122,200,US-East
2026-02-21 20:26:58,/payment,PUT,464,404,US-East
2026-02-13 05:43:45,/profile,PUT,196,404,Asia
2026-01-06 08:10:14,/register,PUT,217,200,Asia
2026-03-02 09:05:58,/login,POST,249,200,Asia
2026-02-01 15:59:39,/products,PUT,915,200,Europe
2026-01-19 09:00:05,/products,PUT,907,404,Europe
2026-01-19 20:19:47,/orders,PUT,626,200,Asia
2026-01-16 04:08:01,/payment,POST,1077,200,Europe
2026-03-02 01:13:35,/register,POST,903,200,Asia
2026-02-08 14:51:29,/login,GET,77,200,Asia
2026-01-23 10:46:33,/products,GET,93,200,Asia
2026-02-28 03:10:39,/register,GET,763,200,Europe
2026-01-19 02:48:32,/products,DELETE,128,500,Asia
2026-01-04 21:36:55,/orders,PUT,751,500,Europe
2026-01-09 02:51:45,/payment,DELETE,445,200,Europe
2026-02-28 15:13:27,/profile,GET,201,200,Europe
2026-01-09 21:42:29,/search,GET,960,404,Europe
2026-02-25 18:14:24,/login,PUT,255,200,Asia
2026-01-23 20:33:16,/profile,POST,957,200,Asia
2026-01-05 02:13:12,/products,GET,326,500,US-East
2026-01-02 09:24:48,/register,POST,293,404,Asia
2026-02-13 10:26:14,/profile,POST,949,200,Europe
2026-01-21 22:07:39,/orders,POST,68,200,Asia
2026-01-20 23:10:46,/register,POST,470,200,Asia
2026-01-31 11:06:18,/search,DELETE,278,404,Asia
2026-03-10 19:38:59,/login,POST,111,200,Europe
2026-03-16 11:42:18,/login,DELETE,93,200,US-East
2026-02-15 17:03:01,/login,DELETE,928,500,US-East
2026-03-02 03:16:03,/payment,PUT,475,200,Asia
2026-03-16 11:51:06,/search,GET,602,200,US-East
2026-01-22 12:09:08,/profile,POST,915,500,Asia
2026-03-07 21:43:06,/search,DELETE,361,200,US-East
2026-02-07 08:53:36,/products,DELETE,195,500,US-East
2026-02-08 13:02:44,/search,GET,405,200,Asia
2026-01-27 07:36:48,/register,GET,751,200,Europe
2026-01-19 03:50:42,/products,GET,195,200,US-East
2026-01-12 11:11:12,/orders,POST,388,200,Europe
2026-02-16 06:36:44,/register,POST,1053,200,Europe
2026-02-13 05:04:54,/register,PUT,906,500,US-East
2026-01-20 14:01:04,/register,GET,963,500,Europe
2026-02-14 14:40:43,/login,PUT,568,404,Asia
2026-02-13 14:09:43,/login,PUT,906,200,US-East
2026-02-14 13:59:24,/orders,DELETE,122,404,Europe
2026-02-02 22:04:42,/search,GET,1087,200,Asia
2026-02-09 05:43:02,/products,GET,945,500,US-East
2026-03-13 17:07:19,/products,POST,336,200,Asia
2026-01-23 21:34:53,/search,GET,424,500,US-East
2026-01-02 22:38:23,/products,DELETE,1164,200,US-East
2026-02-13 19:37:33,/products,GET,422,200,US-East
2026-01-03 04:22:34,/login,PUT,1016,200,Asia
2026-01-17 14:56:56,/payment,PUT,822,404,Europe
2026-02-02 15:22:29,/search,DELETE,1168,200,Europe
2026-01-09 06:14:17,/payment,PUT,494,200,US-East
2026-01-04 06:24:00,/search,POST,676,404,US-East
2026-02-17 01:49:51,/products,POST,492,200,Europe
2026-02-17 10:33:52,/search,GET,237,200,Europe
2026-01-03 06:29:16,/register,DELETE,193,500,Europe
2026-02-28 04:33:00,/register,POST,909,404,US-East
2026-03-05 15:44:03,/profile,POST,1033,404,Asia
2026-03-07 09:22:13,/profile,POST,383,500,US-East
2026-01-09 06:46:24,/products,DELETE,688,200,US-East
2026-03-07 20:35:01,/orders,PUT,501,500,Europe
2026-02-22 12:27:58,/orders,GET,231,404,Asia
2026-02-04 03:17:32,/orders,POST,1130,200,Asia
2026-02-10 20:21:34,/orders,GET,188,200,Europe
2026-02-09 06:47:37,/payment,PUT,315,200,US-East
2026-03-07 11:40:49,/payment,GET,183,200,US-East
2026-02-10 17:36:21,/profile,PUT,502,404,Europe
2026-03-06 15:21:58,/orders,PUT,1029,200,Asia
2026-01-05 22:02:36,/profile,GET,873,404,US-East
2026-02-03 04:52:31,/payment,POST,1122,200,US-East
2026-02-10 08:11:13,/products,POST,399,500,Asia
2026-01-19 19:25:27,/products,POST,819,500,Asia
2026-01-29 19:40:06,/products,GET,197,200,Europe
2026-03-14 07:27:15,/search,GET,370,404,Asia
2026-01-27 19:43:53,/profile,GET,381,200,US-East
2026-01-17 01:35:27,/payment,GET,481,200,US-East
2026-02-12 21:38:37,/register,PUT,680,404,Asia
2026-03-14 17:19:37,/products,DELETE,622,200,Europe
2026-01-15 15:40:03,/products,PUT,517,500,Europe
2026-02-07 14:35:01,/search,PUT,399,200,Europe
2026-01-27 01:52:12,/login,PUT,1050,200,US-East
2026-03-13 17:33:41,/search,POST,589,404,US-East
2026-01-15 05:54:29,/profile,POST,186,200,US-East
2026-02-15 11:06:47,/search,PUT,701,200,US-East
2026-02-11 16:27:12,/profile,POST,658,200,Asia
2026-02-10 17:48:41,/products,DELETE,810,500,US-East
2026-01-05 20:38:55,/products,GET,1139,200,US-East
2026-02-22 15:09:11,/register,POST,185,404,Europe
2026-03-12 04:12:22,/profile,POST,742,200,US-East
2026-03-11 12:37:43,/products,PUT,495,500,Europe
2026-02-05 06:16:13,/login,POST,694,200,Europe
2026-01-10 20:05:41,/search,GET,1138,500,Asia
2026-01-05 19:03:08,/orders,GET,381,200,US-East
2026-01-17 21:55:14,/register,POST,65,200,Asia
2026-03-12 20:46:23,/products,POST,1093,200,Europe
2026-01-26 09:06:40,/login,GET,1179,500,Asia
2026-01-07 13:00:05,/payment,POST,651,200,Europe
2026-02-16 17:47:57,/search,DELETE,425,200,Asia
2026-02-18 09:11:35,/search,DELETE,1048,500,Europe
2026-01-19 19:50:05,/payment,DELETE,482,200,Asia
2026-03-04 05:55:22,/payment,GET,476,200,US-East
2026-02-13 08:27:36,/register,GET,655,200,US-East
2026-01-03 21:25:13,/register,PUT,102,200,US-East
2026-02-17 20:30:12,/profile,PUT,387,200,Europe
2026-01-06 14:37:51,/search,GET,157,200,US-East
2026-01-10 11:00:38,/profile,GET,1016,200,US-East
2026-03-06 23:36:29,/products,PUT,454,200,Asia
2026-01-01 20:54:45,/register,POST,442,404,Europe
2026-02-09 04:32:18,/products,POST,977,200,Europe
2026-02-05 03:55:35,/payment,DELETE,478,404,Asia
2026-01-14 21:56:48,/register,GET,274,404,Europe
2026-01-01 16:29:01,/register,DELETE,1053,200,US-East
2026-03-01 02:58:57,/profile,POST,997,200,Europe
2026-01-28 02:42:13,/payment,DELETE,262,404,Europe
2026-03-15 07:23:19,/orders,PUT,236,200,US-East
2026-02-05 12:28:33,/orders,PUT,722,500,Asia
2026-03-16 14:50:12,/profile,DELETE,755,200,Asia
2026-02-15 15:41:12,/search,GET,507,200,Europe
2026-01-06 18:08:25,/payment,GET,952,200,US-East
2026-02-20 16:52:12,/products,POST,943,500,US-East
2026-03-15 01:42:22,/payment,POST,731,200,Asia
2026-03-03 08:59:44,/search,GET,1057,200,Europe
2026-01-31 18:58:47,/orders,PUT,967,200,Asia
2026-03-01 05:36:03,/payment,GET,121,200,US-East
2026-03-10 07:45:18,/orders,DELETE,691,500,US-East
2026-02-15 15:30:09,/register,GET,364,500,Asia
2026-01-10 02:12:52,/register,POST,789,200,Asia
2026-02-08 20:14:57,/orders,POST,1148,200,US-East
2026-02-09 14:42:51,/search,DELETE,1123,200,Asia
2026-02-03 08:10:48,/products,PUT,1166,404,Europe
2026-03-09 05:38:13,/payment,POST,601,200,US-East
2026-03-02 05:37:39,/payment,DELETE,151,200,Asia
2026-02-22 22:10:10,/profile,PUT,1048,500,US-East
2026-02-06 08:47:05,/orders,DELETE,1166,404,Europe
2026-01-03 08:19:58,/profile,PUT,156,200,Europe
2026-01-15 12:23:13,/products,DELETE,66,200,Asia
2026-03-02 21:25:20,/login,PUT,203,200,Europe
2026-03-04 11:57:57,/profile,DELETE,1119,404,US-East
2026-02-13 13:06:33,/products,POST,731,200,Europe
2026-02-02 11:09:13,/orders,PUT,1094,200,Asia
2026-02-05 07:48:18,/profile,DELETE,532,200,Asia
2026-01-04 13:29:24,/search,PUT,794,200,Asia
2026-01-05 08:28:20,/profile,PUT,1062,200,Asia
2026-02-21 14:59:32,/profile,PUT,852,500,US-East
2026-02-24 03:40:21,/payment,DELETE,106,200,US-East
2026-02-09 05:32:27,/search,DELETE,591,200,Europe
2026-02-06 14:24:42,/register,DELETE,376,404,US-East
2026-01-31 13:04:34,/orders,PUT,382,200,Europe
2026-01-29 22:17:42,/register,DELETE,223,200,US-East
2026-02-10 21:50:57,/products,GET,581,500,US-East
2026-02-06 13:36:56,/search,POST,599,200,US-East
2026-01-15 18:11:36,/login,PUT,582,404,Europe
2026-01-27 15:59:58,/payment,PUT,327,404,Asia
2026-02-03 19:52:49,/products,POST,719,200,Asia
2026-01-29 18:56:08,/products,DELETE,1061,200,Europe
2026-02-05 00:30:07,/search,DELETE,406,200,Asia
2026-01-07 08:21:23,/register,DELETE,175,404,Asia
2026-02-28 08:51:42,/profile,PUT,129,200,Asia
2026-02-28 02:31:25,/search,GET,164,200,Asia
2026-02-08 01:34:44,/login,PUT,1143,200,Europe
2026-01-24 11:05:03,/search,PUT,254,200,Europe
2026-01-04 14:39:40,/login,GET,499,200,Asia
2026-02-24 05:11:07,/login,POST,89,200,Asia
2026-01-06 16:05:43,/login,PUT,799,200,Europe
2026-01-25 23:28:28,/login,DELETE,201,200,Europe
2026-01-06 10:07:59,/orders,POST,597,404,Asia
2026-01-09 00:53:43,/orders,POST,348,200,Europe
2026-01-18 14:59:26,/payment,GET,181,200,Europe
2026-01-19 11:29:21,/orders,POST,1104,500,Europe
2026-01-24 13:26:43,/search,GET,663,200,Europe
2026-03-04 17:02:12,/search,DELETE,84,200,Asia
2026-01-24 22:51:33,/profile,PUT,706,200,Europe
2026-01-08 23:45:18,/products,PUT,1198,500,US-East
2026-01-09 17:03:57,/register,POST,288,200,Asia
2026-01-04 05:00:37,/login,GET,234,200,US-East
2026-02-02 11:42:57,/search,DELETE,832,404,US-East
2026-03-09 17:36:11,/orders,POST,233,200,Asia
2026-02-15 14:27:46,/register,DELETE,195,200,US-East
2026-01-20 00:37:42,/orders,PUT,318,200,Europe
2026-03-07 18:42:40,/orders,GET,963,500,Europe
2026-03-12 22:50:47,/payment,GET,354,200,Asia
2026-01-23 15:09:08,/payment,POST,486,404,Asia
2026-02-12 12:20:22,/login,POST,801,200,US-East
2026-01-02 11:27:38,/orders,PUT,1159,200,Europe
2026-02-28 11:37:49,/profile,DELETE,1088,200,US-East
2026-01-01 01:51:46,/register,PUT,590,200,US-East
2026-03-09 12:57:40,/profile,PUT,581,500,Europe
2026-02-10 20:30:16,/products,PUT,1010,200,Asia
2026-03-05 04:44:29,/orders,PUT,136,200,Asia
2026-02-01 00:19:03,/register,POST,609,404,US-East
2026-03-01 01:14:12,/products,PUT,189,200,US-East
2026-02-10 22:32:12,/payment,PUT,537,200,US-East
2026-02-22 11:55:01,/search,PUT,557,200,US-East
2026-02-24 22:53:00,/login,GET,452,404,US-East
2026-01-22 06:29:44,/register,PUT,222,500,US-East
2026-03-13 14:09:02,/products,POST,125,200,US-East
2026-03-07 07:34:14,/products,PUT,222,200,US-East
2026-01-13 05:16:54,/orders,PUT,635,200,Asia
2026-03-09 02:57:57,/payment,POST,995,500,Asia
2026-02-27 13:30:52,/products,GET,127,500,Asia
2026-02-19 19:37:55,/search,GET,207,404,Asia
2026-02-14 11:58:05,/profile,PUT,874,500,Asia
2026-02-27 12:38:56,/orders,DELETE,304,200,Asia
2026-02-11 15:27:13,/products,GET,1021,200,US-East
2026-01-26 22:47:00,/orders,PUT,632,500,Asia
2026-01-29 19:22:53,/orders,DELETE,282,500,Asia
2026-01-07 20:59:26,/products,PUT,631,200,Asia
2026-03-15 20:01:41,/payment,PUT,185,404,Europe
2026-03-11 08:11:53,/register,DELETE,161,404,Europe
2026-03-02 02:55:11,/login,PUT,1179,404,Europe
2026-01-11 13:45:47,/products,GET,429,200,Asia
2026-01-02 15:57:53,/search,PUT,875,200,Europe
2026-03-01 13:36:34,/profile,GET,877,200,US-East
2026-02-19 04:12:22,/payment,GET,459,200,Europe
2026-02-14 10:09:32,/login,POST,469,200,US-East
2026-02-12 13:26:33,/payment,GET,832,200,US-East
2026-01-21 09:15:20,/login,POST,244,200,Asia
2026-01-18 04:09:20,/search,GET,90,200,Europe
2026-03-13 15:15:33,/register,GET,306,200,Asia
2026-01-19 17:00:14,/payment,GET,407,200,US-East
2026-01-31 19:24:33,/payment,PUT,222,404,Asia
2026-01-19 11:19:00,/register,DELETE,932,500,Asia
2026-02-02 04:33:01,/search,DELETE,918,404,Asia
2026-03-12 16:19:26,/products,GET,956,500,Europe
2026-01-02 17:55:20,/products,DELETE,1108,200,Europe
2026-02-17 14:30:14,/orders,POST,594,500,Asia
2026-03-16 19:52:21,/orders,PUT,1077,200,US-East
2026-01-29 15:37:25,/profile,DELETE,591,200,US-East
2026-03-08 15:40:15,/orders,PUT,1073,500,US-East
2026-01-29 20:43:01,/products,DELETE,898,200,Europe
2026-03-01 16:44:15,/products,POST,1000,200,Europe
2026-01-15 10:13:15,/payment,DELETE,70,200,Europe
2026-01-26 03:30:43,/register,DELETE,83,404,Europe
2026-01-09 23:06:38,/payment,POST,1130,404,US-East
2026-02-18 08:07:27,/payment,GET,69,200,Europe
2026-01-18 21:11:30,/products,POST,176,200,Europe
2026-02-15 03:24:31,/products,POST,524,200,US-East
2026-01-15 21:24:39,/login,POST,123,404,Asia
2026-03-09 21:26:08,/products,DELETE,255,500,Europe
2026-02-22 06:46:08,/orders,POST,896,200,Europe
2026-02-16 01:03:15,/search,GET,626,404,Asia
2026-01-12 02:45:19,/search,DELETE,332,200,US-East
2026-01-12 06:09:03,/payment,POST,677,200,Asia
2026-03-04 14:49:28,/orders,GET,771,404,Asia
2026-01-13 08:16:57,/orders,GET,51,200,US-East
2026-02-25 03:52:34,/payment,PUT,515,200,Asia
2026-01-10 02:27:12,/register,DELETE,605,404,Europe
2026-03-02 22:42:48,/register,POST,795,200,Asia
2026-02-21 22:11:05,/login,GET,216,200,Europe
2026-01-10 18:32:55,/orders,POST,721,200,US-East
2026-02-06 04:13:45,/products,DELETE,319,500,Asia
2026-03-07 18:03:50,/payment,POST,1160,200,US-East
2026-01-15 04:40:49,/products,POST,950,200,Asia
2026-02-25 07:59:01,/register,GET,560,500,Europe
2026-02-05 17:44:34,/login,POST,85,200,Europe
2026-03-05 21:58:36,/register,GET,70,200,Asia
2026-01-11 04:30:41,/register,POST,143,500,Asia
2026-02-11 04:11:47,/products,GET,428,200,Europe
2026-03-04 22:55:28,/payment,GET,856,500,US-East
2026-02-04 19:40:44,/products,PUT,60,200,Asia
2026-03-12 15:27:40,/search,DELETE,1065,200,US-East
2026-02-22 07:16:14,/orders,DELETE,77,200,US-East
2026-01-13 20:39:19,/orders,PUT,700,404,US-East
2026-03-07 02:11:57,/search,PUT,75,500,US-East
2026-02-14 12:12:43,/login,DELETE,1161,200,Asia
2026-01-09 08:55:57,/products,PUT,566,500,Europe
2026-01-27 21:18:29,/profile,PUT,377,200,US-East
2026-01-09 23:08:16,/profile,PUT,698,200,US-East
2026-02-09 07:48:55,/profile,POST,414,200,US-East
2026-02-19 04:13:03,/orders,POST,179,200,Asia
2026-01-08 17:56:09,/login,DELETE,437,404,US-East
2026-02-02 03:13:01,/register,GET,628,404,Europe
2026-01-19 06:04:21,/profile,POST,253,200,US-East
2026-02-01 22:22:02,/products,DELETE,871,200,Europe
2026-01-13 21:49:34,/products,POST,847,200,US-East
2026-02-25 23:42:40,/login,DELETE,1098,404,US-East
2026-02-04 09:56:45,/search,POST,861,404,Asia
2026-03-03 13:36:16,/register,POST,465,200,US-East
2026-01-30 03:41:45,/login,DELETE,275,200,US-East
2026-01-18 08:21:36,/register,PUT,293,404,Asia
2026-01-10 19:27:35,/orders,POST,1047,404,US-East
2026-01-13 06:21:36,/orders,DELETE,864,200,US-East
2026-01-26 08:38:11,/register,DELETE,406,500,Asia
2026-03-07 06:03:31,/orders,GET,101,200,Europe
2026-02-28 14:57:01,/register,PUT,1099,200,US-East
2026-03-02 21:47:35,/login,POST,351,500,US-East
2026-02-24 05:42:30,/products,GET,780,200,Asia
2026-02-10 13:57:14,/login,GET,916,404,Europe
2026-01-13 23:54:41,/register,DELETE,200,200,Asia
2026-01-02 05:57:43,/profile,DELETE,1116,404,Europe
2026-02-25 22:58:57,/login,POST,792,500,US-East
2026-02-28 03:12:59,/register,POST,707,200,US-East
2026-01-30 20:27:19,/search,PUT,465,404,US-East
2026-02-13 03:08:31,/profile,DELETE,715,200,Europe
2026-01-24 06:39:26,/login,GET,1130,500,Asia
2026-03-16 09:29:26,/register,DELETE,244,200,US-East
2026-02-15 07:23:27,/login,POST,969,200,US-East
2026-01-10 12:25:56,/profile,PUT,298,200,US-East
2026-01-09 05:27:46,/search,GET,252,404,Europe
2026-01-31 00:24:08,/login,PUT,695,200,US-East
2026-02-14 03:44:53,/payment,GET,601,500,US-East
2026-01-05 04:03:50,/login,POST,608,500,US-East
2026-02-06 02:19:59,/login,POST,1188,500,Asia
2026-02-03 04:31:01,/login,PUT,1090,200,Europe
2026-02-08 01:28:12,/payment,POST,517,200,US-East
2026-02-13 09:30:39,/search,GET,733,200,Europe
2026-02-22 21:08:06,/payment,PUT,864,500,US-East
2026-02-23 05:05:44,/profile,PUT,155,200,Asia
2026-02-28 06:06:15,/profile,DELETE,117,404,US-East
2026-02-20 14:11:51,/payment,POST,851,200,US-East
2026-02-17 16:49:14,/orders,GET,512,200,Europe
2026-02-08 22:25:08,/login,DELETE,1173,200,US-East
2026-01-07 11:00:51,/search,POST,469,500,Asia
2026-01-22 12:01:13,/search,GET,838,500,Asia
2026-02-15 21:21:38,/search,PUT,580,200,US-East
2026-03-07 07:22:45,/orders,POST,313,404,Europe
2026-03-01 05:41:01,/register,PUT,1045,500,Europe
2026-03-08 22:36:22,/register,DELETE,754,200,US-East
2026-03-05 08:48:57,/login,PUT,370,500,Asia
2026-02-25 23:11:17,/profile,POST,185,200,US-East
2026-02-18 19:43:30,/profile,DELETE,344,200,Asia
2026-01-19 04:34:26,/products,PUT,913,200,Asia
2026-01-17 16:51:50,/orders,PUT,939,200,Asia
2026-02-19 15:44:01,/search,GET,230,404,US-East
2026-02-12 20:05:27,/products,GET,768,200,Asia
2026-02-06 04:49:11,/login,POST,1196,200,Asia
2026-03-13 17:00:49,/payment,GET,754,200,Europe
2026-02-12 17:55:48,/payment,DELETE,562,404,Europe
2026-01-25 07:37:05,/search,GET,332,200,Europe
2026-01-01 07:39:15,/payment,PUT,994,200,Asia
2026-01-17 07:26:03,/payment,GET,549,200,Asia
2026-03-15 19:19:06,/login,PUT,1192,404,Europe
2026-03-05 16:24:56,/payment,PUT,873,200,US-East
2026-03-13 10:00:06,/search,PUT,495,200,US-East
2026-03-10 12:10:06,/payment,POST,1156,500,Europe
2026-01-25 17:04:47,/payment,POST,927,200,Europe
2026-01-25 23:13:56,/profile,PUT,1119,500,US-East
2026-02-21 14:08:26,/orders,GET,803,200,Europe
2026-02-05 01:21:14,/login,GET,95,200,US-East
2026-02-25 05:39:38,/profile,GET,902,200,US-East
2026-01-21 10:49:36,/orders,PUT,753,500,Asia
2026-02-24 03:36:14,/profile,PUT,650,200,US-East
2026-01-29 23:19:44,/search,POST,68,500,Europe
2026-02-23 01:02:26,/payment,PUT,1124,200,Asia
2026-01-04 12:00:43,/products,DELETE,882,404,Europe
2026-02-06 07:26:52,/login,POST,951,200,Europe
2026-01-29 08:57:39,/orders,DELETE,691,200,Asia
2026-02-20 08:42:51,/payment,GET,1053,500,US-East
2026-02-03 10:44:17,/register,GET,564,200,Europe
2026-03-10 02:22:59,/register,DELETE,1110,200,US-East
2026-02-28 17:34:10,/search,DELETE,154,200,Asia
2026-01-03 01:30:37,/login,POST,1049,404,Asia
2026-03-01 20:34:52,/profile,PUT,1198,200,Europe
2026-01-18 22:41:08,/login,DELETE,294,200,Asia
2026-01-06 07:07:38,/products,PUT,1139,200,Asia
2026-02-05 09:58:06,/search,PUT,747,200,Europe
2026-02-03 17:14:20,/register,PUT,854,404,Europe
2026-03-07 02:09:27,/profile,PUT,456,200,Europe
2026-03-08 00:02:19,/payment,DELETE,1072,404,US-East
2026-01-17 23:16:56,/register,DELETE,555,200,Europe
2026-01-29 01:02:29,/orders,POST,536,404,US-East
2026-02-03 01:36:24,/products,DELETE,1171,200,Europe
2026-01-01 22:37:53,/search,GET,476,404,Europe
2026-03-03 00:48:05,/register,DELETE,538,404,Europe
2026-02-27 06:31:10,/login,POST,512,200,US-East
2026-02-03 18:49:56,/payment,PUT,355,200,Europe
2026-01-04 14:05:19,/search,POST,212,200,Asia
2026-01-01 00:19:03,/payment,PUT,586,500,Europe
2026-01-20 20:43:03,/products,PUT,389,200,US-East
2026-02-27 05:38:54,/payment,GET,476,200,Asia
2026-01-18 16:07:44,/register,PUT,631,500,US-East
2026-01-03 09:26:02,/payment,POST,308,200,Europe
2026-02-02 23:27:59,/products,POST,78,200,Asia
2026-03-04 10:38:14,/payment,DELETE,765,200,Europe
2026-01-30 03:03:50,/register,POST,832,200,US-East
2026-03-10 21:29:47,/search,GET,327,200,Asia
2026-03-16 04:27:39,/register,DELETE,389,404,Asia
2026-03-07 09:57:54,/register,GET,1005,200,Europe
2026-02-24 20:10:35,/login,DELETE,708,404,Asia
2026-01-12 08:16:23,/orders,POST,550,200,US-East
2026-03-15 14:29:41,/search,PUT,585,500,Asia
2026-02-17 21:13:53,/products,DELETE,465,404,Asia
2026-01-15 08:57:29,/orders,DELETE,483,500,Europe
2026-02-06 16:29:07,/search,GET,554,200,Asia
2026-01-19 15:11:00,/search,POST,1088,200,Europe
2026-01-12 08:10:38,/search,GET,464,404,Europe
2026-03-01 12:25:52,/products,GET,882,200,Asia
2026-03-05 20:00:32,/profile,POST,1153,200,Europe
2026-02-09 21:39:56,/register,GET,95,200,US-East
2026-01-18 07:14:23,/login,POST,562,200,US-East
2026-02-26 04:20:42,/register,PUT,955,200,US-East
2026-01-16 08:27:21,/products,PUT,393,200,Asia
2026-01-08 17:42:09,/login,GET,113,500,US-East
2026-02-14 04:53:03,/products,GET,743,200,Europe
2026-02-01 15:20:47,/login,DELETE,202,200,Asia
2026-01-15 20:35:35,/payment,DELETE,625,200,Europe
2026-02-08 11:57:25,/products,GET,853,200,Europe
2026-03-05 03:59:59,/profile,DELETE,298,200,Europe
2026-03-09 11:32:46,/payment,PUT,141,200,US-East
2026-02-21 04:39:28,/search,POST,576,200,US-East
2026-02-28 20:54:05,/orders,PUT,346,500,Asia
2026-01-29 20:44:58,/search,POST,144,500,Europe
2026-01-09 03:48:04,/login,GET,1191,500,US-East
2026-03-02 16:45:03,/profile,GET,268,200,Asia
2026-01-02 05:09:35,/products,GET,698,500,Asia
2026-02-22 21:11:01,/payment,PUT,891,404,Asia
2026-02-21 14:10:24,/orders,DELETE,71,500,US-East
2026-03-11 02:50:19,/profile,POST,746,200,US-East
2026-01-12 23:30:22,/login,PUT,284,200,Asia
2026-03-04 04:20:08,/payment,POST,99,404,US-East
2026-01-07 09:10:04,/orders,DELETE,171,404,US-East
2026-01-22 14:14:01,/payment,GET,291,500,Asia
2026-03-01 02:22:36,/orders,DELETE,298,200,Europe
2026-03-02 00:29:25,/register,GET,369,200,Asia
2026-02-08 08:57:46,/products,PUT,854,200,Europe
2026-01-15 20:24:24,/payment,POST,967,500,US-East
2026-01-16 15:39:31,/orders,PUT,822,404,US-East
2026-02-22 02:02:42,/login,PUT,542,200,Asia
2026-01-21 21:14:35,/login,GET,132,200,Asia
2026-01-15 00:01:03,/products,POST,862,200,US-East
2026-01-17 21:08:14,/search,POST,536,200,US-East
2026-01-07 21:15:48,/search,DELETE,1054,500,Asia
2026-01-23 23:50:55,/register,PUT,439,500,Europe
2026-01-10 07:26:43,/login,POST,1162,200,US-East
2026-03-10 21:10:25,/register,POST,149,200,Europe
2026-03-07 06:13:35,/login,PUT,221,404,US-East
2026-02-23 06:50:04,/search,GET,677,200,Europe
2026-03-08 15:58:02,/products,DELETE,1158,200,US-East
2026-01-03 03:16:36,/register,POST,674,404,US-East
2026-02-27 19:17:37,/orders,POST,691,500,Europe
2026-03-13 03:44:07,/products,DELETE,97,200,Asia
2026-03-10 07:38:25,/search,DELETE,1156,200,Europe
2026-02-28 19:22:08,/login,GET,572,500,Europe
2026-03-11 06:55:14,/register,PUT,1038,404,US-East
2026-01-23 17:43:08,/orders,POST,751,200,Europe
2026-02-14 21:03:04,/payment,PUT,1045,500,US-East
2026-01-05 03:52:09,/profile,PUT,727,500,Asia
2026-02-26 19:33:10,/login,POST,543,404,Europe
2026-03-04 00:58:32,/login,POST,907,200,US-East
2026-01-01 18:25:45,/profile,PUT,777,500,Europe
2026-01-29 23:08:08,/payment,POST,680,404,Asia
2026-01-14 01:40:52,/products,GET,106,200,Europe
2026-01-26 05:18:19,/profile,DELETE,185,200,Asia
2026-01-25 22:45:08,/payment,GET,1073,200,Asia
2026-02-26 21:09:38,/register,PUT,346,200,Asia
2026-01-17 18:27:26,/search,DELETE,1172,200,US-East
2026-02-03 04:19:38,/payment,GET,143,200,Asia
2026-01-07 06:39:45,/login,DELETE,191,404,US-East
2026-02-05 15:48:41,/register,POST,667,200,Europe
2026-01-30 20:39:15,/orders,GET,379,200,Europe
2026-01-13 01:17:03,/login,DELETE,292,500,Asia
2026-01-22 06:40:04,/register,PUT,567,500,Asia
2026-03-01 09:01:23,/payment,DELETE,907,200,Asia
2026-01-12 11:33:17,/register,DELETE,281,404,Europe
2026-03-08 05:38:49,/products,POST,381,500,US-East
2026-02-09 07:23:10,/search,DELETE,345,200,US-East
2026-02-04 20:05:53,/register,DELETE,1161,200,Asia
2026-01-20 17:02:01,/profile,DELETE,709,200,Europe
2026-03-15 19:00:47,/login,GET,1104,404,Asia
2026-02-07 00:56:42,/products,POST,600,200,Asia
2026-01-18 23:16:25,/payment,PUT,944,404,US-East
2026-01-07 14:10:41,/payment,PUT,902,200,US-East
2026-02-10 13:01:19,/orders,DELETE,84,404,Europe
2026-01-08 00:08:54,/products,POST,1005,404,Europe
2026-01-31 07:44:22,/login,PUT,888,200,Europe
2026-02-22 14:03:32,/register,GET,679,404,Europe
2026-01-27 16:07:01,/login,POST,1129,200,US-East
2026-01-29 12:41:40,/login,GET,478,200,US-East
2026-02-09 22:38:06,/products,GET,376,500,US-East
2026-02-01 18:05:02,/register,GET,1134,200,Asia
2026-01-01 03:30:59,/register,GET,568,404,US-East
2026-03-09 15:38:15,/register,POST,718,200,Europe
2026-01-21 03:19:42,/payment,PUT,381,500,Asia
2026-02-03 20:07:16,/products,POST,555,200,US-East
2026-01-31 01:57:53,/profile,GET,97,500,Asia
2026-02-03 00:06:16,/payment,DELETE,810,500,Europe
2026-03-03 05:54:25,/register,DELETE,673,500,US-East
2026-01-15 06:58:38,/profile,POST,550,200,US-East
2026-02-18 04:03:11,/login,POST,389,200,US-East
2026-02-10 15:51:57,/register,PUT,759,200,Europe
2026-02-24 23:24:50,/orders,DELETE,408,200,Europe
2026-02-09 11:21:53,/products,PUT,658,404,Europe
2026-01-05 15:42:22,/login,GET,862,200,Europe
2026-03-16 15:12:17,/orders,GET,847,404,US-East
2026-01-17 00:09:11,/products,GET,931,200,Asia
2026-02-15 14:26:31,/products,PUT,840,200,Asia
2026-02-26 16:52:43,/payment,POST,122,200,Europe
2026-01-22 19:03:26,/register,PUT,381,200,US-East
2026-01-20 04:50:58,/register,POST,218,200,Asia
2026-02-10 22:31:03,/products,POST,381,200,Asia
2026-02-24 18:50:21,/orders,PUT,705,200,US-East
2026-01-09 02:02:01,/search,DELETE,1141,200,Europe
2026-02-23 13:53:33,/profile,GET,804,200,Europe
2026-03-15 02:23:06,/products,POST,235,200,Asia
2026-02-15 11:35:17,/login,DELETE,1150,200,Europe
2026-02-15 14:11:33,/register,POST,255,200,Asia
2026-02-26 23:38:53,/profile,PUT,226,404,Europe
2026-01-06 13:55:45,/login,PUT,1174,200,US-East
2026-03-09 13:04:21,/register,PUT,52,404,US-East
2026-01-03 15:59:18,/profile,DELETE,1160,200,US-East
2026-03-13 19:05:30,/register,GET,67,200,Asia
2026-01-01 05:14:28,/login,PUT,310,200,Asia
2026-03-12 05:04:28,/payment,GET,227,200,Asia
2026-02-03 07:27:55,/payment,GET,474,200,Asia
2026-03-11 10:17:00,/profile,PUT,361,200,US-East
2026-02-14 23:34:30,/orders,DELETE,1143,404,Asia
2026-02-18 02:18:05,/payment,GET,141,200,US-East
2026-01-27 10:28:36,/register,GET,220,200,Europe
2026-01-29 18:24:11,/payment,GET,112,200,US-East
2026-01-06 14:42:00,/products,PUT,200,404,Asia
2026-03-14 16:38:14,/payment,DELETE,323,200,Asia
2026-03-14 20:11:04,/search,PUT,700,500,US-East
2026-01-16 22:14:05,/login,DELETE,1014,500,Europe
2026-01-09 02:23:14,/products,POST,245,200,Asia
2026-02-04 15:59:01,/orders,DELETE,494,200,Europe
2026-02-27 20:01:03,/products,POST,629,200,Asia
2026-03-12 14:03:46,/products,GET,467,200,US-East
2026-03-15 07:33:30,/login,PUT,263,200,Europe
2026-01-19 12:18:28,/register,PUT,293,200,Europe
2026-02-07 11:43:12,/login,PUT,794,200,US-East
2026-03-08 13:56:31,/orders,DELETE,1130,200,Europe
2026-01-05 06:50:11,/login,POST,1004,200,US-East
2026-02-08 17:38:40,/search,GET,1076,200,Europe
2026-03-04 05:17:30,/search,PUT,347,200,US-East
2026-02-12 21:53:48,/search,PUT,555,404,Asia
2026-01-12 00:44:00,/search,DELETE,302,200,Asia
2026-02-08 12:38:42,/search,DELETE,603,200,US-East
2026-03-08 10:17:47,/login,GET,246,404,Europe
2026-01-28 21:22:19,/orders,POST,324,404,Asia
2026-03-04 08:41:19,/products,GET,473,200,Asia
2026-02-04 17:29:34,/search,GET,157,500,US-East
2026-01-08 06:46:39,/payment,DELETE,301,200,Europe
2026-02-16 12:58:29,/payment,POST,582,200,US-East
2026-02-12 05:11:45,/products,GET,140,500,Asia
2026-03-10 06:58:39,/register,PUT,793,200,US-East
2026-01-26 01:17:43,/products,POST,474,200,US-East
2026-01-24 11:47:15,/products,GET,798,500,US-East
2026-01-04 02:02:28,/login,GET,525,200,Europe
2026-02-07 20:42:13,/products,PUT,1093,200,US-East
2026-01-11 08:20:41,/payment,PUT,390,200,Europe
2026-03-13 00:58:39,/register,DELETE,1155,200,Asia
2026-01-23 23:23:17,/payment,POST,1035,200,Asia
2026-01-12 06:54:45,/orders,DELETE,827,200,Europe
2026-01-07 17:19:02,/search,POST,870,200,US-East
2026-01-31 08:18:28,/orders,GET,363,500,Europe
2026-01-24 23:28:58,/payment,GET,674,404,Europe
2026-02-22 07:31:36,/register,PUT,599,200,Asia
2026-02-21 23:26:03,/payment,POST,667,200,US-East
2026-01-06 16:25:38,/payment,POST,183,200,Asia
2026-02-24 00:52:52,/products,PUT,164,200,Europe
2026-01-23 14:04:49,/register,GET,1069,200,Europe
2026-02-14 10:51:38,/orders,GET,789,200,Asia
2026-03-10 18:31:18,/profile,DELETE,691,200,Europe
2026-01-19 18:44:37,/register,DELETE,1016,500,Asia
2026-02-01 20:26:29,/payment,PUT,338,200,US-East
2026-02-17 00:21:35,/payment,PUT,1103,500,US-East
2026-01-22 10:12:55,/profile,PUT,932,404,US-East
2026-03-01 16:19:27,/products,GET,394,200,US-East
2026-02-05 08:57:52,/register,DELETE,1165,200,Asia
2026-02-12 10:57:33,/profile,PUT,559,200,Europe
2026-01-09 15:09:21,/products,POST,1106,200,Asia
2026-01-01 19:30:30,/profile,GET,250,200,Europe
2026-02-16 19:25:05,/search,POST,246,200,Asia
2026-02-21 02:43:32,/orders,PUT,246,500,Asia
2026-02-17 06:06:25,/payment,POST,648,404,Asia
2026-02-25 15:07:09,/search,POST,791,200,US-East
2026-03-15 13:48:13,/login,GET,63,200,Asia
2026-01-14 15:37:48,/orders,PUT,449,200,Asia
2026-02-24 02:28:13,/search,DELETE,120,200,Asia
2026-02-20 23:15:10,/products,GET,700,200,Asia
2026-02-07 13:38:05,/profile,POST,300,500,Asia
2026-01-30 16:55:30,/orders,PUT,736,500,Europe
2026-01-23 06:10:16,/products,DELETE,579,200,US-East
2026-03-05 15:21:43,/profile,DELETE,207,200,Europe
2026-02-04 06:47:52,/register,PUT,744,200,Europe
2026-02-18 20:31:35,/register,GET,737,200,Asia
2026-03-08 13:49:21,/orders,PUT,319,404,Europe
2026-01-06 12:39:07,/products,GET,757,200,Asia
2026-02-17 01:19:38,/search,DELETE,1031,200,US-East
2026-01-23 20:56:49,/register,POST,245,200,Asia
2026-01-02 12:06:07,/payment,POST,784,200,US-East
2026-02-07 10:57:31,/login,POST,1014,200,Europe
2026-01-09 15:19:32,/login,POST,127,500,Europe
2026-02-27 05:11:11,/products,GET,388,404,Europe
2026-01-26 06:37:33,/products,POST,554,404,Europe
2026-02-10 15:09:41,/orders,GET,801,500,US-East
2026-01-24 19:21:23,/login,PUT,1088,404,Europe
2026-01-09 22:16:03,/register,POST,455,200,Europe
2026-01-28 20:33:30,/login,GET,767,200,US-East
2026-02-21 03:16:00,/profile,POST,553,404,Europe
2026-01-18 16:12:32,/orders,PUT,210,404,Europe
2026-03-08 14:55:00,/orders,DELETE,903,200,Asia
2026-03-14 13:55:03,/login,GET,312,404,Asia
2026-03-08 14:24:48,/profile,PUT,146,404,Europe
2026-01-17 08:29:14,/orders,DELETE,90,200,Asia
2026-01-29 18:04:00,/register,GET,462,404,Europe
2026-01-29 07:16:27,/login,POST,929,200,Asia
2026-03-15 18:21:01,/register,POST,438,200,Asia
2026-01-26 05:46:55,/search,PUT,639,200,US-East
2026-02-20 11:04:21,/login,GET,395,200,Europe
2026-02-06 01:29:03,/products,PUT,651,200,US-East
2026-02-28 00:32:28,/login,POST,580,500,Asia
2026-03-14 02:05:08,/products,PUT,434,200,Asia
2026-03-04 15:44:46,/profile,POST,769,200,US-East
2026-03-08 11:09:57,/login,POST,743,200,US-East
2026-02-08 11:32:12,/search,PUT,1075,200,Asia
2026-02-28 19:15:28,/payment,DELETE,115,500,US-East
2026-02-23 14:57:27,/search,POST,633,200,US-East
2026-02-01 11:59:01,/orders,POST,482,200,US-East
2026-02-21 18:01:38,/profile,DELETE,836,200,US-East
2026-02-23 10:54:40,/login,PUT,447,200,Europe
2026-02-17 05:16:45,/orders,GET,1135,200,US-East
2026-01-17 16:37:25,/payment,PUT,608,200,Europe
2026-01-23 15:38:51,/register,DELETE,158,200,Asia
2026-01-25 10:09:57,/profile,GET,1141,200,Asia
2026-02-17 11:47:02,/profile,PUT,1173,200,Europe
2026-01-27 19:31:22,/register,DELETE,751,200,Asia
2026-03-01 17:03:41,/profile,DELETE,967,200,US-East
2026-02-25 14:17:22,/login,GET,248,500,Europe
2026-02-28 11:05:51,/payment,PUT,628,500,Asia
2026-02-17 07:42:18,/orders,GET,135,200,Europe
2026-02-16 09:27:50,/products,PUT,1096,500,Asia
2026-01-17 09:34:34,/login,DELETE,104,404,US-East
2026-01-10 10:03:15,/orders,DELETE,469,500,US-East
2026-03-04 04:11:57,/products,PUT,211,200,Asia
2026-01-30 11:14:24,/search,POST,165,500,Europe
2026-01-27 02:52:39,/profile,POST,591,404,US-East
2026-01-23 17:00:53,/payment,DELETE,867,200,Europe
2026-01-16 18:07:03,/login,GET,891,200,Asia
2026-01-24 04:30:08,/products,PUT,351,200,Europe
2026-01-05 08:09:10,/login,POST,594,200,Asia
2026-02-02 03:57:19,/login,POST,666,200,US-East
2026-01-26 01:58:58,/orders,DELETE,557,200,Europe
2026-01-08 08:07:14,/search,DELETE,287,200,US-East
2026-03-14 17:15:24,/payment,PUT,790,200,Europe
2026-02-04 11:16:33,/register,DELETE,212,200,Asia
2026-01-23 16:57:33,/payment,POST,1181,500,Europe
2026-03-16 22:13:02,/products,DELETE,319,200,Asia
2026-02-12 02:16:16,/orders,DELETE,92,200,US-East
2026-02-09 15:07:58,/products,GET,1129,200,US-East
2026-03-06 13:19:04,/register,PUT,356,500,US-East
2026-03-02 16:14:44,/register,DELETE,1000,404,Asia
2026-01-02 19:07:15,/orders,PUT,1140,200,Asia
2026-02-21 20:28:45,/products,POST,457,500,Europe
2026-01-07 07:40:48,/profile,POST,1100,500,Asia
2026-03-09 00:29:27,/login,DELETE,1049,200,US-East
2026-01-15 18:31:35,/register,GET,62,200,US-East
2026-01-24 14:39:42,/profile,POST,310,200,US-East
2026-01-03 17:27:34,/profile,DELETE,521,404,Asia
2026-01-06 07:44:39,/search,PUT,899,500,Asia
2026-03-15 22:52:24,/search,DELETE,1108,200,Asia
2026-02-11 15:20:47,/register,GET,633,200,Europe
2026-03-03 14:48:17,/profile,POST,1081,404,US-East
2026-02-04 09:18:14,/payment,GET,1074,404,Europe
2026-03-13 10:38:57,/orders,GET,350,200,Asia
2026-02-15 22:22:45,/orders,GET,679,200,US-East
2026-02-12 09:22:10,/products,POST,261,200,Europe
2026-01-21 13:56:40,/profile,PUT,579,200,Europe
2026-02-17 17:25:30,/register,DELETE,319,200,Asia
2026-01-30 10:25:48,/profile,POST,154,404,Europe
2026-02-02 12:22:25,/search,POST,378,200,Europe
2026-01-02 09:16:33,/payment,PUT,660,404,US-East
2026-02-23 04:00:02,/payment,POST,185,200,US-East
2026-01-19 18:31:13,/login,GET,353,500,Asia
2026-01-10 07:11:43,/orders,PUT,319,500,US-East
2026-02-07 01:26:53,/login,POST,445,200,US-East
2026-01-05 19:44:29,/search,PUT,983,200,Europe
2026-01-29 12:03:36,/products,GET,330,200,Asia
2026-02-15 04:50:45,/payment,PUT,902,404,US-East
2026-01-08 23:27:46,/orders,GET,924,200,Asia
2026-01-02 15:59:56,/payment,DELETE,799,200,Europe
2026-02-22 20:36:20,/login,POST,807,200,US-East
2026-03-08 07:39:19,/orders,GET,375,200,Europe
2026-02-01 09:10:20,/login,PUT,1088,404,Asia
2026-01-23 21:22:46,/search,GET,959,500,Asia
2026-01-24 06:25:19,/profile,POST,354,200,Europe
2026-01-28 13:54:31,/profile,POST,361,200,US-East
2026-01-22 00:09:28,/login,DELETE,119,200,Europe
2026-01-10 15:38:36,/orders,POST,384,200,Asia
2026-02-27 01:31:09,/orders,DELETE,820,200,Europe
2026-03-02 03:13:41,/register,DELETE,409,500,Asia
2026-03-04 10:38:10,/profile,POST,598,500,Europe
2026-02-14 04:37:47,/login,GET,660,404,US-East
2026-01-22 23:37:21,/register,PUT,1000,200,Europe
2026-03-08 01:52:17,/search,GET,672,200,Asia
2026-03-14 21:52:16,/login,PUT,281,500,US-East
2026-01-01 03:33:41,/profile,GET,57,200,Asia
2026-02-21 13:23:21,/login,POST,850,200,US-East
2026-03-10 09:16:08,/payment,PUT,353,200,US-East
2026-01-20 04:38:28,/products,GET,1007,200,US-East
2026-01-22 00:53:47,/products,DELETE,887,404,Europe
2026-03-10 06:15:04,/register,DELETE,382,200,Europe
2026-03-01 16:24:38,/login,DELETE,93,200,Europe
2026-03-06 17:25:33,/products,GET,1160,200,US-East
2026-02-08 10:10:14,/products,PUT,485,200,Asia
2026-03-04 07:11:03,/profile,DELETE,298,404,US-East
2026-01-18 13:02:48,/products,GET,680,200,US-East
2026-02-12 15:27:03,/products,POST,1082,404,Europe
2026-02-15 10:59:14,/orders,DELETE,260,404,Europe
2026-01-11 11:13:57,/orders,GET,551,200,US-East
2026-01-29 21:15:53,/search,GET,755,200,Europe
2026-03-14 21:36:26,/payment,DELETE,574,500,Europe
2026-03-02 18:48:55,/login,POST,1013,200,Europe
2026-02-22 01:14:36,/register,GET,248,200,Asia
2026-02-09 00:09:40,/search,POST,1143,200,US-East
2026-03-15 19:56:09,/login,DELETE,1189,404,Asia
2026-01-27 13:13:08,/orders,GET,607,500,Asia
2026-03-02 10:15:34,/payment,GET,1120,200,US-East
2026-01-06 01:54:11,/search,POST,100,200,Europe
2026-02-09 17:53:11,/orders,POST,736,500,Asia
2026-02-23 23:54:58,/orders,POST,172,404,Europe
2026-02-15 07:33:39,/products,DELETE,1050,500,US-East
2026-01-23 12:54:11,/products,PUT,323,200,US-East
2026-01-19 11:35:04,/register,PUT,651,500,Asia
2026-02-07 15:08:26,/products,POST,89,200,Asia
2026-03-13 20:59:03,/products,PUT,88,500,Asia
2026-02-07 02:14:58,/login,DELETE,543,200,Europe
2026-01-08 21:44:11,/search,GET,1082,200,US-East
2026-03-12 02:24:55,/products,GET,956,200,US-East
2026-02-04 18:42:05,/products,DELETE,1097,200,Asia
2026-02-26 05:19:18,/payment,PUT,280,404,US-East
2026-02-05 16:33:11,/login,POST,800,404,Asia
2026-01-03 20:07:26,/payment,GET,1001,200,Europe
2026-01-19 14:09:57,/orders,PUT,646,200,Asia
2026-01-03 05:34:09,/register,DELETE,935,200,Asia
2026-01-01 01:56:25,/profile,POST,439,200,US-East
2026-03-02 03:50:34,/profile,GET,721,200,US-East
2026-02-08 17:31:20,/search,POST,322,200,Asia
2026-01-25 11:18:26,/register,DELETE,783,200,US-East
2026-03-07 08:34:57,/search,DELETE,573,200,US-East
2026-01-21 02:13:13,/orders,GET,316,200,Asia
2026-02-22 17:59:40,/profile,POST,1024,200,Asia
2026-01-05 17:06:14,/profile,GET,346,200,Europe
2026-03-15 09:13:02,/profile,DELETE,503,200,US-East
2026-02-20 04:49:26,/login,DELETE,593,200,Asia
2026-02-15 01:05:30,/orders,PUT,1031,200,Asia
2026-02-08 19:31:08,/login,DELETE,440,404,US-East
2026-01-30 18:19:20,/profile,POST,511,200,Europe
2026-01-13 18:43:51,/search,PUT,245,404,Europe
2026-01-01 08:06:34,/orders,PUT,654,200,US-East
2026-02-22 23:55:20,/orders,POST,1106,200,Europe
2026-01-16 20:15:55,/products,DELETE,419,200,Asia
2026-02-02 12:53:57,/profile,PUT,468,200,Europe
2026-01-26 10:15:08,/products,POST,458,404,US-East
2026-03-12 07:32:41,/register,POST,143,404,Europe
2026-01-19 09:48:16,/register,DELETE,307,500,Asia
2026-03-03 19:24:53,/orders,POST,683,404,Asia
2026-02-19 02:18:09,/profile,GET,954,200,US-East
2026-01-19 05:10:27,/payment,GET,1140,200,Asia
2026-03-10 18:03:24,/orders,GET,230,404,Asia
2026-01-14 08:09:39,/login,DELETE,96,200,Europe
2026-02-14 09:56:56,/search,POST,1151,404,Europe
2026-02-04 08:28:06,/login,DELETE,305,200,Asia
2026-01-27 14:52:15,/orders,PUT,439,200,US-East
2026-01-29 08:14:18,/products,PUT,1114,200,Europe
2026-01-11 16:32:12,/orders,GET,295,200,Europe
2026-03-05 17:17:55,/profile,POST,191,200,US-East
2026-02-06 12:00:41,/profile,PUT,1165,200,US-East
2026-01-08 19:42:49,/login,POST,98,200,Asia
2026-01-28 17:02:22,/products,DELETE,761,200,Europe
2026-03-02 21:25:52,/payment,POST,796,200,US-East
2026-02-21 17:54:30,/products,POST,915,200,Europe
2026-01-16 12:34:27,/products,POST,224,200,Europe
2026-01-20 00:27:21,/profile,DELETE,798,200,US-East
2026-02-22 08:24:09,/orders,GET,515,200,Asia
2026-02-19 19:53:41,/profile,PUT,122,500,Asia
2026-01-03 00:02:27,/profile,POST,433,200,Asia
2026-03-01 06:49:01,/login,DELETE,84,200,US-East
2026-02-02 14:04:47,/profile,DELETE,803,200,US-East
2026-03-14 16:54:10,/search,POST,1017,200,Asia
2026-01-25 15:37:49,/profile,POST,441,200,Europe
2026-02-12 22:08:58,/profile,PUT,1014,200,Asia
2026-01-15 06:41:09,/login,POST,1063,200,US-East
2026-02-10 05:13:41,/profile,POST,904,200,Asia
2026-01-18 12:34:56,/orders,GET,845,200,Asia
2026-02-13 21:31:38,/products,POST,1043,200,Europe
2026-01-24 15:09:09,/register,POST,52,200,US-East
2026-03-14 05:49:01,/orders,DELETE,435,200,Europe
2026-01-15 11:37:31,/products,POST,672,200,Asia
2026-01-19 05:29:26,/search,POST,578,500,Asia
2026-03-02 22:05:42,/login,DELETE,384,200,Asia
2026-03-02 03:52:23,/orders,POST,510,500,Asia
2026-01-24 21:30:32,/payment,DELETE,81,200,US-East
2026-01-06 16:40:51,/search,POST,1032,500,Europe
2026-03-02 01:32:15,/login,DELETE,694,200,US-East
2026-03-05 03:05:58,/login,POST,409,404,Asia
2026-01-03 17:17:01,/search,DELETE,486,500,US-East
2026-03-08 07:47:23,/register,DELETE,535,200,Europe
2026-03-11 19:29:50,/search,DELETE,359,500,Europe
2026-03-08 00:02:45,/products,GET,211,200,Asia
2026-02-27 11:06:48,/payment,POST,646,200,Europe
2026-03-16 20:47:00,/login,POST,692,200,Europe
2026-02-21 13:07:58,/payment,PUT,630,200,Europe
2026-02-27 11:39:45,/orders,DELETE,206,500,Asia
2026-03-10 14:20:16,/products,GET,534,500,Europe
2026-01-04 20:40:59,/register,PUT,1131,200,US-East
2026-02-18 07:02:21,/orders,POST,884,200,US-East
2026-01-08 17:28:22,/payment,PUT,779,200,US-East
2026-02-14 14:11:28,/register,DELETE,258,200,Asia
2026-01-12 02:33:31,/search,POST,247,200,Europe
2026-02-19 20:38:01,/profile,POST,984,500,Europe
2026-01-15 12:19:03,/payment,DELETE,155,500,Asia
2026-02-13 18:04:11,/profile,DELETE,542,200,Europe
2026-01-20 01:16:28,/profile,POST,800,200,Asia
2026-01-24 00:22:09,/register,DELETE,663,200,US-East
2026-01-29 07:18:34,/profile,GET,835,200,US-East
2026-03-14 15:05:22,/products,PUT,145,200,Asia
2026-02-03 16:51:25,/orders,POST,616,200,Asia
2026-03-01 16:53:11,/register,PUT,53,500,Asia
2026-01-27 18:19:44,/profile,GET,357,200,US-East
2026-03-10 14:52:30,/search,POST,70,500,Europe
2026-03-11 15:10:34,/login,GET,490,200,Europe
2026-03-14 01:45:59,/profile,PUT,426,500,Asia
2026-03-12 20:05:56,/profile,POST,401,404,US-East
2026-03-12 20:16:08,/search,DELETE,532,200,Europe
2026-02-15 18:42:21,/orders,GET,500,200,Europe
2026-01-27 10:10:58,/search,POST,901,200,Asia
2026-03-09 14:38:34,/orders,DELETE,252,200,Europe
2026-01-13 03:16:38,/orders,DELETE,625,200,Asia
2026-02-02 10:18:10,/profile,DELETE,736,200,US-East
2026-02-11 13:53:34,/orders,GET,702,500,US-East
2026-03-07 13:14:07,/register,POST,740,200,US-East
2026-02-09 18:48:23,/search,GET,604,200,Europe
2026-02-10 02:40:19,/login,POST,964,200,Asia
2026-01-01 14:33:58,/search,PUT,443,200,Asia
2026-01-15 03:37:12,/profile,DELETE,100,200,Asia
2026-01-27 00:09:03,/register,POST,598,404,US-East
2026-02-14 20:42:20,/register,PUT,156,200,US-East
2026-01-05 17:51:48,/profile,PUT,1001,200,Europe
2026-02-02 22:01:06,/search,PUT,1011,200,US-East
2026-01-16 14:03:13,/payment,DELETE,1052,200,Asia
2026-02-11 16:37:21,/payment,PUT,335,404,Europe
2026-03-01 15:41:12,/profile,POST,926,200,Europe
2026-03-12 11:32:15,/orders,GET,143,500,Europe
2026-01-09 10:55:51,/orders,DELETE,1030,200,US-East
2026-02-08 16:48:46,/register,DELETE,306,404,Asia
2026-03-11 14:26:20,/payment,PUT,137,500,Asia
2026-03-11 11:32:24,/payment,POST,304,200,US-East
2026-02-23 03:41:39,/products,PUT,1126,200,US-East
2026-01-05 20:29:58,/profile,GET,509,200,Asia
2026-02-02 11:47:46,/orders,GET,815,200,Asia
2026-01-26 12:25:11,/login,POST,67,500,Asia
2026-01-30 19:48:26,/login,PUT,381,500,Europe
2026-02-15 11:52:07,/search,PUT,214,404,US-East
2026-02-08 21:17:18,/orders,PUT,631,200,US-East
2026-02-23 20:12:56,/register,GET,1167,500,US-East
2026-02-22 21:10:08,/search,DELETE,796,200,US-East
2026-03-15 08:08:28,/profile,GET,979,500,Europe
2026-02-19 02:37:13,/search,DELETE,65,500,Europe
2026-03-11 08:40:39,/payment,DELETE,954,200,US-East
2026-03-08 02:09:35,/orders,POST,805,200,US-East
2026-02-08 16:20:27,/login,DELETE,558,500,Asia
2026-03-08 09:51:29,/products,DELETE,404,200,Asia
2026-03-16 22:35:37,/register,GET,765,200,Asia
2026-03-05 09:14:58,/profile,DELETE,285,200,US-East
2026-03-01 00:09:33,/orders,GET,515,200,Asia
2026-03-06 22:25:54,/orders,PUT,601,200,Europe
2026-03-07 21:04:25,/profile,POST,703,404,US-East
2026-02-15 18:31:50,/orders,POST,1068,500,Europe
2026-01-28 22:25:14,/payment,DELETE,874,200,US-East
2026-01-23 20:07:02,/login,GET,221,200,Asia
2026-03-04 02:31:26,/orders,PUT,70,200,Europe
2026-03-13 19:47:59,/login,PUT,387,200,Asia
2026-01-29 15:33:06,/products,GET,721,404,US-East
2026-01-29 18:41:37,/profile,DELETE,807,200,Europe
2026-01-24 07:12:43,/search,GET,496,500,US-East
2026-01-03 21:24:09,/register,POST,1051,200,Asia
2026-02-14 16:07:36,/login,GET,63,200,Asia
2026-03-01 05:45:14,/search,DELETE,853,200,Europe
2026-03-14 15:04:04,/products,DELETE,126,200,Europe
2026-01-29 22:40:24,/payment,PUT,119,200,Asia
2026-02-01 05:00:40,/profile,PUT,1156,200,Asia
2026-01-16 02:06:16,/login,DELETE,516,200,US-East
2026-02-06 22:50:47,/products,DELETE,756,404,US-East
2026-01-06 23:14:02,/payment,PUT,833,200,Europe
2026-01-01 21:39:07,/products,GET,486,200,Asia
2026-03-09 22:38:56,/products,DELETE,61,200,US-East
2026-01-21 10:29:49,/payment,POST,610,200,US-East
2026-03-09 20:26:03,/profile,GET,704,200,US-East
2026-02-23 15:40:06,/register,DELETE,1008,404,Europe
2026-01-20 21:19:15,/profile,POST,1061,500,US-East
2026-02-06 16:45:19,/products,DELETE,437,404,US-East
2026-02-27 17:16:45,/payment,DELETE,1133,404,Europe
2026-02-06 20:39:50,/profile,POST,1021,200,US-East
2026-02-28 10:53:37,/orders,PUT,1107,200,Europe
2026-02-24 09:26:47,/search,PUT,691,500,Europe
2026-01-28 06:02:04,/register,GET,947,200,Asia
2026-02-09 23:31:19,/search,DELETE,396,404,US-East
2026-03-06 12:49:41,/products,DELETE,1075,404,Asia
2026-03-01 02:49:41,/orders,POST,87,500,Asia
2026-02-09 01:21:15,/payment,DELETE,1053,200,Europe
2026-03-07 08:12:08,/products,POST,643,200,US-East
2026-02-26 14:17:03,/products,POST,644,200,US-East
2026-03-13 03:40:08,/orders,POST,282,404,US-East
2026-03-03 19:01:14,/payment,GET,532,200,Europe
2026-01-28 15:22:52,/search,PUT,545,200,Europe
2026-02-26 05:17:48,/products,POST,93,200,US-East
2026-02-13 20:40:07,/orders,PUT,524,200,US-East
2026-02-08 07:06:13,/search,DELETE,93,200,US-East
2026-03-04 21:05:11,/payment,DELETE,735,404,Europe
2026-03-16 00:13:11,/orders,DELETE,965,200,US-East
2026-01-26 11:43:58,/profile,POST,389,200,Asia
2026-02-22 21:48:09,/products,POST,1120,200,Asia
2026-02-13 00:00:48,/products,DELETE,402,404,Europe
2026-03-05 13:59:50,/products,POST,314,500,Europe
2026-02-02 11:07:59,/payment,POST,145,500,US-East
2026-02-09 14:19:29,/orders,POST,1011,404,Asia
2026-01-27 13:31:16,/profile,GET,404,200,Europe
2026-02-10 02:46:13,/orders,POST,195,200,Asia
2026-03-05 17:48:16,/orders,POST,194,200,Europe
2026-02-04 10:40:14,/profile,GET,698,200,Europe
2026-02-28 03:19:57,/products,GET,907,500,US-East
2026-02-16 21:15:20,/search,DELETE,1199,200,Asia
2026-02-02 23:44:18,/payment,GET,341,404,Asia
2026-01-25 02:59:41,/products,POST,540,404,Europe
2026-03-14 01:48:33,/register,GET,277,500,Europe
2026-03-08 14:11:53,/register,PUT,447,404,Asia
2026-02-19 02:09:35,/payment,DELETE,1188,200,Asia
2026-02-06 08:23:47,/login,GET,453,200,Asia
2026-02-14 18:08:09,/products,GET,616,500,US-East
2026-02-07 06:19:29,/payment,GET,866,404,US-East
2026-01-16 19:36:18,/orders,DELETE,1198,200,US-East
2026-02-14 11:40:03,/profile,GET,979,200,Asia
2026-01-14 07:40:31,/profile,DELETE,302,404,US-East
2026-01-20 16:46:50,/search,GET,317,200,US-East
2026-01-17 02:58:45,/orders,GET,723,200,US-East
2026-02-14 04:22:14,/products,DELETE,191,200,US-East
2026-01-17 15:00:07,/profile,PUT,524,500,Europe
2026-02-08 01:44:17,/register,GET,955,200,US-East
2026-02-04 07:22:52,/payment,GET,341,200,Asia
2026-02-11 14:20:03,/payment,DELETE,868,200,US-East
2026-02-22 17:33:25,/register,GET,1026,200,Europe
2026-02-19 10:25:23,/login,PUT,341,404,Asia
2026-03-11 10:27:24,/profile,POST,427,404,US-East
2026-01-05 09:45:10,/search,DELETE,891,200,US-East
2026-01-14 16:18:51,/login,GET,163,200,US-East
2026-01-20 04:08:46,/login,POST,73,200,US-East
2026-02-18 08:14:33,/orders,GET,538,200,Asia
2026-01-14 06:50:27,/payment,POST,1178,200,Asia
2026-01-12 01:15:21,/profile,GET,576,404,Asia
2026-02-25 12:22:17,/products,GET,406,500,Asia
2026-02-17 22:38:27,/payment,POST,265,200,US-East
2026-02-06 16:19:20,/register,DELETE,424,404,Asia
2026-03-07 23:15:03,/profile,GET,486,404,Europe
2026-01-10 22:44:05,/register,PUT,1106,404,US-East
2026-03-15 10:23:06,/register,DELETE,419,404,Asia
2026-02-07 02:35:58,/products,PUT,968,200,Asia
2026-01-29 06:06:13,/login,GET,457,500,Asia
2026-01-10 06:08:23,/search,GET,874,500,US-East
2026-02-15 12:53:19,/orders,GET,744,200,Europe
2026-01-13 11:39:42,/products,GET,878,404,Europe
2026-03-12 02:24:57,/orders,POST,480,200,Asia
2026-01-30 23:11:37,/products,DELETE,425,200,Asia
2026-02-22 22:04:38,/login,POST,742,200,US-East
2026-03-13 01:55:40,/login,DELETE,74,200,Asia
2026-02-28 01:42:54,/login,DELETE,718,500,Europe
2026-01-13 23:31:46,/search,PUT,582,200,Asia
2026-03-06 02:33:11,/products,POST,533,200,Europe
2026-02-28 11:33:43,/search,DELETE,242,500,Asia
2026-02-23 21:58:12,/login,GET,163,200,US-East
2026-01-28 18:40:04,/payment,POST,248,500,US-East
2026-02-10 15:52:30,/orders,POST,151,200,US-East
2026-02-16 22:23:05,/login,PUT,538,500,Europe
2026-03-15 05:34:00,/products,DELETE,1137,200,Asia
2026-01-06 15:59:29,/profile,DELETE,659,200,US-East
2026-01-17 11:38:35,/products,POST,1000,200,Europe
2026-01-31 09:42:14,/register,GET,1074,404,Europe
2026-02-04 21:22:27,/payment,GET,235,200,US-East
2026-02-18 10:41:45,/profile,DELETE,1162,200,Europe
2026-03-06 11:29:33,/products,GET,912,200,US-East
2026-02-28 11:54:32,/login,GET,590,200,Asia
2026-02-04 04:06:31,/orders,POST,701,404,Asia
2026-02-03 14:49:13,/login,PUT,555,500,US-East
2026-02-15 06:39:00,/login,PUT,279,200,Europe
2026-01-17 03:37:34,/payment,POST,652,200,Europe
2026-01-27 03:22:02,/products,PUT,222,200,Asia
2026-01-29 17:10:00,/orders,DELETE,244,404,Asia
2026-02-17 15:22:25,/profile,GET,163,200,Asia
2026-02-05 10:51:15,/payment,DELETE,720,200,US-East
2026-02-23 02:13:18,/orders,PUT,937,200,US-East
2026-01-31 20:51:22,/search,DELETE,383,200,Europe
2026-02-04 04:28:28,/products,DELETE,384,500,Asia
2026-02-16 15:02:41,/search,GET,699,200,US-East
2026-01-03 16:23:45,/profile,DELETE,835,500,Asia
2026-03-04 17:35:28,/search,GET,817,200,Europe
2026-02-13 04:07:34,/search,GET,419,200,US-East
2026-01-28 12:41:57,/register,DELETE,930,200,Europe
2026-01-03 14:40:51,/profile,DELETE,609,200,Europe
2026-02-23 22:58:57,/products,DELETE,912,404,Europe
2026-02-23 09:34:03,/payment,GET,1052,500,Asia
2026-02-16 19:55:23,/login,PUT,351,200,Europe
2026-01-14 15:31:37,/profile,PUT,388,200,Asia
2026-03-15 18:57:07,/profile,PUT,615,500,Europe
2026-01-17 03:26:47,/payment,PUT,119,200,Asia
2026-03-03 23:15:14,/login,PUT,386,200,Europe
2026-01-25 06:40:20,/orders,DELETE,1171,200,Europe
2026-01-01 13:27:05,/register,PUT,570,500,Europe
2026-01-20 18:41:03,/payment,PUT,1182,200,Asia
2026-03-13 20:05:09,/products,GET,197,500,Europe
2026-02-26 14:21:06,/products,GET,339,200,Europe
2026-02-19 17:39:13,/search,GET,280,500,Asia
2026-02-04 19:35:41,/register,PUT,1138,500,Asia
2026-01-19 12:23:40,/payment,PUT,1171,500,US-East
2026-01-02 05:49:16,/register,PUT,295,200,US-East
2026-01-26 05:31:07,/search,DELETE,741,200,Europe
2026-02-22 17:12:50,/search,GET,69,200,Europe
2026-01-09 02:45:12,/profile,GET,766,200,US-East
2026-02-05 03:11:14,/payment,GET,63,200,Europe
2026-01-04 15:38:26,/products,GET,852,200,Asia
2026-02-03 06:38:04,/search,GET,966,200,Europe
2026-01-29 08:31:52,/products,PUT,784,200,Asia
2026-01-10 03:57:30,/products,DELETE,1188,200,Europe
2026-01-01 03:22:50,/search,POST,573,200,Europe
2026-03-13 18:56:27,/search,PUT,613,404,US-East
2026-03-04 18:41:14,/profile,DELETE,165,404,Asia
2026-01-16 03:37:40,/login,DELETE,1183,200,US-East
2026-02-11 21:50:16,/register,PUT,734,200,Asia
2026-02-02 18:04:53,/login,GET,437,200,Europe
2026-01-09 10:20:24,/profile,GET,825,200,Asia
2026-02-09 01:46:44,/payment,DELETE,585,200,Europe
2026-02-08 10:05:43,/payment,GET,853,200,Europe
2026-01-12 13:40:07,/products,GET,696,200,Asia
2026-02-07 16:59:22,/payment,PUT,515,200,Europe
2026-03-16 01:08:15,/profile,DELETE,213,200,US-East
2026-01-21 21:17:12,/profile,GET,717,200,US-East
2026-03-04 13:58:47,/products,GET,304,404,US-East
2026-01-13 02:44:58,/orders,POST,1036,200,Europe
2026-01-08 03:46:15,/payment,POST,67,500,US-East
2026-01-15 10:55:07,/profile,PUT,629,200,Asia
2026-01-06 02:53:48,/search,POST,905,200,Europe
2026-01-28 04:30:35,/search,DELETE,153,200,Asia
2026-03-16 14:05:34,/products,POST,357,200,Asia
2026-03-10 11:01:56,/products,PUT,477,200,Asia
2026-02-07 05:55:31,/products,DELETE,953,500,Europe
2026-02-22 08:39:36,/payment,POST,862,200,Asia
2026-02-17 20:45:02,/search,GET,1020,200,Europe
2026-02-03 02:19:40,/search,PUT,569,200,US-East
2026-02-25 07:10:19,/login,POST,107,200,Europe
2026-01-10 19:13:09,/orders,GET,1069,404,US-East
2026-01-13 21:42:13,/payment,POST,650,404,US-East
2026-02-26 21:59:13,/login,DELETE,840,404,Asia
2026-01-22 17:58:43,/search,PUT,486,200,Europe
2026-01-28 20:52:39,/register,PUT,420,500,Europe
2026-01-01 00:28:47,/payment,GET,662,500,Europe
2026-01-12 08:21:45,/profile,GET,285,200,US-East
2026-02-03 15:30:51,/products,POST,77,200,Europe
2026-02-28 05:07:13,/products,PUT,166,500,Europe
2026-02-20 02:28:26,/payment,POST,893,500,Asia
2026-01-17 09:52:50,/orders,GET,417,200,Asia
2026-02-19 22:49:21,/profile,PUT,705,200,US-East
2026-03-12 03:25:22,/login,POST,108,404,Europe
2026-01-07 16:51:30,/products,POST,473,200,US-East
2026-01-01 05:06:21,/search,DELETE,396,200,Asia
2026-01-26 16:22:15,/login,POST,1098,404,US-East
2026-03-02 02:31:57,/register,POST,575,404,Asia
2026-02-26 23:32:38,/profile,DELETE,594,200,US-East
2026-02-17 21:46:36,/register,GET,844,200,Asia
2026-02-10 15:51:28,/profile,POST,826,404,Europe
2026-02-05 21:13:52,/products,GET,957,500,US-East
2026-02-06 12:18:59,/profile,POST,979,200,US-East
2026-02-14 06:38:03,/register,GET,276,404,Asia
2026-01-08 06:06:51,/search,PUT,1157,200,Europe
2026-01-17 11:30:24,/orders,GET,554,404,Europe
2026-03-08 13:24:25,/register,GET,826,200,US-East
2026-02-09 23:35:14,/payment,DELETE,1004,200,Asia
2026-01-14 20:06:58,/register,GET,693,200,Asia
2026-01-22 04:08:41,/profile,GET,526,500,Asia
2026-02-11 15:13:36,/payment,POST,882,200,Asia
2026-02-28 00:55:29,/payment,POST,574,200,Europe
2026-03-06 19:29:06,/payment,PUT,265,200,US-East
2026-01-24 10:43:25,/products,GET,1016,200,Asia
2026-01-22 14:07:35,/search,POST,556,200,Europe
2026-03-02 18:04:04,/profile,POST,789,200,Asia
2026-01-24 12:44:41,/products,GET,78,200,US-East
2026-01-30 20:52:51,/login,PUT,676,404,Asia
2026-02-22 05:19:48,/search,POST,1003,200,Europe
2026-01-06 07:26:32,/payment,POST,239,500,Europe
2026-01-10 02:01:53,/payment,PUT,290,200,Europe
2026-02-21 06:40:08,/register,GET,430,200,Europe
2026-02-15 07:19:23,/orders,POST,242,200,Asia
2026-02-16 11:36:35,/orders,GET,445,200,Asia
2026-01-16 08:07:55,/products,GET,906,404,Europe
2026-02-01 06:16:33,/register,DELETE,315,500,Asia
2026-02-08 12:21:20,/register,GET,505,500,US-East
2026-01-14 11:40:17,/payment,PUT,508,404,Asia
2026-03-08 14:47:49,/search,GET,414,200,Europe
2026-02-10 15:01:40,/login,PUT,992,200,US-East
2026-03-07 07:29:51,/products,POST,181,200,Asia
2026-01-09 00:35:28,/profile,DELETE,732,404,Europe
2026-03-06 19:09:00,/payment,GET,97,200,Europe
2026-02-16 05:56:56,/profile,DELETE,860,500,Europe
2026-02-26 02:49:18,/products,PUT,651,200,US-East
2026-03-01 13:16:44,/login,DELETE,862,500,Europe
2026-02-23 01:19:54,/search,DELETE,51,404,Asia
2026-01-01 21:24:19,/products,GET,90,200,Europe
2026-01-13 11:30:10,/orders,POST,355,500,Asia
2026-02-09 02:12:53,/products,GET,697,200,US-East
2026-03-01 09:20:59,/register,PUT,529,200,Asia
2026-01-27 17:26:28,/login,GET,1099,200,Europe
2026-02-21 12:29:27,/orders,POST,406,200,US-East
2026-03-06 11:22:56,/payment,GET,848,500,US-East
2026-02-22 06:03:30,/profile,PUT,770,200,US-East
2026-01-05 21:14:27,/products,GET,894,200,Asia
2026-01-02 20:37:33,/search,DELETE,527,200,Europe
2026-01-15 13:52:27,/profile,PUT,1006,200,Asia
2026-03-12 11:08:34,/products,GET,420,200,Europe
2026-02-25 20:40:03,/products,PUT,669,200,US-East
2026-01-10 10:51:30,/orders,POST,380,200,Asia
2026-01-17 14:40:48,/login,POST,921,200,US-East
2026-02-10 03:46:39,/payment,DELETE,905,500,Europe
2026-01-14 13:30:12,/products,POST,572,500,Asia
2026-02-24 13:16:25,/search,GET,1161,200,Europe
2026-03-02 16:39:10,/login,GET,1050,200,Asia
2026-02-21 08:08:51,/login,PUT,1192,200,US-East
2026-02-07 19:40:51,/products,GET,270,200,Europe
2026-01-09 15:14:14,/register,GET,270,500,US-East
2026-01-12 23:04:16,/profile,POST,143,200,Asia
2026-02-09 11:40:20,/search,PUT,561,200,Asia
2026-01-02 12:57:13,/register,PUT,689,200,Asia
2026-02-17 11:16:19,/payment,DELETE,252,404,Europe
2026-03-03 11:34:35,/login,POST,701,200,Europe
2026-02-02 11:54:20,/register,POST,347,200,US-East
2026-01-31 18:16:09,/payment,PUT,114,200,US-East
2026-01-11 20:14:08,/login,POST,1067,500,Europe
2026-02-27 07:12:23,/register,DELETE,1154,404,Asia
2026-01-28 19:02:01,/payment,DELETE,959,200,US-East
2026-01-24 09:14:48,/payment,GET,499,200,Asia
2026-02-26 00:12:09,/orders,POST,190,200,Asia
2026-01-11 21:02:43,/payment,PUT,725,404,Europe
2026-02-20 11:20:51,/payment,GET,696,200,Europe
2026-01-11 05:21:09,/payment,POST,716,500,Europe
2026-01-05 17:48:08,/search,DELETE,768,500,Asia
2026-02-13 06:06:14,/payment,PUT,717,200,Europe
2026-01-24 11:43:55,/payment,POST,1157,200,Europe
2026-01-30 16:44:00,/orders,PUT,153,200,US-East
2026-02-07 14:39:35,/profile,POST,1056,500,Europe
2026-01-21 12:25:56,/login,DELETE,642,200,Asia
2026-03-16 02:10:07,/products,GET,612,200,Europe
2026-01-01 19:53:48,/payment,PUT,979,200,Europe
2026-02-12 21:19:42,/profile,GET,575,200,Asia
2026-03-04 16:03:59,/payment,GET,176,500,Asia
2026-02-10 06:39:27,/orders,PUT,485,200,US-East
2026-03-13 07:12:19,/orders,PUT,548,200,US-East
2026-03-13 09:33:58,/payment,PUT,431,200,Europe
2026-01-04 19:36:07,/products,GET,601,200,Europe
2026-01-26 03:28:26,/payment,DELETE,62,500,Europe
2026-01-23 11:41:18,/search,DELETE,562,200,US-East
2026-03-15 17:59:14,/payment,DELETE,892,200,US-East
2026-01-24 04:23:08,/search,POST,1149,200,Europe
2026-01-17 22:49:43,/profile,PUT,938,200,Asia
2026-03-10 19:35:47,/register,PUT,1134,200,Asia
2026-02-13 11:19:54,/search,GET,1091,200,Asia
2026-03-14 08:20:15,/profile,PUT,582,200,Europe
2026-03-01 21:42:43,/register,POST,886,404,Asia
2026-02-09 15:22:20,/search,DELETE,131,500,Europe
2026-02-09 10:00:52,/login,PUT,1056,200,Asia
2026-02-08 20:08:40,/payment,DELETE,106,500,US-East
2026-03-09 17:32:51,/search,PUT,1000,200,US-East
2026-02-01 05:47:36,/orders,POST,404,200,Europe
2026-01-13 18:16:39,/payment,PUT,74,200,US-East
2026-03-06 03:58:22,/profile,GET,67,200,US-East
2026-01-31 12:29:48,/search,GET,535,200,Asia
2026-01-13 22:24:02,/login,DELETE,398,200,Asia
2026-01-15 05:01:11,/profile,PUT,328,200,Europe
2026-01-26 07:07:57,/login,PUT,620,200,US-East
2026-01-31 05:42:51,/register,GET,376,500,Europe
2026-02-08 02:07:34,/products,GET,757,404,US-East
2026-02-04 10:02:31,/payment,GET,1113,200,US-East
2026-01-31 18:24:19,/profile,POST,1198,200,Europe
2026-03-03 20:39:49,/login,DELETE,433,200,Europe
2026-01-07 17:44:48,/search,PUT,1020,200,Asia
2026-02-11 22:57:58,/login,DELETE,289,200,Europe
2026-01-06 03:49:46,/search,PUT,744,404,US-East
2026-02-16 13:06:35,/search,GET,1027,404,Asia
2026-01-11 14:03:51,/products,PUT,884,200,US-East
2026-01-14 05:37:35,/login,GET,765,500,US-East
2026-03-12 05:54:43,/search,DELETE,69,404,Asia
2026-02-11 00:56:45,/login,POST,490,200,Europe
2026-02-23 21:05:40,/profile,GET,1046,200,US-East
2026-01-13 23:38:28,/search,POST,576,200,Asia
2026-03-03 11:49:55,/search,POST,1029,500,US-East
2026-01-12 13:02:05,/products,POST,1126,200,Europe
2026-01-06 14:29:56,/profile,GET,1115,200,US-East
2026-01-14 19:24:41,/payment,PUT,956,200,US-East
2026-01-02 10:53:42,/search,PUT,756,200,Asia
2026-02-26 17:24:46,/profile,DELETE,359,200,US-East
2026-01-25 00:13:47,/search,DELETE,197,200,US-East
2026-01-19 20:56:42,/search,DELETE,1089,200,US-East
2026-01-29 15:47:17,/profile,DELETE,237,200,US-East
2026-03-08 09:04:42,/register,GET,925,200,US-East
2026-01-08 13:13:19,/orders,DELETE,240,200,US-East
2026-02-24 09:51:53,/register,GET,924,500,US-East
2026-03-11 05:56:15,/products,DELETE,1029,200,Asia
2026-02-23 13:08:51,/orders,GET,336,200,Asia
2026-03-12 17:08:46,/profile,PUT,364,200,Asia
2026-01-03 15:52:26,/products,GET,507,200,US-East
2026-02-10 20:53:44,/profile,GET,117,200,Europe
2026-02-22 13:21:06,/payment,PUT,199,200,Europe
2026-01-11 18:33:37,/profile,PUT,963,500,Asia
2026-02-13 01:42:25,/payment,DELETE,1041,200,US-East
2026-03-07 21:06:12,/payment,PUT,836,200,Asia
2026-02-04 00:02:07,/search,POST,620,500,Asia
2026-03-14 07:10:06,/products,GET,871,404,US-East
2026-03-07 13:15:29,/register,PUT,131,200,Europe
2026-03-14 13:58:28,/products,PUT,898,200,US-East
2026-03-15 18:53:43,/orders,PUT,819,200,US-East
2026-02-15 09:54:00,/profile,DELETE,1062,200,Europe
2026-01-15 13:36:52,/payment,POST,162,200,Asia
2026-02-20 19:37:21,/register,DELETE,734,200,US-East
2026-01-22 22:02:27,/payment,DELETE,1173,200,Asia
2026-01-02 19:06:40,/orders,DELETE,1087,200,Asia
2026-02-07 12:11:37,/products,PUT,530,500,Europe
2026-02-18 11:18:00,/profile,POST,359,404,Europe
2026-01-24 10:31:19,/products,DELETE,459,500,Asia
2026-02-23 22:34:15,/products,GET,1059,404,US-East
2026-02-23 07:36:15,/profile,GET,152,200,Europe
2026-01-18 04:45:52,/payment,POST,674,200,US-East
2026-01-03 12:07:53,/search,GET,720,200,Asia
2026-01-28 17:17:15,/orders,POST,1068,500,Europe
2026-01-07 04:24:55,/login,DELETE,246,200,Asia
2026-01-02 10:48:06,/register,PUT,1035,200,US-East
2026-03-02 14:51:46,/profile,PUT,835,404,Europe
2026-01-15 11:47:46,/login,POST,902,200,Europe
2026-01-11 16:58:07,/products,POST,500,200,US-East
2026-03-01 23:15:25,/orders,PUT,850,404,US-East
2026-03-03 03:50:38,/register,DELETE,889,200,US-East
2026-03-11 10:30:27,/payment,POST,987,200,US-East
2026-01-29 09:02:03,/login,GET,771,200,US-East
2026-01-13 18:58:32,/profile,POST,188,200,US-East
2026-01-20 20:12:44,/orders,POST,698,500,Asia
2026-01-14 06:40:54,/products,POST,1020,200,Europe
2026-01-11 19:58:00,/register,DELETE,521,404,US-East
2026-01-01 17:33:28,/products,POST,137,500,Asia
2026-02-27 19:14:02,/register,DELETE,237,200,Europe
2026-03-13 23:39:19,/profile,GET,1088,200,US-East
2026-01-23 17:03:53,/register,POST,240,200,Europe
2026-02-04 17:09:46,/login,GET,661,500,US-East
2026-01-26 03:28:16,/products,POST,105,200,Asia
2026-03-02 19:18:54,/login,DELETE,1095,500,Asia
2026-02-02 10:22:57,/login,PUT,836,200,Asia
2026-01-07 07:18:47,/orders,PUT,948,200,US-East
2026-02-14 01:24:28,/profile,DELETE,703,500,Asia
2026-02-21 16:36:07,/profile,PUT,632,200,US-East
2026-03-04 23:22:52,/products,GET,871,200,US-East
2026-01-30 19:28:11,/search,POST,194,500,Europe
2026-02-13 05:14:20,/login,POST,55,200,US-East
2026-01-02 06:34:06,/search,POST,583,500,Europe
2026-01-28 07:52:05,/products,POST,147,200,Europe
2026-02-08 04:34:21,/orders,POST,502,200,Europe
2026-03-05 05:29:32,/payment,GET,729,200,Asia
2026-02-27 22:09:44,/register,DELETE,927,200,Asia
2026-02-18 16:41:31,/register,GET,606,200,US-East
2026-02-26 04:26:58,/login,PUT,752,500,Asia
2026-02-23 13:17:02,/products,GET,771,404,Asia
2026-01-27 15:48:37,/search,DELETE,69,500,Europe
2026-03-06 07:23:29,/login,DELETE,161,500,Europe
2026-01-13 12:02:23,/register,GET,82,200,Asia
2026-01-24 18:39:22,/products,DELETE,804,200,Europe
2026-02-24 13:08:22,/products,GET,764,200,US-East
2026-01-02 11:36:13,/products,PUT,205,200,US-East
2026-02-08 17:50:20,/payment,PUT,399,500,Asia
2026-02-09 20:17:38,/payment,POST,301,200,US-East
2026-03-08 11:43:50,/search,DELETE,361,200,Europe
2026-01-01 19:24:44,/payment,GET,104,200,US-East
2026-01-21 15:14:36,/register,GET,819,500,US-East
2026-02-19 09:06:59,/search,POST,1196,200,Asia
2026-02-24 18:56:11,/profile,GET,717,404,US-East
2026-02-08 14:16:15,/profile,DELETE,1137,404,US-East
2026-02-12 20:20:16,/profile,GET,1113,200,Asia
2026-03-16 19:14:14,/orders,PUT,65,200,Europe
2026-02-22 02:28:50,/register,POST,342,200,Europe
2026-01-22 20:03:10,/login,GET,351,500,US-East
2026-02-08 07:20:38,/profile,GET,346,500,Asia
2026-01-21 18:22:18,/register,GET,452,200,Asia
2026-03-16 17:31:42,/products,GET,304,200,Europe
2026-03-15 02:35:01,/login,POST,416,200,US-East
2026-01-12 17:27:16,/orders,POST,1015,200,US-East
2026-01-30 20:04:58,/orders,POST,1030,200,Europe
2026-02-28 12:37:37,/products,PUT,493,200,Europe
2026-01-23 08:49:06,/products,GET,327,404,US-East
2026-01-23 06:19:57,/register,POST,655,500,Europe
2026-01-02 01:08:41,/profile,GET,1033,500,Asia
2026-01-22 02:11:19,/login,DELETE,998,200,US-East
2026-03-09 01:04:18,/payment,POST,815,200,Asia
2026-02-20 06:52:13,/profile,GET,352,200,Asia
2026-02-04 17:16:55,/products,GET,822,200,Europe
2026-01-29 01:58:27,/orders,POST,896,200,Asia
2026-02-27 20:18:15,/payment,GET,344,200,Asia
2026-02-10 05:57:10,/login,PUT,315,200,Europe
2026-02-10 01:09:06,/payment,DELETE,886,200,Europe
2026-03-04 04:04:19,/login,POST,78,200,Europe
2026-01-16 22:33:28,/orders,GET,74,200,US-East
2026-01-17 21:19:30,/register,PUT,552,404,Europe
2026-02-14 07:43:15,/search,POST,278,404,US-East
2026-03-14 02:03:14,/search,DELETE,831,500,US-East
2026-03-07 15:54:36,/products,POST,726,200,Asia
2026-02-24 23:34:59,/orders,PUT,917,200,Europe
2026-01-16 08:51:20,/profile,PUT,990,200,Europe
2026-03-02 11:56:02,/orders,GET,137,200,US-East
2026-03-06 01:34:43,/register,DELETE,494,404,Europe
2026-03-07 23:55:01,/profile,PUT,808,200,US-East
2026-02-26 17:02:49,/profile,DELETE,864,500,Asia
2026-03-10 20:33:17,/search,GET,320,200,US-East
2026-01-26 02:57:14,/search,PUT,843,200,US-East
2026-01-07 21:34:38,/orders,GET,159,200,US-East
2026-01-02 16:01:51,/search,GET,488,200,US-East
2026-02-23 23:30:39,/register,PUT,449,200,Asia
2026-01-22 21:48:47,/register,POST,334,200,Europe
2026-02-19 07:55:51,/products,DELETE,622,200,Asia
2026-01-27 03:03:23,/register,DELETE,169,200,US-East
2026-01-02 11:00:00,/payment,GET,212,200,US-East
2026-01-16 02:11:50,/products,DELETE,73,200,Europe
2026-02-19 21:32:07,/products,GET,776,200,US-East
2026-02-16 09:39:32,/login,PUT,838,200,US-East
2026-03-04 05:50:47,/login,GET,635,200,Asia
2026-02-18 07:50:29,/payment,DELETE,661,200,Asia
2026-01-06 06:17:58,/orders,PUT,119,200,Europe
2026-03-07 20:06:48,/products,PUT,865,500,US-East
2026-01-29 22:17:53,/search,PUT,263,200,US-East
2026-02-27 19:21:54,/search,PUT,900,200,US-East
2026-01-28 20:16:13,/products,DELETE,1172,200,US-East
2026-01-27 18:18:21,/orders,GET,1196,200,Asia
2026-02-15 00:06:01,/payment,GET,1069,200,US-East
2026-01-25 12:04:33,/products,DELETE,745,200,Europe
2026-01-01 17:21:40,/register,POST,1014,200,Europe
2026-03-02 18:27:21,/register,DELETE,95,500,Asia
2026-03-05 10:33:19,/register,DELETE,149,200,Europe
2026-03-15 21:12:17,/profile,POST,82,200,Asia
2026-01-18 08:11:50,/register,GET,241,200,Europe
2026-02-06 02:01:02,/products,POST,1122,200,US-East
2026-02-16 04:37:47,/register,DELETE,492,200,US-East
2026-03-05 11:07:17,/login,PUT,1027,500,Europe
2026-03-14 00:09:56,/orders,DELETE,511,200,Asia
2026-02-07 09:20:17,/products,GET,601,500,Europe
2026-01-30 18:05:41,/payment,GET,994,200,Asia
2026-01-08 05:28:24,/payment,GET,750,500,Europe
2026-03-16 03:49:02,/login,PUT,1011,200,Asia
2026-01-14 12:15:29,/login,DELETE,459,200,Asia
2026-01-05 05:12:33,/orders,DELETE,148,200,US-East
2026-02-22 05:31:32,/payment,DELETE,397,200,Europe
2026-02-02 02:26:02,/register,PUT,381,200,US-East
2026-01-20 04:09:50,/search,DELETE,554,200,Asia
2026-01-20 23:09:42,/login,POST,348,404,Europe
2026-01-14 00:02:02,/search,DELETE,63,200,US-East
2026-03-11 13:49:46,/products,POST,793,200,Asia
2026-02-11 18:00:39,/products,DELETE,1183,500,Europe
2026-01-07 03:25:27,/login,GET,272,200,Europe
2026-03-11 05:29:56,/profile,PUT,245,200,Europe
2026-02-04 16:21:57,/register,DELETE,1045,200,Europe
2026-03-13 14:38:10,/products,POST,598,500,US-East
2026-02-18 04:56:15,/orders,PUT,849,404,Europe
2026-01-16 18:32:33,/profile,GET,155,404,Asia
2026-02-14 15:56:20,/orders,PUT,1151,200,Asia
2026-01-16 07:14:45,/register,POST,156,404,Asia
2026-02-13 03:23:01,/products,DELETE,1142,200,Europe
2026-02-28 09:01:19,/login,POST,134,200,Europe
2026-02-28 23:24:53,/profile,POST,426,200,Asia
2026-01-15 00:56:03,/profile,PUT,850,200,US-East
2026-02-08 04:17:29,/orders,GET,482,200,US-East
2026-01-17 10:14:11,/profile,POST,573,404,US-East
2026-01-25 11:44:42,/orders,PUT,392,200,Asia
2026-03-06 04:13:53,/payment,GET,368,500,Europe
2026-01-24 13:45:56,/search,DELETE,774,200,Europe
2026-02-06 15:00:43,/login,PUT,919,404,Asia
2026-02-22 09:28:33,/register,GET,665,200,Europe
2026-01-01 22:18:51,/search,PUT,81,500,Asia
2026-01-16 08:32:00,/register,POST,331,500,Europe
2026-01-06 09:22:32,/register,POST,294,500,Asia
2026-02-01 11:46:13,/payment,POST,431,200,Asia
2026-02-03 04:56:22,/orders,POST,703,404,Europe
2026-02-08 09:04:52,/login,POST,616,200,US-East
2026-01-09 09:14:26,/payment,PUT,1165,200,Asia
2026-01-18 10:23:10,/search,DELETE,393,404,US-East
2026-01-30 02:07:23,/login,PUT,566,200,Europe
2026-02-01 14:07:09,/products,POST,522,200,Asia
2026-01-01 08:39:22,/profile,PUT,872,200,Europe
2026-02-01 12:18:30,/profile,POST,693,200,US-East
2026-02-08 09:51:36,/orders,POST,486,200,US-East
2026-03-04 23:27:21,/orders,PUT,531,200,US-East
2026-01-20 14:38:41,/products,DELETE,1053,200,US-East
2026-03-06 11:03:52,/payment,PUT,489,200,Europe
2026-01-12 11:26:47,/register,PUT,56,200,Asia
2026-02-15 15:14:44,/payment,DELETE,379,500,US-East
2026-03-10 14:44:17,/orders,POST,302,200,Europe
2026-01-27 09:05:13,/register,GET,320,500,Asia
2026-01-19 23:21:33,/products,PUT,152,200,US-East
2026-03-09 00:52:24,/search,PUT,429,200,US-East
2026-01-21 14:20:18,/login,DELETE,849,200,Europe
2026-01-23 07:53:22,/login,PUT,156,200,Asia
2026-02-20 05:08:27,/profile,POST,248,200,US-East
2026-01-29 05:49:23,/search,GET,695,200,US-East
2026-01-22 22:17:37,/products,DELETE,959,200,US-East
2026-02-19 13:41:17,/login,DELETE,61,404,Europe
2026-02-12 11:35:56,/register,DELETE,412,200,Europe
2026-03-14 12:27:18,/search,POST,1022,200,US-East
2026-02-26 23:25:04,/login,GET,753,200,Europe
2026-01-02 02:35:39,/orders,GET,965,200,US-East
2026-02-21 16:53:14,/register,DELETE,722,200,Asia
2026-01-01 12:44:50,/orders,PUT,780,200,Europe
2026-01-03 21:31:05,/login,PUT,766,404,US-East
2026-03-01 19:12:17,/profile,PUT,490,200,Europe
2026-02-11 23:59:21,/search,PUT,867,200,Europe
2026-02-01 00:07:56,/register,PUT,180,500,Asia
2026-02-19 07:40:00,/payment,PUT,1035,200,US-East
2026-02-11 12:59:59,/orders,PUT,391,404,US-East
2026-02-12 01:52:28,/payment,GET,234,404,Europe
2026-01-30 16:26:04,/login,POST,844,500,US-East
2026-03-02 22:34:59,/orders,POST,784,200,Asia
2026-01-15 01:09:14,/orders,POST,332,200,Europe
2026-02-15 05:23:00,/profile,PUT,81,200,US-East
2026-01-03 00:35:40,/search,PUT,601,500,US-East
2026-02-22 19:19:53,/orders,PUT,165,200,US-East
2026-02-19 04:49:08,/login,PUT,1081,200,Asia
2026-03-13 22:00:27,/payment,POST,1109,200,Asia
2026-01-30 08:49:58,/profile,POST,875,500,Asia
2026-01-04 06:18:28,/register,GET,235,200,Asia
2026-02-02 22:45:02,/search,GET,96,404,Asia
2026-02-26 08:56:24,/login,GET,908,200,Asia
2026-02-27 08:44:39,/profile,PUT,384,200,US-East
2026-02-12 16:51:55,/profile,PUT,531,500,Europe
2026-02-05 02:19:34,/search,GET,437,404,Asia
2026-03-02 05:16:50,/orders,DELETE,595,200,US-East
2026-02-03 11:11:17,/products,GET,666,200,Asia
2026-02-06 05:19:58,/payment,PUT,581,200,US-East
2026-02-26 22:50:18,/products,POST,601,500,Asia
2026-01-14 09:33:11,/products,PUT,190,500,Europe
2026-01-08 21:14:33,/products,PUT,976,500,US-East
2026-02-12 16:02:14,/products,POST,332,200,Asia
2026-02-01 05:41:19,/login,GET,834,200,Europe
2026-02-15 04:56:51,/payment,POST,236,404,Europe
2026-02-23 05:17:10,/payment,POST,568,500,Europe
2026-02-15 06:56:24,/orders,GET,715,500,US-East
2026-02-03 17:50:48,/search,PUT,573,200,Europe
2026-01-10 08:25:11,/products,GET,354,200,US-East
2026-01-16 21:44:16,/profile,GET,438,200,Asia
2026-03-13 10:40:55,/search,DELETE,436,404,Europe
2026-01-05 13:35:50,/orders,DELETE,102,500,Asia
2026-02-20 06:14:19,/search,GET,79,200,Asia
2026-02-21 06:49:54,/profile,DELETE,593,500,Europe
2026-03-12 07:22:39,/register,PUT,61,500,Asia
2026-01-18 20:22:03,/products,DELETE,1014,404,Europe
2026-01-27 05:07:39,/products,PUT,1111,404,Europe
2026-01-27 11:51:36,/register,POST,1112,200,Europe
2026-01-23 22:51:47,/register,POST,476,404,Asia
2026-02-06 08:45:29,/products,POST,723,200,Asia
2026-01-19 07:06:17,/products,GET,637,200,Asia
2026-03-01 12:28:15,/orders,PUT,1074,200,Asia
2026-03-16 02:13:16,/orders,PUT,991,404,Europe
2026-03-14 02:32:31,/search,PUT,695,200,US-East
2026-03-09 05:34:23,/products,POST,817,200,Asia
2026-01-10 17:52:59,/orders,DELETE,703,404,Europe
2026-01-30 05:51:39,/payment,DELETE,65,500,Asia
2026-01-31 22:37:53,/products,GET,655,200,Europe
2026-01-24 08:12:12,/login,PUT,762,200,Europe
2026-01-07 09:24:04,/orders,GET,197,200,US-East
2026-03-14 06:22:37,/payment,POST,898,404,Asia
2026-01-20 13:17:37,/search,DELETE,148,200,US-East
2026-02-04 23:10:47,/login,PUT,425,200,Europe
2026-02-01 10:54:26,/search,POST,241,500,Europe
2026-02-07 07:53:09,/payment,DELETE,1141,404,US-East
2026-01-20 15:50:04,/payment,POST,943,200,US-East
2026-01-02 22:23:01,/payment,PUT,966,500,Asia
2026-02-28 09:20:19,/products,GET,451,200,US-East
2026-03-02 12:51:40,/search,DELETE,488,200,US-East
2026-01-11 08:39:17,/products,DELETE,611,500,Asia
2026-02-17 00:59:20,/profile,POST,1006,200,Europe
2026-02-07 23:42:37,/login,POST,278,200,US-East
2026-02-05 06:27:23,/register,POST,935,500,Asia
2026-03-15 10:00:09,/payment,PUT,997,200,Europe
2026-02-17 10:00:54,/products,GET,778,200,Europe
2026-02-11 07:40:09,/profile,GET,664,200,Europe
2026-02-06 02:19:17,/login,PUT,684,500,US-East
2026-02-26 04:21:33,/products,DELETE,556,404,Europe
2026-03-16 11:24:26,/payment,POST,709,200,Europe
2026-02-20 05:35:17,/orders,DELETE,1121,404,US-East
2026-01-20 21:35:15,/profile,GET,534,200,US-East
2026-01-02 08:48:13,/products,GET,683,200,US-East
2026-02-09 06:08:01,/profile,PUT,798,200,US-East
2026-02-05 19:18:22,/register,POST,351,200,Europe
2026-01-13 07:12:51,/payment,POST,1160,200,Asia
2026-01-14 01:04:54,/products,DELETE,139,500,Europe
2026-03-12 09:07:21,/register,POST,1139,200,Europe
2026-02-16 21:50:01,/orders,PUT,259,200,US-East
2026-01-11 14:01:04,/orders,PUT,924,404,Europe
2026-01-05 21:02:03,/profile,PUT,269,500,Europe
2026-02-04 03:01:12,/orders,GET,740,500,Asia
2026-02-16 09:40:54,/orders,DELETE,99,500,Europe
2026-01-30 09:45:36,/products,POST,743,200,Europe
2026-03-09 15:46:09,/orders,POST,406,200,US-East
2026-02-24 00:52:36,/payment,DELETE,918,500,Asia
2026-03-06 01:43:14,/orders,POST,974,404,Europe
2026-01-23 02:05:13,/products,DELETE,267,404,Asia
2026-02-04 03:53:12,/products,PUT,151,500,US-East
2026-01-14 11:04:22,/login,GET,703,404,Europe
2026-03-08 00:27:06,/payment,POST,876,200,Asia
2026-01-23 09:42:08,/profile,GET,442,200,Asia
2026-02-16 09:06:05,/search,GET,1091,200,US-East
2026-01-13 11:46:55,/payment,GET,442,500,Europe
2026-03-15 18:42:26,/products,PUT,272,200,Europe
2026-03-14 07:53:07,/profile,GET,1057,200,Europe
2026-01-23 09:18:28,/profile,GET,444,200,US-East
2026-01-23 00:02:05,/products,DELETE,1127,500,US-East
2026-02-10 03:58:15,/login,DELETE,665,404,US-East
2026-01-25 11:49:11,/search,POST,1052,200,US-East
2026-01-16 23:56:05,/search,PUT,354,200,US-East
2026-02-05 02:12:49,/search,GET,56,200,Asia
2026-02-25 11:27:27,/register,DELETE,554,200,Asia
2026-02-22 17:27:51,/products,PUT,1146,200,US-East
2026-01-17 01:24:39,/profile,PUT,998,500,Europe
2026-01-15 17:50:16,/products,PUT,656,200,Asia
2026-03-09 11:46:52,/register,DELETE,67,200,Asia
2026-01-26 20:12:44,/orders,GET,1138,200,US-East
2026-01-07 20:36:29,/search,POST,736,200,US-East
2026-02-07 15:42:23,/search,POST,86,200,Europe
2026-01-05 16:02:47,/products,PUT,1133,200,US-East
2026-01-30 20:14:17,/register,GET,220,200,Europe
2026-02-15 18:28:43,/payment,PUT,385,200,US-East
2026-01-27 14:18:47,/profile,POST,258,404,US-East
2026-01-11 13:50:07,/payment,DELETE,506,200,US-East
2026-03-08 06:12:29,/login,PUT,58,404,US-East
2026-03-01 12:35:20,/orders,GET,492,500,US-East
2026-02-10 01:16:46,/products,GET,950,404,Europe
2026-01-21 16:50:50,/payment,POST,396,200,Europe
2026-02-20 01:04:27,/products,PUT,324,200,Asia
2026-02-26 10:29:11,/payment,PUT,966,404,Europe
2026-02-07 23:02:27,/register,POST,148,200,Europe
2026-02-15 19:55:46,/orders,DELETE,235,404,US-East
2026-03-03 18:59:58,/login,PUT,576,200,Asia
2026-02-27 18:41:40,/payment,POST,389,404,Europe
2026-01-13 00:01:55,/products,PUT,321,404,Europe
2026-01-07 17:38:43,/products,PUT,703,200,Asia
2026-01-24 23:32:44,/profile,DELETE,1058,200,Asia
2026-03-16 08:35:16,/search,GET,656,200,US-East
2026-02-08 19:32:12,/register,GET,310,200,US-East
2026-02-15 05:03:39,/payment,DELETE,194,200,Asia
2026-03-12 16:10:23,/payment,PUT,735,500,Asia
2026-02-09 06:08:40,/search,POST,278,200,Asia
2026-01-23 20:20:28,/register,GET,186,404,Asia
2026-01-19 03:56:49,/login,DELETE,971,200,US-East
2026-02-14 06:12:13,/orders,POST,881,404,US-East
2026-02-05 13:41:26,/profile,PUT,1042,200,US-East
2026-01-25 14:01:49,/register,GET,172,404,US-East
2026-02-28 03:32:43,/products,GET,371,500,US-East
2026-02-05 01:46:02,/search,POST,267,200,US-East
2026-01-24 03:39:03,/search,GET,1156,200,Asia
2026-02-24 03:46:36,/search,DELETE,420,200,Asia
2026-01-05 17:53:50,/orders,GET,192,500,US-East
2026-01-26 19:58:20,/orders,DELETE,204,200,Asia
2026-02-22 07:54:02,/products,GET,714,200,Europe
2026-01-25 02:22:49,/profile,PUT,1072,500,Asia
2026-01-15 15:49:37,/profile,POST,487,500,Europe
2026-01-03 15:35:04,/search,POST,230,200,Asia
2026-01-04 22:33:01,/orders,POST,549,200,Asia
2026-01-10 22:48:02,/register,GET,110,200,Asia
2026-02-09 06:48:27,/login,POST,275,200,US-East
2026-01-18 18:20:14,/register,PUT,79,500,US-East
2026-01-30 08:20:30,/orders,GET,226,500,US-East
2026-03-05 19:33:34,/payment,DELETE,1156,500,Europe
2026-01-11 20:53:57,/orders,PUT,694,200,Asia
2026-03-16 04:59:33,/login,POST,699,404,US-East
2026-03-02 12:34:19,/products,DELETE,161,200,Asia
2026-02-06 04:51:06,/profile,GET,1119,200,Asia
2026-02-01 20:37:11,/register,DELETE,130,200,US-East
2026-02-04 01:20:23,/orders,PUT,723,500,Asia
2026-01-30 15:59:45,/login,DELETE,914,200,Europe
2026-01-01 07:42:38,/payment,PUT,856,200,Europe
2026-02-16 01:59:55,/login,PUT,331,200,Europe
2026-02-28 21:50:46,/products,DELETE,587,404,Europe
2026-02-03 08:56:56,/search,DELETE,211,500,US-East
2026-03-06 02:24:36,/products,PUT,712,404,Europe
2026-03-16 05:22:44,/search,GET,620,200,US-East
2026-01-26 02:15:18,/profile,DELETE,98,404,Asia
2026-01-16 13:04:11,/orders,DELETE,399,200,US-East
2026-02-26 10:26:34,/search,PUT,148,200,US-East
2026-01-28 22:00:17,/products,DELETE,654,500,US-East
2026-02-03 20:46:18,/profile,POST,484,200,Asia
2026-01-06 22:48:01,/orders,GET,261,404,Asia
2026-01-26 04:22:56,/profile,DELETE,956,200,US-East
2026-01-06 19:57:21,/search,GET,508,500,Europe
2026-02-20 08:35:38,/search,GET,948,200,Asia
2026-03-04 10:46:33,/search,DELETE,859,404,Europe
2026-02-21 17:57:49,/orders,GET,848,404,US-East
2026-01-05 11:26:24,/register,PUT,1198,500,US-East
2026-03-16 02:42:18,/login,GET,147,200,Europe
2026-02-06 03:08:34,/login,GET,101,200,Europe
2026-02-03 10:57:33,/products,PUT,150,200,US-East
2026-01-23 04:55:16,/search,DELETE,1122,200,Europe
2026-01-08 21:01:21,/products,PUT,897,404,US-East
2026-03-05 09:00:24,/login,DELETE,92,200,Europe
2026-03-04 03:53:16,/products,POST,117,200,Europe
2026-01-25 15:26:32,/register,PUT,699,200,US-East
2026-01-02 01:11:44,/register,GET,910,200,Asia
2026-03-13 02:54:36,/payment,DELETE,1125,200,Asia
2026-02-15 15:18:35,/profile,POST,709,200,Asia
2026-02-26 11:47:25,/products,PUT,71,200,US-East
2026-01-08 14:55:01,/orders,POST,756,200,US-East
2026-03-14 11:29:31,/profile,POST,813,200,US-East
2026-03-12 18:26:30,/login,DELETE,1114,200,Asia
2026-02-19 07:32:07,/login,DELETE,939,200,US-East
2026-02-03 00:39:12,/orders,PUT,70,200,Europe
2026-01-21 15:27:03,/products,POST,331,500,US-East
2026-03-06 08:10:40,/products,GET,676,200,Asia
2026-02-18 04:33:11,/login,GET,888,500,Asia
2026-03-16 09:32:12,/products,GET,526,404,Asia
2026-03-01 03:25:03,/search,PUT,779,200,US-East
2026-01-03 10:10:30,/login,GET,255,200,Asia
2026-02-23 20:33:12,/products,GET,330,200,US-East
2026-01-24 03:25:31,/register,PUT,230,200,Europe
2026-01-18 02:50:22,/register,GET,1150,200,Asia
2026-02-28 03:19:04,/register,GET,1180,200,Europe
2026-03-12 08:53:57,/payment,DELETE,748,200,Europe
2026-03-13 00:15:23,/search,POST,91,200,Asia
2026-01-06 03:45:00,/search,POST,997,404,Europe
2026-03-14 04:02:03,/products,POST,1021,200,US-East
2026-03-06 03:22:03,/login,DELETE,264,200,US-East
2026-01-15 23:36:23,/payment,GET,606,200,Asia
2026-01-05 15:17:46,/register,DELETE,599,500,Europe
2026-03-11 19:59:27,/register,GET,312,200,Asia
2026-01-03 17:46:03,/search,GET,209,404,US-East
2026-01-23 04:01:41,/register,PUT,1056,200,US-East
2026-01-25 01:25:13,/products,PUT,576,200,Europe
2026-03-08 11:42:47,/register,GET,88,404,Asia
2026-02-28 01:58:09,/orders,POST,914,404,Europe
2026-02-12 13:09:20,/products,DELETE,755,200,Europe
2026-01-01 23:00:25,/products,PUT,868,200,Europe
2026-02-15 17:52:26,/register,PUT,571,200,Europe
2026-03-08 08:43:37,/payment,PUT,1155,200,Europe
2026-02-25 14:27:11,/register,DELETE,630,200,US-East
2026-01-27 14:54:05,/register,DELETE,122,500,Europe
2026-03-11 16:58:27,/register,PUT,173,200,Europe
2026-03-13 10:06:28,/register,POST,995,200,Asia
2026-01-01 22:31:37,/profile,DELETE,736,200,Europe
2026-02-12 05:33:20,/login,DELETE,475,500,Europe
2026-03-13 23:16:02,/profile,PUT,562,200,US-East
2026-02-10 06:22:40,/orders,DELETE,95,200,Europe
2026-01-26 19:11:31,/profile,POST,940,200,Europe
2026-02-13 22:22:32,/products,GET,1116,200,Europe
2026-03-03 18:57:24,/register,GET,662,200,Europe
2026-02-22 15:23:11,/register,GET,371,200,US-East
2026-03-01 13:39:47,/products,DELETE,329,200,US-East
2026-01-06 02:56:50,/orders,PUT,843,200,Asia
2026-02-19 14:07:39,/products,DELETE,1074,200,Europe
2026-01-16 04:52:25,/payment,POST,721,404,Europe
2026-02-28 18:06:33,/search,PUT,367,404,US-East
2026-02-05 14:55:54,/search,DELETE,632,200,Europe
2026-03-09 14:29:28,/orders,GET,1031,200,Europe
2026-01-09 20:49:09,/orders,PUT,350,500,US-East
2026-03-11 22:46:49,/payment,POST,240,404,US-East
2026-03-05 02:40:11,/search,GET,345,200,US-East
2026-01-02 03:09:17,/profile,DELETE,80,500,Asia
2026-01-10 11:40:10,/login,GET,360,500,Asia
2026-02-13 18:24:34,/login,DELETE,233,500,Europe
2026-01-13 10:53:42,/orders,PUT,501,200,Europe
2026-01-30 13:48:09,/search,POST,1113,200,US-East
2026-02-20 23:14:07,/payment,PUT,266,200,Europe
2026-03-04 11:38:07,/search,POST,178,200,US-East
2026-03-15 14:22:32,/login,PUT,793,200,Europe
2026-01-30 05:33:56,/register,GET,173,200,Asia
2026-01-25 16:11:55,/register,PUT,1152,404,Asia
2026-01-13 02:51:35,/search,PUT,606,200,US-East
2026-01-11 16:14:21,/orders,POST,146,200,Europe
2026-02-20 04:41:15,/register,DELETE,350,200,Asia
2026-02-23 17:28:34,/register,PUT,363,500,Asia
2026-01-15 16:44:07,/products,POST,750,404,Asia
2026-01-03 04:53:35,/products,DELETE,124,200,Europe
2026-01-18 07:34:21,/products,DELETE,688,500,Asia
2026-02-15 00:17:51,/profile,POST,598,200,Europe
2026-02-28 04:51:47,/search,POST,632,200,Europe
2026-02-08 00:11:25,/login,DELETE,1161,200,US-East
2026-02-12 01:50:31,/products,POST,1141,200,Europe
2026-03-08 21:22:10,/register,POST,496,200,US-East
2026-01-25 09:58:42,/orders,POST,322,200,US-East
2026-01-24 09:38:12,/login,PUT,88,404,Asia
2026-01-23 14:58:00,/search,DELETE,678,200,Europe
2026-03-12 05:53:00,/register,GET,1034,200,US-East
2026-01-24 13:08:57,/payment,POST,80,200,Asia
2026-02-11 10:41:35,/register,DELETE,127,200,Asia
2026-03-08 09:24:00,/orders,PUT,320,200,Europe
2026-01-29 20:54:46,/search,GET,890,200,US-East
2026-02-24 14:24:21,/register,POST,733,200,US-East
2026-02-06 09:55:06,/products,POST,984,200,Europe
2026-02-25 10:08:10,/search,GET,594,500,Europe
2026-02-19 19:44:07,/orders,DELETE,406,200,Europe
2026-01-03 19:05:36,/products,GET,621,200,Asia
2026-01-11 21:35:35,/register,POST,1195,404,Europe
2026-01-16 11:35:13,/profile,POST,380,200,US-East
2026-02-19 16:02:36,/orders,POST,581,200,Europe
2026-01-18 18:53:17,/products,DELETE,979,500,Asia
2026-01-12 20:08:14,/register,POST,277,200,Asia
2026-03-06 14:59:31,/orders,GET,1108,200,Europe
2026-01-08 12:57:22,/products,DELETE,224,200,Europe
2026-02-19 21:30:38,/orders,GET,84,200,Asia
2026-02-04 05:20:40,/search,GET,597,200,US-East
2026-02-19 10:26:06,/products,GET,917,200,Europe
2026-01-22 01:33:18,/register,DELETE,253,200,Asia
2026-03-05 18:57:03,/register,GET,931,200,US-East
2026-02-10 03:59:47,/login,DELETE,744,200,Europe
2026-03-07 04:47:26,/products,GET,998,200,Europe
2026-03-15 08:28:50,/login,POST,1084,200,Asia
2026-02-06 05:25:17,/profile,PUT,855,200,Asia
2026-02-17 04:55:02,/orders,DELETE,1012,500,Europe
2026-02-24 18:32:19,/search,DELETE,725,200,US-East
2026-01-06 11:01:16,/search,DELETE,492,200,Europe
2026-02-21 23:00:45,/profile,POST,419,200,Europe
2026-01-23 18:59:55,/products,POST,65,200,Europe
2026-03-01 10:16:25,/register,DELETE,742,200,Asia
2026-03-02 11:33:38,/register,POST,939,200,Asia
2026-01-03 21:39:11,/search,POST,232,200,US-East
2026-01-15 04:18:20,/register,PUT,518,404,Europe
2026-03-03 17:36:07,/payment,GET,514,500,US-East
2026-02-19 00:03:53,/search,PUT,908,404,Europe
2026-02-13 12:45:12,/register,DELETE,525,200,Asia
2026-03-14 06:19:09,/products,DELETE,335,200,Asia
2026-02-28 00:28:03,/orders,DELETE,353,500,US-East
2026-02-04 20:17:45,/products,GET,795,404,Asia
2026-02-16 18:15:32,/products,GET,666,200,US-East
2026-02-13 13:07:56,/payment,GET,186,200,US-East
2026-03-16 15:16:26,/profile,PUT,582,500,Europe
2026-02-10 19:45:20,/products,PUT,215,500,Europe
2026-01-26 12:12:07,/payment,POST,368,200,Asia
2026-02-21 13:10:38,/search,PUT,404,500,US-East
2026-01-07 15:00:03,/search,DELETE,553,404,Europe
2026-01-31 14:28:03,/login,PUT,1068,200,Asia
2026-01-17 09:26:50,/login,PUT,1043,200,Asia
2026-02-27 22:36:15,/payment,PUT,167,200,Europe
2026-02-17 04:59:56,/orders,GET,350,500,Asia
2026-02-24 06:10:55,/orders,PUT,904,200,Asia
2026-02-13 16:46:02,/search,GET,132,200,US-East
2026-01-13 13:29:26,/payment,DELETE,172,200,US-East
2026-01-25 15:06:57,/payment,POST,1129,500,Europe
2026-02-26 17:51:28,/orders,DELETE,827,500,US-East
2026-01-03 09:57:50,/orders,POST,974,200,Asia
2026-03-11 04:53:51,/payment,GET,808,500,Asia
2026-01-20 19:55:51,/profile,PUT,180,200,Asia
2026-03-06 21:37:42,/search,PUT,1008,500,Europe
2026-03-09 00:45:51,/register,POST,328,404,Asia
2026-01-01 09:42:12,/orders,DELETE,798,200,Asia
2026-03-05 08:38:18,/payment,DELETE,789,200,Europe
2026-03-02 18:57:47,/login,PUT,812,404,Asia
2026-02-14 13:12:57,/payment,DELETE,782,200,Europe
2026-02-02 10:21:01,/profile,DELETE,853,200,Asia
2026-02-05 14:40:53,/products,POST,324,200,Asia
2026-03-08 21:23:28,/login,GET,570,200,Europe
2026-03-13 04:48:10,/orders,POST,998,500,Europe
2026-03-08 16:39:33,/profile,GET,630,500,Europe
2026-03-13 23:55:34,/profile,POST,819,200,Asia
2026-01-22 13:20:44,/search,PUT,1002,200,Asia
2026-01-22 23:59:37,/profile,GET,838,200,Europe
2026-01-05 00:43:45,/profile,POST,296,200,Europe
2026-03-11 20:19:23,/login,POST,958,200,Asia
2026-02-12 15:21:44,/payment,PUT,1092,200,Europe
2026-02-15 05:24:38,/login,DELETE,91,500,US-East
2026-01-21 12:45:57,/profile,PUT,995,200,US-East
2026-03-12 12:27:34,/payment,DELETE,661,200,US-East
2026-01-22 05:59:38,/payment,GET,268,404,US-East
2026-02-20 15:06:25,/login,POST,365,500,Europe
2026-01-24 17:25:33,/register,DELETE,821,200,US-East
2026-02-23 11:33:09,/register,PUT,977,200,Asia
2026-01-13 11:12:32,/search,DELETE,478,200,Asia
2026-01-29 04:34:42,/payment,POST,852,200,Europe
2026-01-25 06:45:04,/orders,GET,600,200,Asia
2026-02-06 14:34:24,/products,POST,86,200,Asia
2026-03-08 01:38:02,/products,POST,207,200,Asia
2026-01-07 10:21:14,/payment,GET,693,200,Europe
2026-02-04 09:25:06,/payment,DELETE,1015,500,US-East
2026-01-25 19:45:40,/search,DELETE,470,200,Asia
2026-01-04 11:17:37,/register,POST,142,200,Europe
2026-02-09 03:28:01,/profile,DELETE,203,200,Asia
2026-03-10 05:52:09,/profile,GET,953,500,US-East
2026-03-15 19:22:06,/register,DELETE,770,200,US-East
2026-03-10 06:41:26,/search,GET,70,200,US-East
2026-02-20 08:18:56,/search,POST,588,200,US-East
2026-02-16 01:20:46,/payment,GET,419,200,Asia
2026-01-20 00:13:45,/products,DELETE,1013,404,Asia
2026-01-19 01:08:50,/register,PUT,930,200,Europe
2026-03-02 17:05:46,/payment,POST,235,200,US-East
2026-02-28 09:01:45,/products,POST,893,200,US-East
2026-02-16 18:27:44,/payment,DELETE,963,200,Europe
2026-01-21 22:39:23,/profile,DELETE,991,200,US-East
2026-02-22 12:16:33,/search,DELETE,979,200,US-East
2026-03-09 00:23:07,/payment,DELETE,622,500,Asia
2026-02-07 08:18:14,/register,DELETE,441,200,Europe
2026-01-06 15:19:22,/payment,DELETE,163,200,Asia
2026-02-01 03:07:11,/products,PUT,911,200,US-East
2026-03-11 20:52:40,/payment,DELETE,62,200,Europe
2026-02-20 10:20:33,/profile,POST,963,200,Asia
2026-01-13 09:22:39,/orders,PUT,898,200,Europe
2026-02-22 23:03:41,/search,DELETE,687,500,Europe
2026-03-03 22:00:50,/payment,GET,749,200,US-East
2026-02-03 13:41:18,/orders,POST,580,500,Asia
2026-02-28 19:53:28,/payment,PUT,133,200,Europe
2026-01-18 11:30:30,/payment,POST,181,200,US-East
2026-03-05 08:39:26,/profile,GET,1106,200,US-East
2026-01-04 04:57:41,/orders,POST,1111,200,Europe
2026-01-11 12:29:33,/products,PUT,886,200,US-East
2026-01-17 07:39:07,/orders,GET,778,200,US-East
2026-03-02 18:16:09,/login,POST,583,500,Europe
2026-03-05 09:58:49,/login,PUT,837,200,US-East
2026-02-04 19:53:09,/payment,DELETE,869,200,Europe
2026-03-11 06:31:57,/orders,POST,1019,500,Europe
2026-01-15 08:03:10,/profile,PUT,1175,200,Asia
2026-01-14 21:53:25,/payment,GET,271,200,US-East
2026-03-04 09:45:19,/profile,POST,810,200,Asia
2026-01-09 06:21:03,/products,DELETE,95,404,Asia
2026-02-03 08:25:20,/register,POST,759,200,Asia
2026-02-20 22:09:24,/register,GET,822,500,Europe
2026-02-03 08:45:23,/products,DELETE,1001,200,US-East
2026-02-03 14:49:54,/login,POST,1170,200,Europe
2026-02-24 03:27:59,/products,POST,990,200,US-East
2026-01-13 04:53:47,/register,GET,531,404,Asia
2026-02-25 18:45:29,/payment,DELETE,780,200,Asia
2026-01-27 00:22:48,/login,PUT,384,404,US-East
2026-01-15 03:47:52,/orders,GET,441,404,Asia
2026-01-14 17:46:55,/orders,PUT,996,200,Europe
2026-03-08 21:58:25,/payment,PUT,251,200,US-East
2026-02-26 21:04:31,/register,DELETE,802,200,US-East
2026-01-04 09:52:12,/profile,DELETE,653,500,US-East
2026-01-16 15:37:26,/register,GET,869,200,US-East
2026-02-21 23:29:52,/products,GET,623,500,Asia
2026-03-10 20:58:40,/login,PUT,455,200,Asia
2026-01-21 20:16:49,/profile,PUT,711,200,US-East
2026-01-29 08:17:33,/search,PUT,609,200,Asia
2026-03-03 08:54:49,/products,GET,844,200,Europe
2026-02-11 03:07:45,/profile,PUT,291,500,Europe
2026-02-10 21:37:48,/orders,DELETE,242,200,Europe
2026-03-01 13:17:55,/products,DELETE,95,500,Europe
2026-03-16 12:46:53,/profile,DELETE,669,200,Europe
2026-02-08 21:12:40,/search,PUT,564,200,Europe
2026-02-24 12:38:02,/products,DELETE,394,200,US-East
2026-01-24 02:41:33,/profile,DELETE,524,200,US-East
2026-02-28 21:32:18,/products,GET,503,200,US-East
2026-01-22 00:02:49,/search,DELETE,586,200,Asia
2026-01-24 12:40:36,/orders,POST,393,200,Asia
2026-03-11 03:18:14,/login,GET,66,200,Asia
2026-02-20 00:36:18,/search,GET,320,500,US-East
2026-02-25 01:25:28,/payment,GET,624,200,Asia
2026-01-10 16:03:09,/search,GET,548,404,Europe
2026-02-16 16:14:48,/login,GET,485,404,US-East
2026-02-27 21:33:11,/products,DELETE,819,200,Asia
2026-02-19 12:09:13,/register,DELETE,530,200,Europe
2026-01-05 16:20:48,/products,GET,1104,404,Europe
2026-02-28 23:27:53,/profile,POST,365,404,US-East
2026-03-10 18:39:52,/profile,GET,725,500,Asia
2026-02-26 07:21:09,/register,POST,782,200,Europe
2026-03-14 09:01:52,/register,GET,892,500,Europe
2026-01-16 11:49:27,/login,POST,72,500,Europe
2026-01-10 06:26:03,/register,GET,170,404,US-East
2026-02-13 18:11:41,/login,GET,646,404,US-East
2026-01-11 16:40:11,/payment,PUT,408,500,US-East
2026-01-22 17:50:13,/profile,PUT,899,500,Asia
2026-02-06 06:28:49,/products,DELETE,870,500,Asia
2026-01-19 23:43:04,/register,DELETE,330,500,Europe
2026-03-06 15:42:29,/register,PUT,203,404,Europe
2026-02-22 23:51:36,/orders,POST,761,404,Europe
2026-02-16 22:34:44,/profile,PUT,829,200,Europe
2026-01-21 13:29:18,/login,PUT,798,200,Asia
2026-02-13 08:20:42,/orders,PUT,1027,200,Asia
2026-01-06 09:37:29,/login,GET,809,200,Asia
2026-02-16 06:30:02,/login,DELETE,137,500,Europe
2026-01-24 00:30:52,/payment,GET,513,500,US-East
2026-02-13 00:02:39,/search,PUT,908,200,US-East
2026-02-07 06:16:30,/login,PUT,698,200,US-East
2026-01-15 20:31:57,/orders,POST,495,200,Europe
2026-01-28 13:17:39,/register,GET,846,404,Asia
2026-01-30 22:58:54,/search,GET,1084,200,US-East
2026-02-21 14:28:31,/orders,POST,977,200,US-East
2026-01-25 19:55:32,/login,POST,353,200,US-East
2026-02-02 17:01:12,/orders,POST,1073,200,Asia
2026-01-27 18:32:31,/orders,DELETE,781,200,US-East
2026-01-27 20:18:54,/orders,POST,1042,200,Asia
2026-01-28 15:15:14,/register,DELETE,791,200,Asia
2026-02-27 10:17:13,/products,PUT,887,500,Asia
2026-03-04 00:22:27,/register,PUT,213,200,Europe
2026-03-11 07:38:34,/login,PUT,428,200,US-East
2026-02-11 00:23:10,/login,GET,573,200,Europe
2026-03-07 19:02:16,/profile,GET,632,200,Asia
2026-01-22 19:46:25,/login,POST,325,200,Asia
2026-02-13 14:49:19,/login,PUT,199,200,Asia
2026-02-22 16:46:14,/products,DELETE,1059,500,US-East
2026-01-07 21:54:24,/payment,POST,914,404,Europe
2026-02-20 01:52:56,/login,PUT,822,200,Europe
2026-02-02 13:18:20,/search,DELETE,514,200,Europe
2026-01-10 15:09:10,/login,DELETE,571,200,Asia
2026-02-10 09:13:43,/login,PUT,492,200,US-East
2026-01-22 22:46:07,/profile,PUT,1016,200,Asia
2026-02-13 18:44:03,/payment,PUT,548,200,US-East
2026-01-20 03:40:21,/login,POST,256,404,Asia
2026-02-09 10:13:42,/products,PUT,1161,500,Europe
2026-01-06 19:21:18,/orders,GET,415,404,Europe
2026-01-26 06:56:24,/search,GET,907,404,Asia
2026-02-25 05:33:08,/products,PUT,1087,200,US-East
2026-01-12 01:12:32,/products,POST,394,200,Asia
2026-01-05 16:23:19,/search,DELETE,78,200,Asia
2026-01-27 21:43:28,/register,PUT,273,404,Asia
2026-01-07 02:50:27,/orders,GET,448,200,Asia
2026-01-17 11:42:54,/login,GET,815,200,Asia
2026-02-08 02:24:16,/products,DELETE,965,404,Europe
2026-01-13 07:07:36,/products,POST,407,200,Europe
2026-01-17 20:48:09,/profile,GET,574,200,US-East
2026-01-02 06:07:52,/login,POST,714,404,Europe
2026-01-28 10:31:50,/payment,GET,581,200,Asia
2026-01-04 02:47:33,/payment,GET,1166,200,US-East
2026-03-16 13:41:11,/search,POST,803,200,US-East
2026-01-07 11:48:30,/orders,GET,1163,200,Asia
2026-02-23 14:43:36,/products,PUT,425,200,US-East
2026-03-14 21:54:21,/login,PUT,1020,500,Asia
2026-02-22 07:53:46,/profile,DELETE,712,200,US-East
2026-01-04 16:39:00,/search,GET,476,500,Europe
2026-01-07 01:03:14,/orders,GET,812,200,Asia
2026-01-15 23:15:51,/login,DELETE,557,200,Asia
2026-01-22 00:58:43,/login,GET,692,500,Europe
2026-02-08 10:00:55,/login,POST,1043,200,Europe
2026-01-03 01:34:42,/search,GET,1133,404,US-East
2026-03-08 04:18:38,/login,DELETE,105,404,Europe
2026-02-07 17:53:26,/login,DELETE,150,200,Asia
2026-02-22 06:36:20,/login,DELETE,167,200,US-East
2026-01-25 04:29:27,/products,DELETE,915,500,Europe
2026-01-28 04:52:09,/profile,GET,1114,200,US-East
2026-01-21 23:22:44,/orders,GET,524,200,Europe
2026-02-22 01:58:26,/register,PUT,189,200,Europe
2026-02-16 21:28:15,/profile,GET,507,200,US-East
2026-02-19 06:40:03,/payment,DELETE,801,200,US-East
2026-01-23 14:27:56,/products,GET,1158,200,US-East
2026-01-20 18:19:23,/payment,POST,788,404,Europe
2026-01-17 03:31:33,/register,GET,653,500,Europe
2026-01-23 18:39:40,/register,PUT,89,200,US-East
2026-02-04 04:36:41,/profile,DELETE,482,200,Asia
2026-01-12 16:22:46,/products,GET,141,200,Europe
2026-02-11 15:46:40,/orders,PUT,775,200,Europe
2026-01-25 09:13:21,/orders,POST,909,200,US-East
2026-02-12 06:41:00,/register,POST,534,200,US-East
2026-02-06 03:56:50,/orders,DELETE,66,200,Asia
2026-02-13 15:29:37,/orders,POST,170,500,Asia
2026-03-08 22:02:54,/orders,DELETE,512,200,Europe
2026-02-08 16:53:06,/search,DELETE,231,200,Asia
2026-01-21 08:50:01,/profile,GET,353,200,Asia
2026-02-22 01:25:23,/register,DELETE,1073,200,US-East
2026-03-07 14:11:51,/register,POST,1009,404,US-East
2026-02-21 16:09:34,/login,DELETE,471,404,Asia
2026-01-02 23:36:03,/products,DELETE,734,404,US-East
2026-01-30 20:41:58,/orders,GET,125,404,Europe
2026-02-27 12:24:01,/search,GET,612,200,US-East
2026-03-14 22:02:09,/search,GET,408,404,US-East
2026-01-23 08:46:24,/payment,GET,737,404,US-East
2026-01-14 21:14:50,/products,GET,386,200,Europe
2026-01-29 21:19:52,/payment,POST,472,404,Europe
2026-03-11 10:33:27,/search,DELETE,132,200,Asia
2026-01-14 10:42:09,/payment,DELETE,172,200,US-East
2026-03-13 11:29:19,/login,POST,359,404,US-East
2026-01-06 14:39:00,/register,DELETE,827,200,Asia
2026-03-02 13:22:05,/payment,GET,625,500,Europe
2026-02-22 03:43:29,/products,POST,1005,404,Asia
2026-01-26 16:10:19,/register,GET,900,500,Asia
2026-01-05 14:28:40,/register,GET,642,500,US-East
2026-03-09 11:11:36,/login,DELETE,1186,200,US-East
2026-03-13 07:01:26,/search,PUT,974,200,Europe
2026-01-15 00:11:56,/register,PUT,60,200,Europe
2026-01-18 07:51:08,/payment,GET,384,200,Europe
2026-01-20 13:23:48,/profile,PUT,1071,404,Asia
2026-02-21 17:01:11,/products,PUT,330,200,Europe
2026-02-19 05:08:10,/orders,POST,243,200,Asia
2026-02-13 14:59:15,/orders,DELETE,363,404,Asia
2026-02-27 21:00:56,/profile,GET,230,200,US-East
2026-03-16 04:10:48,/products,PUT,1150,200,Europe
2026-01-31 21:10:41,/search,POST,930,404,Asia
2026-01-21 16:22:39,/login,DELETE,92,200,Europe
2026-01-11 19:19:10,/login,PUT,748,200,US-East
2026-01-04 23:42:40,/orders,DELETE,516,404,Europe
2026-01-06 15:58:51,/login,GET,412,200,Asia
2026-01-01 17:05:48,/register,GET,184,404,Asia
2026-01-11 17:15:25,/orders,DELETE,334,200,US-East
2026-01-21 04:39:02,/profile,PUT,937,200,Europe
2026-02-02 03:17:39,/payment,GET,683,200,Europe
2026-01-22 04:31:00,/profile,PUT,1057,404,Asia
2026-01-02 20:09:26,/profile,POST,589,500,Europe
2026-01-01 14:06:56,/orders,GET,227,200,Europe
2026-02-21 15:37:15,/profile,DELETE,246,200,Asia
2026-01-13 22:57:56,/orders,GET,655,500,Asia
2026-01-04 14:58:28,/orders,GET,51,200,Europe
2026-02-12 12:18:00,/login,GET,1091,404,Asia
2026-02-20 04:35:45,/login,GET,377,200,US-East
2026-01-15 11:18:59,/payment,POST,100,404,Asia
2026-01-18 00:35:52,/search,DELETE,508,200,Europe
2026-01-01 22:17:09,/orders,DELETE,615,200,Europe
2026-01-21 00:45:10,/login,PUT,536,404,US-East
2026-01-14 17:06:08,/login,POST,382,200,Europe
2026-01-19 23:46:20,/payment,POST,1099,200,Europe
2026-02-27 03:53:18,/profile,GET,1017,200,US-East
2026-02-08 17:18:43,/payment,PUT,565,404,Europe
2026-02-10 01:56:17,/orders,POST,1197,200,US-East
2026-02-21 10:51:50,/search,GET,351,200,Asia
2026-02-04 09:42:08,/payment,DELETE,439,200,US-East
2026-03-12 02:59:34,/register,GET,627,200,Europe
2026-02-19 10:48:24,/products,GET,1056,200,US-East
2026-01-19 13:00:12,/products,POST,818,500,US-East
2026-01-17 01:51:02,/orders,PUT,957,404,Europe
2026-02-14 19:55:31,/products,DELETE,237,200,Asia
2026-03-13 15:53:50,/login,PUT,874,500,Europe
2026-03-01 07:08:49,/search,GET,835,200,Europe
2026-01-07 06:27:28,/login,POST,921,500,Europe
2026-03-02 01:32:41,/search,PUT,223,200,Asia
2026-01-12 13:29:02,/orders,POST,688,200,Asia
2026-01-21 18:40:09,/login,PUT,481,200,Asia
2026-01-02 08:51:13,/orders,DELETE,734,500,US-East
2026-01-08 11:29:33,/login,DELETE,775,200,Asia
2026-01-04 08:20:12,/search,DELETE,320,200,Asia
2026-02-08 22:45:10,/orders,GET,344,200,US-East
2026-01-04 19:55:52,/search,PUT,441,404,US-East
2026-02-15 07:17:46,/products,PUT,604,200,Europe
2026-01-31 01:37:42,/login,POST,1125,200,Europe
2026-01-31 06:12:45,/orders,GET,1068,200,Europe
2026-02-09 15:03:40,/register,POST,275,200,US-East
2026-02-12 12:26:55,/search,GET,491,404,Asia
2026-01-09 14:29:21,/orders,DELETE,416,200,US-East
2026-01-11 20:38:40,/products,GET,852,200,Europe
2026-01-27 15:16:57,/profile,GET,735,200,US-East
2026-03-13 21:51:11,/search,DELETE,946,200,US-East
2026-02-15 09:28:42,/register,POST,663,200,Europe
2026-02-14 22:38:04,/payment,GET,287,200,US-East
2026-03-13 22:49:37,/orders,GET,72,404,Europe
2026-03-07 01:35:46,/payment,GET,1078,500,Asia
2026-03-12 17:06:23,/products,POST,913,404,Asia
2026-01-14 00:38:35,/payment,PUT,706,404,Europe
2026-03-02 00:31:22,/register,DELETE,695,200,Europe
2026-01-01 17:11:38,/search,PUT,211,200,US-East
2026-01-08 10:20:34,/login,POST,1122,404,Europe
2026-01-17 18:47:26,/profile,DELETE,447,200,Europe
2026-01-18 00:37:14,/profile,GET,318,404,Asia
2026-02-18 16:54:45,/products,DELETE,390,500,Europe
2026-01-21 06:22:58,/orders,DELETE,388,200,Asia
2026-03-11 00:05:32,/payment,PUT,632,200,US-East
2026-02-03 01:57:38,/register,DELETE,404,500,Europe
2026-03-04 04:34:13,/register,POST,469,200,US-East
2026-02-01 12:54:43,/register,DELETE,1107,200,US-East
2026-03-05 13:11:58,/register,GET,566,404,Europe
2026-02-10 02:17:01,/search,GET,524,200,Europe
2026-01-16 11:58:46,/orders,DELETE,1127,200,Europe
2026-02-22 17:20:02,/login,POST,352,200,Europe
2026-02-05 15:03:35,/products,GET,225,200,US-East
2026-01-31 16:09:52,/register,GET,734,200,Europe
2026-02-24 21:06:58,/payment,POST,654,500,US-East
2026-03-02 03:27:35,/products,PUT,340,404,Asia
2026-02-23 02:40:35,/orders,PUT,61,200,Asia
2026-02-19 21:59:16,/profile,GET,1097,200,Europe
2026-03-14 23:22:43,/payment,GET,187,500,US-East
2026-03-05 10:59:51,/profile,PUT,693,200,Asia
2026-02-21 04:24:25,/register,PUT,390,200,Asia
2026-02-10 14:30:39,/profile,GET,267,200,Asia
2026-03-11 16:05:26,/orders,PUT,802,404,Asia
2026-01-20 01:44:48,/profile,DELETE,832,200,Asia
2026-01-05 09:03:53,/register,DELETE,653,404,Asia
2026-01-30 17:14:15,/login,GET,997,200,Asia
2026-01-20 16:30:41,/profile,GET,1016,200,Asia
2026-01-11 20:14:08,/orders,GET,635,500,US-East
2026-01-19 09:31:58,/profile,DELETE,957,200,Asia
2026-01-12 19:07:39,/profile,POST,740,200,Europe
2026-02-24 23:56:35,/login,DELETE,544,200,Asia
2026-02-28 09:13:09,/login,DELETE,1131,200,US-East
2026-01-28 04:04:34,/login,DELETE,324,200,US-East
2026-01-14 01:28:09,/products,GET,616,200,Asia
2026-02-11 13:45:15,/login,PUT,777,404,US-East
2026-01-25 14:18:12,/payment,PUT,610,200,US-East
2026-02-04 10:46:16,/payment,GET,724,200,US-East
2026-02-22 08:04:09,/products,PUT,375,200,Asia
2026-01-23 16:25:41,/orders,PUT,496,500,US-East
2026-02-19 01:23:58,/payment,GET,813,500,US-East
2026-01-19 18:07:53,/orders,PUT,926,200,Asia
2026-01-24 23:07:23,/profile,PUT,963,500,Asia
2026-02-02 13:32:34,/register,GET,944,404,Asia
2026-01-17 09:10:27,/payment,POST,745,404,US-East
2026-03-03 14:03:42,/products,GET,309,404,Europe
2026-02-17 13:20:42,/register,DELETE,664,200,Asia
2026-01-16 02:06:34,/profile,DELETE,341,500,Europe
2026-03-03 04:57:28,/orders,GET,342,500,Asia
2026-02-24 19:55:13,/payment,POST,1027,200,Europe
2026-01-16 21:38:52,/search,PUT,471,500,Asia
2026-02-10 00:12:51,/login,POST,801,200,US-East
2026-02-24 16:31:11,/login,DELETE,475,200,Europe
2026-01-26 19:57:01,/orders,POST,870,200,Europe
2026-02-09 07:15:41,/payment,GET,1197,200,Asia
2026-02-22 01:46:13,/login,DELETE,1025,200,US-East
2026-02-28 01:59:57,/payment,POST,627,200,Europe
2026-03-10 04:01:40,/register,DELETE,842,200,Europe
2026-01-01 06:06:32,/products,PUT,656,404,Europe
2026-03-14 18:14:38,/profile,POST,310,200,US-East
2026-01-17 14:38:57,/register,GET,730,500,Europe
2026-02-22 12:56:12,/login,POST,1094,200,US-East
2026-02-27 00:56:19,/search,GET,969,200,Asia
2026-01-11 07:51:23,/orders,GET,611,200,Europe
2026-02-04 13:48:59,/search,POST,607,500,US-East
2026-01-15 12:06:52,/products,POST,580,200,US-East
2026-01-10 13:57:54,/register,GET,176,200,US-East
2026-02-26 23:10:11,/payment,PUT,701,200,US-East
2026-01-26 07:32:56,/orders,POST,754,200,Europe
2026-02-10 02:59:00,/register,POST,432,404,Asia
2026-01-08 23:51:08,/profile,GET,339,500,Europe
2026-02-05 22:25:42,/register,PUT,754,200,Asia
2026-03-06 00:15:33,/register,GET,859,200,Europe
2026-03-08 23:50:20,/search,GET,616,200,Asia
2026-02-04 18:44:34,/login,DELETE,219,500,Europe
2026-02-18 01:25:00,/products,PUT,840,200,Europe
2026-02-13 19:36:20,/profile,GET,541,500,Europe
2026-01-05 04:52:49,/login,DELETE,1036,404,Europe
2026-02-20 01:35:16,/register,POST,1050,200,US-East
2026-02-20 12:52:21,/login,PUT,179,200,US-East
2026-01-07 10:47:12,/payment,DELETE,1117,404,Asia
2026-01-03 21:24:16,/products,GET,818,404,US-East
2026-03-02 13:36:37,/register,GET,759,200,US-East
2026-02-22 03:46:38,/search,GET,876,200,Europe
2026-02-02 16:20:20,/register,GET,902,200,Asia
2026-03-01 10:36:42,/payment,PUT,135,200,Asia
2026-02-15 09:06:54,/orders,DELETE,431,404,Asia
2026-03-15 13:30:53,/search,PUT,603,200,Europe
2026-01-13 12:04:56,/products,GET,453,200,US-East
2026-01-13 19:47:52,/register,PUT,796,200,Europe
2026-02-18 08:05:36,/orders,GET,441,200,Asia
2026-03-10 23:42:17,/products,GET,336,404,US-East
2026-02-14 14:29:40,/orders,POST,321,200,Asia
2026-02-07 16:58:49,/search,POST,406,500,Europe
2026-03-07 04:28:13,/orders,PUT,222,200,Asia
2026-02-08 17:24:17,/register,POST,348,200,Europe
2026-01-25 06:07:45,/login,PUT,614,500,Asia
2026-01-02 19:19:18,/search,GET,365,200,Asia
2026-03-05 00:04:31,/register,PUT,686,500,Asia
2026-01-13 17:05:10,/login,PUT,838,200,Asia
2026-03-05 09:32:28,/profile,POST,205,200,Asia
2026-02-02 21:22:04,/login,DELETE,604,500,Europe
2026-03-05 03:20:46,/payment,DELETE,215,500,Asia
2026-02-26 06:28:25,/orders,POST,1030,200,Europe
2026-01-26 08:26:51,/search,POST,1086,200,US-East
2026-01-22 23:33:35,/products,PUT,673,200,Europe
2026-02-23 19:24:34,/search,POST,222,404,US-East
2026-01-08 20:03:03,/products,GET,768,500,US-East
2026-01-16 16:30:34,/register,POST,239,200,Asia
2026-02-13 10:05:24,/register,PUT,547,200,Europe
2026-02-26 09:41:36,/products,GET,849,500,Europe
2026-02-07 16:46:49,/login,DELETE,844,200,US-East
2026-01-19 12:46:33,/search,PUT,822,200,US-East
2026-01-09 21:15:12,/payment,POST,753,500,Asia
2026-01-25 09:01:40,/orders,DELETE,1116,404,US-East
2026-01-11 08:15:12,/register,PUT,990,500,US-East
2026-03-17 00:33:31,/payment,GET,920,200,Europe
2026-02-10 21:58:40,/orders,POST,487,200,Asia
2026-01-07 05:34:14,/register,PUT,813,200,US-East
2026-01-05 20:29:53,/orders,GET,502,404,Europe
2026-01-01 17:36:37,/products,POST,1143,200,US-East
2026-01-06 17:05:31,/login,DELETE,562,200,Europe
2026-01-03 09:53:06,/search,GET,819,200,Europe
2026-02-01 23:07:57,/profile,PUT,158,200,Europe
2026-02-11 17:29:08,/login,GET,392,200,Europe
2026-02-28 07:02:17,/products,GET,756,200,Europe
2026-02-02 13:34:53,/register,GET,1186,500,Europe
2026-01-29 05:42:47,/orders,PUT,541,500,US-East
2026-02-11 05:03:18,/search,GET,1156,200,Asia
2026-01-25 11:58:07,/payment,GET,671,200,Asia
2026-03-02 11:52:53,/search,POST,831,500,Europe
2026-02-09 15:12:56,/orders,GET,1042,500,US-East
2026-01-02 10:10:22,/payment,PUT,935,404,Europe
2026-01-10 15:01:01,/payment,GET,141,200,Asia
2026-02-14 05:27:20,/login,PUT,1162,500,Asia
2026-01-10 11:55:31,/profile,DELETE,524,500,Asia
2026-03-01 07:17:52,/orders,DELETE,109,500,Asia
2026-02-05 19:10:41,/login,GET,1175,200,Asia
2026-03-03 13:28:10,/payment,POST,343,200,US-East
2026-02-21 22:05:05,/login,POST,205,404,Europe
2026-01-04 00:32:00,/products,POST,699,404,Europe
2026-03-12 08:51:14,/products,DELETE,269,404,Europe
2026-02-01 11:02:27,/login,DELETE,460,200,US-East
2026-03-09 08:37:44,/profile,PUT,146,500,Europe
2026-02-08 14:32:49,/products,DELETE,729,200,Asia
2026-02-02 17:16:09,/search,POST,822,404,US-East
2026-02-06 23:53:23,/login,DELETE,1189,404,Europe
2026-01-04 02:59:21,/products,POST,1039,200,Europe
2026-01-11 09:53:33,/payment,PUT,695,200,US-East
2026-01-22 22:43:27,/profile,DELETE,440,200,Asia
2026-01-07 11:13:08,/register,GET,628,200,Europe
2026-02-17 13:21:39,/orders,POST,520,200,Europe
2026-03-13 04:48:08,/orders,GET,103,200,Asia
2026-03-07 13:17:49,/register,GET,127,404,US-East
2026-01-06 01:36:11,/register,DELETE,264,500,US-East
2026-03-11 22:05:08,/search,DELETE,328,200,Asia
2026-02-04 04:59:45,/login,POST,296,200,US-East
2026-02-20 05:42:39,/search,DELETE,576,200,Europe
2026-01-26 17:37:18,/orders,GET,556,500,Europe
2026-02-23 16:36:32,/register,PUT,454,200,Europe
2026-03-02 16:47:04,/login,GET,881,200,Asia
2026-01-06 16:46:46,/orders,POST,332,500,US-East
2026-03-01 05:18:16,/profile,DELETE,267,404,Europe
2026-02-25 16:53:24,/search,PUT,272,404,Asia
2026-02-26 22:06:28,/products,PUT,462,200,US-East
2026-02-20 08:38:46,/register,DELETE,745,500,Europe
2026-01-13 07:17:15,/login,DELETE,177,200,Europe
2026-01-06 13:25:47,/payment,POST,131,404,US-East
2026-03-07 14:36:17,/register,DELETE,715,200,US-East
2026-02-01 07:55:47,/products,DELETE,499,500,Europe
2026-01-14 06:43:35,/search,POST,840,500,Asia
2026-01-30 22:28:58,/profile,GET,839,500,Europe
2026-01-31 05:35:17,/payment,GET,545,404,US-East
2026-01-28 15:49:44,/orders,DELETE,725,500,Asia
2026-01-21 12:49:20,/register,GET,785,200,US-East
2026-01-10 08:59:05,/profile,PUT,257,500,Asia
2026-01-10 16:32:58,/products,POST,722,200,US-East
2026-02-14 09:53:19,/profile,POST,594,404,US-East
2026-01-31 06:24:45,/profile,GET,53,200,US-East
2026-02-03 00:34:54,/login,DELETE,796,200,Europe
2026-01-17 02:09:53,/orders,PUT,883,200,Europe
2026-01-31 22:23:19,/profile,GET,403,200,US-East
2026-01-19 17:53:03,/products,GET,340,404,US-East
2026-02-20 13:24:22,/register,PUT,940,200,Asia
2026-03-04 20:20:40,/products,PUT,625,200,US-East
2026-02-02 17:20:43,/orders,DELETE,448,200,Asia
2026-03-05 03:31:52,/orders,PUT,367,200,Europe
2026-02-10 05:46:26,/products,DELETE,792,200,Asia
2026-01-19 10:09:26,/register,POST,1169,200,US-East
2026-02-11 19:49:32,/profile,DELETE,640,200,Asia
2026-03-04 10:18:36,/products,PUT,560,200,Asia
2026-01-12 11:54:53,/products,GET,552,200,Europe
2026-02-21 23:40:47,/profile,DELETE,517,200,Europe
2026-02-22 06:21:17,/products,DELETE,1184,200,US-East
2026-03-06 18:16:07,/payment,PUT,594,200,Europe
2026-02-14 08:33:25,/orders,POST,185,200,Asia
2026-01-15 04:48:45,/search,POST,541,500,US-East
2026-02-01 00:58:33,/login,POST,721,404,Asia
2026-03-13 00:03:08,/search,GET,1103,200,Asia
2026-03-07 04:41:25,/products,PUT,1073,200,Europe
2026-03-07 20:21:43,/orders,POST,869,200,Europe
2026-01-14 00:02:30,/orders,PUT,1174,200,Europe
2026-01-06 20:10:12,/register,PUT,771,200,Asia
2026-02-07 17:30:23,/register,DELETE,563,500,Asia
2026-02-02 12:23:34,/login,PUT,401,500,Asia
2026-02-15 04:50:10,/profile,DELETE,92,200,Asia
2026-03-02 10:44:28,/register,POST,429,200,US-East
2026-01-20 23:59:49,/profile,DELETE,219,200,US-East
2026-02-13 09:11:02,/search,PUT,936,200,Europe
2026-01-03 05:42:05,/search,DELETE,908,200,Asia
2026-03-05 04:54:01,/products,DELETE,218,200,US-East
2026-03-12 12:03:04,/payment,DELETE,211,200,Asia
2026-03-11 04:46:03,/payment,POST,617,200,Asia
2026-02-18 12:41:53,/payment,PUT,1184,404,Asia
2026-03-05 01:18:30,/payment,PUT,559,200,US-East
2026-01-28 08:42:03,/profile,PUT,622,200,US-East
2026-03-03 06:49:33,/payment,DELETE,720,200,Asia
2026-01-31 20:01:16,/payment,GET,88,200,Europe
2026-03-01 04:52:28,/payment,PUT,182,200,Asia
2026-01-13 03:36:38,/orders,POST,1052,200,Asia
2026-02-05 21:38:22,/payment,POST,766,404,Europe
2026-01-27 01:31:10,/register,GET,311,404,Europe
2026-01-31 19:44:27,/orders,DELETE,1023,200,Asia
2026-03-02 04:28:05,/register,PUT,252,200,Europe
2026-01-31 21:15:26,/profile,POST,609,200,US-East
2026-02-10 06:11:16,/login,PUT,1098,200,US-East
2026-01-16 20:01:18,/products,PUT,963,200,Europe
2026-01-27 10:53:10,/register,POST,1011,200,Asia
2026-02-20 20:22:11,/orders,PUT,840,404,Europe
2026-02-23 13:57:37,/profile,POST,1122,200,Europe
2026-02-20 15:22:48,/payment,POST,468,200,US-East
2026-02-23 04:47:07,/search,POST,190,200,US-East
2026-01-02 06:32:40,/register,GET,844,200,Europe
2026-02-03 07:19:08,/login,PUT,505,500,Asia
2026-01-05 13:08:52,/orders,POST,200,200,Asia
2026-02-04 06:21:25,/payment,PUT,414,200,Europe
2026-02-24 15:33:11,/products,POST,172,200,US-East
2026-01-08 22:17:12,/payment,POST,1067,200,US-East
2026-03-15 22:58:47,/login,POST,949,200,Europe
2026-03-02 23:00:13,/payment,PUT,849,200,Asia
2026-03-07 04:43:52,/payment,PUT,1115,200,Asia
2026-02-03 17:18:42,/register,POST,1016,200,Asia
2026-02-11 22:54:48,/search,PUT,514,404,Europe
2026-01-11 21:44:58,/profile,GET,110,200,US-East
2026-01-28 11:27:52,/payment,GET,1177,404,Asia
2026-03-01 20:57:01,/payment,POST,344,200,Europe
2026-02-04 18:40:52,/products,PUT,630,200,US-East
2026-02-04 01:12:12,/profile,DELETE,619,404,Asia
2026-02-23 04:05:27,/search,POST,1046,200,Asia
2026-01-25 18:25:06,/orders,GET,786,200,US-East
2026-01-11 08:13:57,/search,POST,566,200,US-East
2026-03-03 13:10:10,/payment,PUT,253,404,US-East
2026-02-03 07:11:01,/orders,DELETE,338,200,Asia
2026-01-18 16:08:31,/orders,POST,895,404,Europe
2026-02-11 13:08:17,/products,GET,1181,404,Europe
2026-01-16 23:09:54,/orders,GET,1149,200,US-East
2026-02-15 02:36:15,/orders,GET,245,200,US-East
2026-02-12 12:17:33,/payment,GET,881,500,US-East
2026-01-07 10:44:34,/products,POST,806,200,Asia
2026-03-11 21:53:42,/profile,POST,915,404,Asia
2026-01-29 13:01:44,/login,GET,728,404,Europe
2026-01-30 04:29:47,/orders,GET,780,404,US-East
2026-01-22 17:05:37,/orders,GET,1162,200,Asia
2026-01-02 08:43:30,/payment,GET,191,200,Europe
2026-03-03 08:42:00,/products,PUT,212,500,US-East
2026-01-17 04:15:04,/login,DELETE,83,200,US-East
2026-01-16 23:48:02,/profile,POST,184,200,Europe
2026-02-15 13:16:35,/payment,GET,1007,404,US-East
2026-02-23 16:37:57,/register,DELETE,402,404,US-East
2026-02-19 19:27:15,/login,PUT,234,200,Asia
2026-01-21 13:40:25,/profile,DELETE,1097,200,US-East
2026-01-27 20:59:11,/register,DELETE,1188,500,US-East
2026-02-06 16:41:46,/register,GET,321,200,Asia
2026-02-09 14:31:34,/orders,GET,1198,200,Asia
2026-02-21 03:03:12,/payment,PUT,1027,500,Asia
2026-01-23 07:00:26,/login,PUT,184,200,Europe
2026-01-24 07:02:04,/search,DELETE,379,200,Europe
2026-03-09 01:36:21,/payment,POST,184,200,Europe
2026-03-14 16:39:17,/products,DELETE,821,500,US-East
2026-02-14 08:18:13,/register,DELETE,160,200,US-East
2026-03-04 01:02:42,/search,POST,591,200,US-East
2026-02-16 02:32:17,/orders,DELETE,985,500,Europe
2026-02-22 15:09:33,/login,DELETE,846,200,Europe
2026-01-31 06:02:34,/search,PUT,193,404,US-East
2026-01-01 00:10:59,/search,PUT,1067,404,Asia
2026-02-16 18:54:37,/register,DELETE,50,200,US-East
2026-03-10 04:21:34,/orders,DELETE,197,500,US-East
2026-02-06 14:00:08,/login,DELETE,916,500,Asia
2026-01-09 05:48:24,/register,GET,816,200,Asia
2026-02-22 14:56:06,/profile,GET,528,200,US-East
2026-03-08 07:53:32,/login,PUT,813,200,Asia
2026-02-22 05:00:18,/orders,PUT,309,200,US-East
2026-01-04 06:50:15,/login,DELETE,67,500,Asia
2026-02-03 20:24:36,/register,DELETE,235,200,Europe
2026-01-05 18:52:27,/profile,DELETE,452,404,Europe
2026-01-06 04:59:29,/search,POST,546,404,Asia
2026-01-22 16:14:05,/profile,DELETE,916,200,Europe
2026-01-29 17:55:05,/payment,PUT,343,404,Europe
2026-02-19 21:33:29,/login,POST,932,200,Asia
2026-03-02 17:20:34,/login,DELETE,983,200,Europe
2026-03-08 22:56:08,/profile,GET,634,200,Asia
2026-01-16 09:11:45,/profile,GET,1175,200,Europe
2026-03-06 11:27:23,/profile,DELETE,1076,200,Europe
2026-02-16 19:24:13,/products,PUT,609,200,Europe
2026-01-27 08:34:23,/login,DELETE,680,404,Europe
2026-03-09 07:10:17,/orders,PUT,687,404,Asia
2026-02-04 22:31:55,/search,DELETE,155,200,Europe
2026-02-23 14:29:53,/payment,GET,779,500,Europe
2026-02-18 22:10:17,/profile,GET,588,200,Asia
2026-02-01 23:48:22,/register,DELETE,443,200,Europe
2026-01-02 06:24:09,/login,PUT,842,200,US-East
2026-02-10 01:48:49,/register,PUT,624,200,Asia
2026-02-06 10:03:54,/products,DELETE,1136,200,Asia
2026-03-10 00:55:11,/login,DELETE,539,404,US-East
2026-01-24 09:21:46,/search,GET,487,200,Europe
2026-02-08 21:58:42,/search,GET,617,200,US-East
2026-03-14 07:39:15,/register,POST,594,200,Europe
2026-02-12 14:30:40,/register,POST,934,200,Europe
2026-03-06 06:40:03,/register,GET,255,200,Europe
2026-01-05 06:28:19,/register,POST,712,200,US-East
2026-01-29 08:00:30,/login,GET,296,200,Europe
2026-01-11 02:37:00,/payment,PUT,811,200,US-East
2026-02-08 19:22:51,/profile,DELETE,921,500,Asia
2026-01-14 08:40:36,/orders,DELETE,834,200,Europe
2026-01-30 02:21:52,/profile,GET,713,500,US-East
2026-01-14 20:29:05,/profile,DELETE,916,200,Europe
2026-02-18 12:25:29,/login,POST,854,404,Asia
2026-01-27 08:10:01,/login,DELETE,139,500,Europe
2026-01-21 20:15:09,/products,POST,246,200,Europe
2026-01-06 03:08:48,/products,DELETE,791,200,Europe
2026-03-04 10:57:39,/products,PUT,874,200,Asia
2026-01-14 07:50:34,/register,GET,1053,500,Asia
2026-02-23 04:53:45,/register,PUT,736,200,US-East
2026-02-27 12:39:02,/profile,GET,342,200,Europe
2026-01-18 12:22:16,/orders,GET,1198,200,US-East
2026-01-18 22:35:33,/products,POST,981,200,Asia
2026-02-15 11:37:53,/orders,PUT,495,200,Europe
2026-02-11 04:00:31,/register,POST,534,500,Europe
2026-03-12 16:41:18,/orders,GET,1186,200,Europe
2026-02-21 14:13:39,/search,PUT,323,200,Asia
2026-03-14 11:19:24,/search,GET,858,404,US-East
2026-01-01 21:21:26,/orders,DELETE,1132,500,US-East
2026-03-14 09:02:09,/login,POST,1141,200,Europe
2026-02-07 16:29:08,/profile,GET,397,200,Europe
2026-03-01 07:03:06,/payment,POST,1048,200,US-East
2026-01-06 11:34:02,/login,GET,783,200,Europe
2026-01-18 00:45:38,/profile,PUT,1053,500,US-East
2026-03-07 16:46:39,/search,GET,313,200,US-East
2026-02-14 06:54:20,/products,DELETE,1019,500,Asia
2026-02-07 04:25:28,/orders,PUT,1154,200,US-East
2026-01-24 22:55:42,/payment,DELETE,298,200,Europe
2026-03-01 12:17:50,/payment,POST,466,404,US-East
2026-02-21 06:57:22,/search,PUT,909,404,Asia
2026-02-27 06:33:46,/register,DELETE,51,200,US-East
2026-02-16 02:42:12,/search,PUT,396,200,US-East
2026-02-03 21:06:11,/profile,GET,1005,200,US-East
2026-02-16 11:04:58,/orders,DELETE,422,200,Europe
2026-02-02 15:11:12,/products,DELETE,281,200,US-East
2026-01-20 08:27:53,/products,POST,504,200,Asia
2026-01-12 09:56:16,/profile,POST,179,200,Asia
2026-01-18 15:34:14,/profile,DELETE,1066,200,Europe
2026-03-07 02:27:57,/payment,DELETE,978,404,Asia
2026-01-17 06:42:56,/products,DELETE,911,200,Asia
2026-02-13 09:48:59,/profile,POST,85,200,Asia
2026-01-28 23:43:23,/login,PUT,1144,200,Europe
2026-03-01 10:59:03,/search,DELETE,1102,200,US-East
2026-03-11 07:10:36,/products,DELETE,637,200,US-East
2026-02-26 22:23:44,/register,PUT,61,200,US-East
2026-02-23 14:16:04,/payment,GET,334,200,Europe
2026-02-02 22:13:53,/login,GET,967,200,Asia
2026-01-31 14:30:23,/search,POST,477,200,Europe
2026-02-01 11:12:47,/payment,GET,524,200,Europe
2026-03-10 15:35:48,/login,PUT,209,200,US-East
2026-02-11 05:35:22,/profile,POST,294,200,Europe
2026-01-02 14:37:39,/orders,POST,667,500,Europe
2026-03-06 19:22:47,/search,DELETE,805,404,Europe
2026-03-12 06:22:20,/register,PUT,1127,200,US-East
2026-02-12 19:57:22,/login,POST,661,200,US-East
2026-01-23 10:34:01,/register,PUT,1184,500,Europe
2026-02-07 20:11:27,/search,POST,1118,404,Asia
2026-02-26 02:25:40,/register,GET,895,404,US-East
2026-03-13 11:59:24,/profile,GET,1019,200,Europe
2026-02-10 01:49:34,/products,GET,89,200,Europe
2026-01-29 01:00:37,/orders,POST,659,200,US-East
2026-02-28 01:15:43,/orders,POST,1051,200,Asia
2026-01-23 15:46:33,/register,GET,530,200,US-East
2026-01-26 03:46:24,/register,POST,148,200,US-East
2026-01-23 13:28:09,/profile,DELETE,476,200,Asia
2026-02-21 21:53:43,/login,PUT,1050,500,US-East
2026-02-03 21:34:26,/payment,POST,592,200,Europe
2026-01-06 14:33:54,/login,DELETE,1108,200,US-East
2026-01-12 06:42:07,/profile,POST,173,200,Europe
2026-03-01 00:47:34,/payment,GET,965,200,Asia
2026-02-14 18:20:39,/login,GET,161,404,Europe
2026-02-09 09:32:40,/payment,DELETE,151,200,US-East
2026-02-08 16:58:05,/products,DELETE,486,500,Asia
2026-01-20 12:55:47,/register,GET,805,200,US-East
2026-01-30 16:28:44,/register,DELETE,116,404,US-East
2026-03-11 07:17:16,/search,POST,1021,200,US-East
2026-01-28 18:39:29,/orders,PUT,540,200,US-East
2026-01-15 01:28:37,/register,GET,299,200,Europe
2026-03-09 13:14:50,/orders,PUT,266,500,Europe
2026-01-08 15:56:06,/register,DELETE,353,200,Europe
2026-02-13 17:10:48,/payment,POST,715,200,Europe
2026-02-19 17:35:34,/orders,DELETE,508,500,Asia
2026-02-06 02:39:59,/login,PUT,1189,500,US-East
2026-01-27 14:33:12,/products,POST,1173,200,Asia
2026-02-21 23:11:00,/register,PUT,215,200,US-East
2026-03-01 09:26:07,/orders,GET,220,200,Asia
2026-02-24 11:09:08,/login,PUT,776,500,US-East
2026-03-06 06:41:47,/orders,DELETE,881,200,Asia
2026-02-08 09:06:33,/register,PUT,754,200,Asia
2026-01-16 00:42:01,/register,GET,1037,200,Asia
2026-03-13 23:33:56,/search,GET,64,404,US-East
2026-02-22 11:42:31,/search,POST,128,200,US-East
2026-01-08 06:32:26,/profile,POST,411,200,US-East
2026-01-21 14:36:51,/orders,POST,788,404,Asia
2026-02-22 20:59:44,/profile,POST,962,200,Europe
2026-03-05 20:21:59,/search,PUT,497,404,US-East
2026-03-12 00:32:31,/login,PUT,990,404,US-East
2026-02-05 04:29:39,/products,DELETE,286,404,Asia
2026-01-04 16:59:48,/register,GET,1162,200,Asia
2026-01-18 22:16:31,/orders,POST,857,500,Europe
2026-03-08 23:24:37,/register,PUT,899,200,Asia
2026-03-01 14:51:24,/orders,POST,1049,200,Asia
2026-01-30 18:42:36,/products,PUT,684,500,Europe
2026-01-31 22:35:55,/login,PUT,297,200,Asia
2026-01-16 03:00:00,/register,POST,1106,200,Europe
2026-01-05 10:27:21,/products,GET,398,404,Europe
2026-02-26 02:45:05,/login,POST,130,404,Asia
2026-01-23 18:20:09,/profile,PUT,72,200,Europe
2026-02-24 19:18:47,/payment,POST,432,500,Asia
2026-01-23 13:36:39,/profile,DELETE,566,200,Europe
2026-02-20 20:40:09,/search,POST,156,500,Europe
2026-01-22 22:11:55,/search,PUT,690,200,Europe
2026-02-17 02:40:56,/profile,PUT,417,200,Asia
2026-02-05 20:08:17,/profile,POST,1001,200,US-East
2026-03-09 08:48:20,/orders,GET,1153,500,US-East
2026-01-03 10:06:07,/products,DELETE,757,500,Asia
2026-02-16 22:59:32,/profile,DELETE,832,200,Asia
2026-02-17 11:57:56,/login,GET,1049,200,Asia
2026-02-08 19:24:17,/login,PUT,697,200,Europe
2026-02-04 21:39:36,/orders,PUT,1155,200,US-East
2026-02-21 04:35:52,/search,DELETE,564,200,Europe
2026-03-09 22:43:33,/payment,PUT,378,200,Europe
2026-01-09 11:04:35,/profile,POST,259,200,US-East
2026-02-09 10:40:45,/payment,POST,945,500,US-East
2026-01-08 06:43:26,/register,POST,76,200,Asia
2026-02-16 02:56:26,/login,POST,228,500,Europe
2026-02-12 05:42:50,/payment,GET,710,500,US-East
2026-01-04 12:21:21,/register,PUT,880,200,Asia
2026-01-03 09:16:08,/payment,PUT,882,200,Europe
2026-01-06 18:44:25,/profile,POST,933,200,US-East
2026-02-05 15:59:59,/payment,GET,322,404,Asia
2026-03-06 19:13:27,/search,POST,726,200,Asia
2026-02-08 04:13:42,/payment,GET,391,200,US-East
2026-01-08 15:27:44,/orders,GET,160,500,Europe
2026-02-27 07:27:48,/profile,PUT,273,500,Europe
2026-03-09 07:43:24,/payment,GET,852,500,Europe
2026-02-24 09:26:03,/payment,GET,1004,200,US-East
2026-02-08 15:57:53,/orders,POST,447,200,Europe
2026-03-14 11:25:33,/register,GET,420,200,Europe
2026-01-11 14:37:43,/orders,DELETE,630,200,Asia
2026-02-25 03:24:37,/register,PUT,197,200,Europe
2026-02-06 23:12:15,/register,DELETE,956,200,US-East
2026-02-01 18:11:02,/profile,PUT,753,200,Asia
2026-01-31 12:07:34,/products,PUT,686,404,Asia
2026-01-28 16:28:19,/payment,PUT,972,200,US-East
2026-03-16 13:29:12,/profile,DELETE,1086,200,Europe
2026-03-07 17:12:26,/products,POST,78,500,US-East
2026-02-27 22:00:26,/register,DELETE,474,200,Asia
2026-03-13 13:15:08,/orders,GET,816,200,US-East
2026-01-16 16:56:46,/login,GET,363,200,Asia
2026-02-01 04:14:18,/payment,POST,877,404,Europe
2026-01-30 21:18:34,/search,POST,995,200,Asia
2026-02-25 00:39:57,/products,POST,742,200,Asia
2026-03-08 12:50:04,/profile,GET,76,500,Asia
2026-01-12 06:43:11,/register,DELETE,770,200,Europe
2026-01-09 22:36:23,/login,DELETE,755,200,Asia
2026-02-06 12:32:44,/search,GET,325,404,Europe
2026-02-10 08:59:41,/login,PUT,285,404,Europe
2026-01-16 03:07:36,/search,DELETE,389,200,US-East
2026-02-21 11:29:52,/payment,PUT,917,500,US-East
2026-03-09 02:42:04,/register,GET,1193,200,Europe
2026-01-30 07:11:45,/register,GET,1055,404,US-East
2026-01-16 21:45:20,/login,GET,454,200,Europe
2026-02-26 06:17:38,/profile,DELETE,326,200,US-East
2026-02-24 19:13:07,/profile,PUT,367,200,Europe
2026-03-03 13:29:42,/profile,PUT,1181,200,Asia
2026-01-07 17:24:27,/products,POST,593,200,Europe
2026-03-16 23:44:36,/login,PUT,792,200,Europe
2026-01-01 17:04:04,/orders,PUT,975,200,Europe
2026-01-04 11:19:46,/profile,GET,75,200,Asia
2026-02-04 23:27:38,/register,PUT,500,200,Europe
2026-03-10 17:35:58,/login,GET,103,200,Europe
2026-01-03 10:44:09,/search,POST,413,200,Europe
2026-01-19 12:02:29,/products,DELETE,1060,200,US-East
2026-03-05 01:55:05,/orders,DELETE,379,404,US-East
2026-02-16 20:07:25,/login,PUT,1101,404,Asia
2026-01-24 19:45:35,/register,GET,74,200,Asia
2026-01-25 09:42:15,/search,POST,125,500,Asia
2026-02-03 10:57:59,/register,GET,323,200,Europe
2026-03-05 17:14:30,/profile,POST,757,404,Asia
2026-02-21 18:48:44,/products,POST,891,200,Asia
2026-01-05 01:57:49,/products,PUT,739,200,US-East
2026-01-23 04:13:18,/register,DELETE,882,200,Europe
2026-01-31 23:58:42,/payment,PUT,237,200,US-East
2026-02-19 07:22:19,/register,PUT,665,200,Asia
2026-01-20 22:48:05,/login,PUT,593,200,Asia
2026-02-08 01:20:22,/products,DELETE,68,200,Europe
2026-02-25 04:55:08,/profile,PUT,670,404,Asia
2026-03-12 13:14:52,/register,PUT,52,200,Asia
2026-01-31 00:26:35,/payment,PUT,232,200,Asia
2026-01-30 02:16:59,/login,PUT,933,500,Asia
2026-01-24 06:07:09,/profile,DELETE,638,404,Europe
2026-03-01 21:25:57,/search,PUT,1099,200,Europe
2026-01-25 17:20:19,/products,DELETE,1066,200,Europe
2026-02-02 04:07:12,/payment,GET,220,200,Europe
2026-03-16 13:22:22,/register,GET,623,500,Asia
2026-01-23 01:29:15,/profile,PUT,1105,200,US-East
2026-02-23 14:27:21,/orders,POST,975,200,Europe
2026-02-04 22:03:30,/orders,GET,447,200,Asia
2026-01-11 10:44:00,/products,DELETE,474,404,Asia
2026-03-10 19:58:04,/login,PUT,146,500,Asia
2026-02-10 23:46:54,/login,GET,159,200,Asia
2026-02-01 09:13:38,/register,GET,786,200,Asia
2026-02-13 00:14:58,/profile,POST,51,200,Asia
2026-03-08 22:20:13,/payment,GET,623,500,Europe
2026-02-15 21:52:54,/login,GET,269,200,US-East
2026-01-19 15:38:13,/register,POST,818,404,Europe
2026-01-23 06:48:55,/payment,PUT,1026,404,Asia
2026-03-07 09:31:01,/orders,GET,846,404,Asia
2026-03-12 00:49:27,/payment,DELETE,844,200,Asia
2026-01-16 04:05:40,/profile,POST,991,200,Europe
2026-01-11 22:16:26,/products,POST,134,200,Europe
2026-03-05 12:52:45,/orders,POST,799,200,Asia
2026-03-14 23:33:29,/profile,PUT,296,200,Asia
2026-01-10 03:08:48,/register,PUT,381,200,US-East
2026-02-11 10:38:56,/search,PUT,97,404,US-East
2026-02-17 09:29:28,/register,POST,357,200,Asia
2026-03-01 16:50:22,/payment,GET,414,200,Europe
2026-01-26 15:02:30,/payment,PUT,1166,200,Europe
2026-02-01 06:46:50,/login,GET,121,404,Asia
2026-03-04 21:22:17,/login,DELETE,530,500,US-East
2026-01-15 11:56:49,/orders,POST,492,404,US-East
2026-01-12 05:07:59,/orders,DELETE,1153,200,Europe
2026-02-11 16:23:18,/register,PUT,124,404,US-East
2026-01-14 14:52:53,/payment,POST,674,500,US-East
2026-03-01 03:31:29,/orders,GET,1187,200,Asia
2026-03-10 23:18:47,/payment,POST,614,404,Europe
2026-03-11 10:36:33,/profile,GET,1172,200,Asia
2026-01-03 22:20:43,/payment,GET,526,200,US-East
2026-02-17 22:34:45,/orders,GET,1183,200,Asia
2026-01-02 02:18:00,/register,POST,719,500,Europe
2026-02-01 04:34:34,/register,DELETE,333,200,Europe
2026-02-21 20:11:19,/login,GET,628,200,Europe
2026-01-27 03:12:03,/payment,DELETE,87,404,Europe
2026-01-14 12:14:45,/register,POST,379,200,Europe
2026-02-20 00:15:33,/register,PUT,179,500,US-East
2026-02-16 01:44:24,/search,PUT,50,500,Europe
2026-03-16 11:35:45,/search,PUT,562,200,US-East
2026-01-06 10:31:27,/login,GET,378,404,Asia
2026-03-07 21:30:03,/profile,POST,1198,200,Europe
2026-01-10 15:39:39,/payment,PUT,136,200,US-East
2026-01-01 23:37:49,/register,GET,407,200,Europe
2026-03-07 11:18:07,/search,DELETE,412,404,US-East
2026-01-02 04:04:28,/products,POST,528,200,Europe
2026-02-16 10:03:24,/products,GET,216,200,US-East
2026-03-06 14:01:22,/register,POST,377,200,US-East
2026-01-21 07:01:28,/search,DELETE,161,200,US-East
2026-02-17 18:13:07,/login,PUT,189,200,Europe
2026-02-19 22:48:17,/orders,DELETE,531,500,Europe
2026-03-16 02:24:41,/login,PUT,831,404,US-East
2026-01-31 06:10:34,/login,GET,515,200,Asia
2026-02-01 05:48:35,/profile,POST,658,200,US-East
2026-02-03 19:03:10,/login,GET,319,200,Asia
2026-01-16 06:55:06,/login,DELETE,690,500,Asia
2026-03-04 03:58:34,/products,GET,691,500,US-East
2026-01-07 18:34:23,/profile,PUT,1035,404,Asia
2026-01-28 01:04:50,/payment,GET,818,200,US-East
2026-03-06 03:28:59,/orders,DELETE,951,200,Asia
2026-01-18 12:40:54,/products,POST,1178,404,US-East
2026-02-25 02:45:30,/payment,DELETE,183,500,Europe
2026-02-28 16:11:39,/payment,POST,352,404,Asia
2026-02-20 00:44:05,/login,DELETE,293,200,Europe
2026-03-07 06:36:58,/register,POST,636,200,Asia
2026-03-15 21:17:43,/products,DELETE,983,200,Asia
2026-01-22 23:22:42,/login,GET,898,200,Asia
2026-03-11 05:11:55,/search,PUT,883,200,Asia
2026-01-09 17:50:18,/products,DELETE,178,500,US-East
2026-01-27 12:42:56,/products,DELETE,853,500,US-East
2026-02-02 06:25:17,/orders,POST,84,200,Europe
2026-02-01 05:18:11,/orders,POST,374,200,Europe
2026-02-02 23:04:46,/search,GET,466,200,Asia
2026-01-11 08:06:55,/register,DELETE,379,200,Asia
2026-03-04 06:46:43,/search,DELETE,1069,200,Asia
2026-02-04 18:22:09,/products,DELETE,1189,404,Europe
2026-01-24 00:56:17,/payment,GET,708,404,Asia
2026-01-06 04:01:22,/payment,PUT,415,200,Asia
2026-01-14 07:06:09,/orders,POST,849,200,US-East
2026-01-08 19:08:39,/products,DELETE,354,200,Europe
2026-03-08 03:09:55,/login,GET,747,200,US-East
2026-03-07 22:58:02,/search,GET,374,404,Asia
2026-03-09 04:53:58,/orders,POST,465,200,US-East
2026-03-07 16:51:12,/search,POST,645,200,US-East
2026-02-24 09:43:04,/profile,GET,286,200,US-East
2026-01-08 06:50:41,/payment,POST,95,200,Europe
2026-03-01 01:42:28,/register,POST,983,404,US-East
2026-01-12 17:43:26,/orders,POST,1117,200,Asia
2026-01-25 10:21:41,/payment,GET,229,200,Europe
2026-01-10 07:39:06,/login,DELETE,870,200,Asia
2026-02-17 18:41:00,/profile,PUT,1174,200,Asia
2026-03-07 06:49:34,/search,DELETE,854,500,Europe
2026-02-15 19:56:31,/register,POST,833,500,Europe
2026-02-06 22:25:41,/products,GET,659,200,US-East
2026-02-21 10:44:24,/search,DELETE,136,200,Europe
2026-01-30 02:25:24,/search,PUT,556,404,Asia
2026-02-09 14:34:24,/register,DELETE,347,200,Asia
2026-01-26 11:46:39,/profile,POST,1175,200,Asia
2026-03-06 13:41:53,/login,PUT,1128,200,Asia
2026-01-30 14:04:11,/profile,GET,620,200,Europe
2026-01-18 17:37:44,/orders,GET,451,404,Europe
2026-03-07 23:59:55,/orders,GET,116,500,Europe
2026-02-18 05:18:16,/products,POST,320,500,Asia
2026-03-01 08:13:28,/register,DELETE,532,200,Asia
2026-03-09 00:56:37,/search,GET,604,200,US-East
2026-03-12 23:04:53,/register,PUT,1076,200,US-East
2026-02-02 03:27:37,/orders,GET,95,200,Asia
2026-01-19 21:34:31,/products,POST,637,200,Asia
2026-02-19 14:06:05,/register,DELETE,191,404,Asia
2026-02-15 11:58:10,/search,PUT,121,200,Europe
2026-02-27 18:26:39,/orders,DELETE,728,200,US-East
2026-01-23 18:41:22,/login,POST,711,200,Asia
2026-03-06 11:01:19,/register,POST,334,200,Asia
2026-02-02 09:14:23,/payment,PUT,1171,200,Asia
2026-01-28 00:00:41,/payment,DELETE,268,200,Europe
2026-02-27 13:36:22,/register,DELETE,358,200,US-East
2026-02-01 18:27:43,/payment,DELETE,421,200,Europe
2026-02-09 05:24:54,/profile,POST,848,404,Asia
2026-02-01 21:03:58,/payment,DELETE,1104,200,Asia
2026-02-09 00:04:03,/orders,DELETE,75,404,Asia
2026-03-01 05:21:28,/register,PUT,940,200,Asia
2026-02-02 14:58:20,/search,POST,388,200,US-East
2026-02-18 04:07:26,/search,POST,295,200,Europe
2026-03-09 01:49:00,/orders,DELETE,191,404,Asia
2026-03-03 21:07:44,/register,DELETE,1020,500,US-East
2026-02-17 14:04:05,/products,DELETE,736,404,US-East
2026-01-08 14:28:20,/payment,GET,796,404,US-East
2026-01-15 06:15:57,/register,GET,185,200,US-East
2026-01-11 10:48:49,/orders,POST,1128,404,Europe
2026-02-24 06:03:31,/orders,DELETE,623,200,Europe
2026-02-11 21:09:49,/orders,GET,102,404,Europe
2026-02-13 11:11:49,/login,PUT,1077,200,US-East
2026-02-05 12:58:13,/search,PUT,945,200,Europe
2026-03-10 21:59:42,/products,POST,916,200,US-East
2026-02-15 18:07:16,/payment,GET,434,200,Europe
2026-02-23 10:37:15,/profile,GET,887,404,Europe
2026-03-03 01:54:36,/profile,POST,681,500,Europe
2026-02-04 03:55:43,/login,GET,305,200,US-East
2026-01-29 18:44:01,/products,DELETE,306,404,Europe
2026-02-19 05:29:13,/payment,DELETE,288,200,Europe
2026-02-27 17:44:33,/login,DELETE,443,200,Europe
2026-01-03 16:11:40,/payment,DELETE,225,500,Europe
2026-02-20 18:26:54,/products,POST,936,200,Asia
2026-02-01 01:38:15,/payment,DELETE,134,404,Europe
2026-01-09 19:29:39,/profile,GET,592,200,US-East
2026-02-03 05:58:24,/payment,DELETE,816,200,US-East
2026-02-15 23:47:04,/profile,PUT,878,404,Europe
2026-02-20 16:57:57,/search,GET,854,200,US-East
2026-02-27 06:10:58,/register,DELETE,818,404,US-East
2026-01-13 01:21:16,/login,GET,297,404,Asia
2026-03-13 14:40:22,/login,POST,1008,500,US-East
2026-03-13 05:49:45,/search,POST,874,404,Asia
2026-02-13 22:25:16,/search,DELETE,1020,200,Europe
2026-03-04 05:41:10,/profile,GET,123,200,Asia
2026-02-26 02:17:17,/search,DELETE,296,404,Europe
2026-03-02 20:35:15,/orders,PUT,431,500,Asia
2026-01-20 03:23:39,/orders,DELETE,820,404,Asia
2026-02-06 20:56:36,/search,DELETE,397,200,US-East
2026-02-28 15:00:24,/register,DELETE,1156,200,Asia
2026-03-04 20:10:43,/payment,PUT,428,500,Asia
2026-02-08 07:04:28,/register,GET,736,200,Asia
2026-01-14 08:15:55,/orders,DELETE,1109,404,US-East
2026-01-01 17:43:56,/payment,POST,620,200,US-East
2026-02-22 03:30:00,/orders,DELETE,578,500,Asia
2026-02-10 07:16:01,/login,GET,528,200,US-East
2026-01-16 08:26:38,/login,DELETE,1158,200,Europe
2026-02-14 03:37:49,/payment,GET,1084,200,US-East
2026-03-11 18:24:46,/search,GET,760,200,Europe
2026-01-13 00:33:28,/search,POST,911,200,Asia
2026-02-05 21:03:53,/login,GET,597,500,Asia
2026-02-28 20:26:47,/search,DELETE,487,404,US-East
2026-01-31 10:46:23,/payment,DELETE,178,200,US-East
2026-01-02 15:05:46,/register,DELETE,229,404,US-East
2026-01-15 07:32:32,/profile,PUT,685,200,Asia
2026-01-10 20:22:42,/search,DELETE,1143,500,Asia
2026-01-21 19:31:23,/register,POST,414,200,Asia
2026-01-29 23:13:13,/products,DELETE,1059,200,US-East
2026-01-08 20:20:30,/login,DELETE,390,200,Asia
2026-01-19 10:18:50,/search,PUT,443,200,US-East
2026-01-24 05:01:12,/payment,GET,431,200,Europe
2026-02-08 13:06:48,/register,POST,922,200,US-East
2026-01-09 06:08:33,/search,PUT,165,404,US-East
2026-01-21 21:35:23,/search,GET,1096,200,Europe
2026-01-27 11:43:22,/search,PUT,268,200,US-East
2026-01-19 02:39:28,/orders,PUT,426,500,US-East
2026-03-02 10:38:22,/login,PUT,540,404,Europe
2026-02-28 12:37:32,/profile,DELETE,483,200,Europe
2026-01-28 03:31:22,/register,PUT,999,200,Europe
2026-02-26 00:07:03,/products,GET,456,404,Asia
2026-03-03 01:29:54,/login,PUT,137,200,Asia
2026-02-08 18:45:32,/register,POST,745,500,Asia
2026-02-19 12:55:48,/products,PUT,124,200,US-East
2026-02-26 18:33:18,/search,DELETE,440,200,Europe
2026-02-05 12:36:53,/products,PUT,545,200,Europe
2026-02-12 10:28:38,/search,PUT,164,500,US-East
2026-01-03 11:28:36,/orders,PUT,284,404,Asia
2026-02-05 20:53:59,/orders,PUT,231,200,US-East
2026-01-12 07:03:47,/profile,DELETE,602,404,Asia
2026-03-06 07:21:06,/register,DELETE,519,200,Asia
2026-01-11 23:25:11,/payment,DELETE,82,200,US-East
2026-01-23 13:40:31,/profile,DELETE,550,200,US-East
2026-02-01 23:02:07,/payment,GET,1140,500,Asia
2026-03-12 18:34:56,/login,DELETE,1126,404,Europe
2026-02-08 00:13:54,/profile,POST,718,200,US-East
2026-02-24 21:54:40,/profile,GET,340,200,US-East
2026-01-16 03:52:11,/products,DELETE,213,200,US-East
2026-03-13 19:35:38,/payment,GET,138,200,US-East
2026-01-26 17:54:08,/products,DELETE,1016,200,Europe
2026-03-06 12:10:12,/login,GET,134,200,Europe
2026-01-13 03:06:02,/payment,GET,1094,404,US-East
2026-02-02 07:32:50,/login,PUT,1159,200,Europe
2026-03-10 07:19:34,/search,PUT,1159,200,Europe
2026-03-01 11:45:10,/login,PUT,897,500,Europe
2026-03-06 04:17:43,/products,POST,445,200,US-East
2026-03-13 13:57:38,/register,PUT,351,200,US-East
2026-02-01 10:45:44,/profile,PUT,248,200,Asia
2026-01-01 15:25:17,/orders,POST,785,404,US-East
2026-01-13 15:51:39,/login,GET,228,200,Europe
2026-02-09 10:55:48,/orders,GET,676,200,Europe
2026-03-04 15:41:25,/products,PUT,529,200,US-East
2026-02-14 19:11:05,/orders,GET,269,200,Asia
2026-01-07 21:06:36,/products,DELETE,543,404,Asia
2026-01-14 02:51:54,/products,GET,1087,200,Asia
2026-03-03 00:04:54,/products,PUT,1059,500,Europe
2026-02-14 23:30:52,/register,DELETE,786,200,US-East
2026-02-20 23:01:05,/profile,POST,875,404,Asia
2026-01-19 19:23:54,/profile,GET,580,200,Europe
2026-01-06 16:47:36,/login,PUT,418,500,Asia
2026-02-23 16:32:55,/profile,POST,1167,404,US-East
2026-02-26 01:27:09,/register,DELETE,1030,404,US-East
2026-02-09 17:20:52,/search,DELETE,137,200,Europe
2026-01-16 05:57:46,/search,PUT,335,500,US-East
2026-01-11 13:28:26,/profile,DELETE,1088,200,Asia
2026-01-01 07:42:58,/login,DELETE,88,404,US-East
2026-01-29 13:45:41,/login,DELETE,224,200,Europe
2026-03-14 11:12:08,/register,GET,75,500,Asia
2026-01-01 08:45:16,/login,DELETE,1033,404,Europe
2026-01-11 04:56:01,/payment,DELETE,67,404,Asia
2026-02-01 05:19:19,/register,DELETE,683,404,US-East
2026-01-08 21:57:56,/register,GET,1057,200,Asia
2026-02-23 21:48:47,/login,POST,646,200,US-East
2026-01-04 01:55:43,/register,PUT,265,200,US-East
2026-01-14 00:34:16,/profile,PUT,195,200,Europe
2026-02-14 11:20:23,/register,DELETE,470,500,Asia
2026-01-29 16:21:32,/search,PUT,160,200,US-East
2026-02-04 08:32:55,/login,GET,980,404,US-East
2026-03-13 20:37:59,/register,DELETE,423,200,Europe
2026-02-20 18:52:37,/payment,PUT,1115,200,Asia
2026-03-01 11:47:13,/register,POST,439,500,Asia
2026-02-14 09:30:43,/profile,POST,127,200,Europe
2026-03-04 17:03:45,/register,PUT,767,200,Europe
2026-03-11 15:43:05,/register,PUT,970,200,Asia
2026-03-03 19:03:58,/profile,GET,607,200,Asia
2026-02-24 13:54:01,/payment,DELETE,1156,200,US-East
2026-03-04 21:24:03,/login,DELETE,203,200,US-East
2026-01-06 07:38:07,/orders,PUT,550,200,Europe
2026-03-10 17:15:03,/orders,GET,133,200,Europe
2026-01-31 08:15:10,/payment,GET,196,500,Europe
2026-02-25 02:44:40,/products,POST,353,200,Europe
2026-01-22 10:00:30,/products,DELETE,322,200,Europe
2026-01-29 07:31:18,/payment,DELETE,148,200,US-East
2026-03-02 11:20:42,/search,GET,474,404,Asia
2026-03-06 05:14:12,/profile,GET,699,404,US-East
2026-02-28 14:48:18,/products,GET,274,200,US-East
2026-01-30 00:57:03,/register,PUT,156,500,Asia
2026-01-20 05:57:21,/login,DELETE,624,200,Europe
2026-01-08 22:42:28,/login,GET,1165,200,Europe
2026-01-10 07:04:14,/login,DELETE,206,404,Asia
2026-01-10 07:21:25,/profile,POST,97,500,Asia
2026-02-25 20:30:31,/search,GET,781,200,Asia
2026-03-15 10:15:48,/payment,PUT,126,200,Europe
2026-01-28 20:35:45,/login,PUT,285,500,Asia
2026-01-05 13:32:32,/products,GET,472,200,Asia
2026-02-03 00:07:05,/login,GET,419,200,Asia
2026-01-27 10:53:12,/profile,DELETE,624,200,Asia
2026-01-02 14:38:09,/products,GET,882,500,Asia
2026-02-19 14:44:07,/profile,POST,347,200,Europe
2026-01-10 23:34:57,/orders,POST,502,200,US-East
2026-01-05 05:06:16,/payment,GET,1167,500,Europe
2026-03-10 18:00:51,/register,GET,938,500,Europe
2026-03-16 09:11:33,/search,DELETE,371,200,US-East
2026-03-04 12:51:37,/orders,DELETE,331,200,Asia
2026-03-06 09:20:26,/payment,PUT,312,500,Europe
2026-01-02 19:01:30,/search,DELETE,813,200,Europe
2026-03-10 17:00:15,/products,GET,722,500,Asia
2026-02-16 07:01:28,/products,GET,731,200,US-East
2026-02-07 05:09:46,/profile,GET,644,200,US-East
2026-03-16 06:36:16,/payment,DELETE,1036,200,Asia
2026-02-15 15:49:37,/products,GET,761,200,Asia
2026-01-06 13:00:14,/profile,GET,1108,200,Asia
2026-01-02 19:55:45,/orders,DELETE,1162,404,Asia
2026-03-16 22:36:40,/orders,GET,118,200,Europe
2026-01-23 08:36:49,/register,PUT,1153,200,Asia
2026-01-01 18:39:58,/login,DELETE,262,200,US-East
2026-01-23 11:58:52,/register,DELETE,60,200,US-East
2026-01-21 03:07:41,/orders,DELETE,136,404,Europe
2026-02-01 08:51:28,/profile,GET,407,200,US-East
2026-01-10 08:46:44,/payment,GET,1105,200,US-East
2026-03-03 04:48:32,/register,GET,775,500,Asia
2026-02-21 04:28:03,/register,GET,97,404,US-East
2026-02-03 18:19:45,/profile,DELETE,201,500,US-East
2026-02-27 12:29:06,/products,DELETE,155,200,US-East
2026-02-11 05:21:46,/profile,POST,1185,200,Europe
2026-01-24 10:09:03,/login,GET,425,500,Asia
2026-01-22 19:40:52,/products,POST,1088,200,Europe
2026-02-15 12:57:58,/orders,DELETE,895,200,Asia
2026-03-03 13:33:26,/register,POST,654,404,Asia
2026-02-16 08:28:18,/profile,PUT,606,404,US-East
2026-01-06 03:54:30,/login,POST,712,200,Asia
2026-03-08 15:17:13,/orders,POST,338,404,Asia
2026-02-20 14:04:16,/payment,PUT,668,200,Europe
2026-02-15 06:07:56,/register,POST,497,200,Asia
2026-03-03 23:40:21,/payment,GET,913,200,Asia
2026-03-08 09:19:44,/login,PUT,782,200,Asia
2026-01-28 10:16:27,/profile,POST,546,500,Europe
2026-01-15 03:43:16,/search,PUT,262,500,Europe
2026-02-01 10:10:59,/register,GET,1198,200,Asia
2026-02-09 01:02:45,/orders,POST,731,404,Europe
2026-01-16 16:25:51,/products,GET,158,200,Europe
2026-03-02 00:20:57,/payment,GET,648,200,Europe
2026-01-18 20:45:26,/search,POST,154,500,Europe
2026-02-21 04:37:27,/search,DELETE,620,500,US-East
2026-01-10 22:48:09,/register,PUT,1165,500,Asia
2026-01-19 16:19:01,/login,DELETE,897,200,Europe
2026-02-06 13:28:04,/products,DELETE,676,200,Europe
2026-02-09 02:32:13,/orders,GET,195,200,Europe
2026-01-13 21:15:33,/profile,PUT,637,200,Asia
2026-03-02 21:49:59,/profile,GET,972,404,Europe
2026-02-16 11:32:20,/products,PUT,760,404,Asia
2026-03-10 20:44:24,/orders,DELETE,550,404,US-East
2026-02-13 13:19:11,/orders,PUT,569,200,Asia
2026-02-02 12:50:00,/profile,DELETE,746,200,US-East
2026-02-24 00:27:59,/profile,POST,704,500,US-East
2026-03-15 07:27:57,/products,POST,556,200,Asia
2026-01-04 11:55:20,/search,GET,289,200,Europe
2026-03-08 22:41:21,/payment,GET,890,500,Asia
2026-01-03 14:18:00,/search,DELETE,1031,200,Asia
2026-01-17 13:08:52,/register,DELETE,598,404,Europe
2026-03-14 06:42:10,/login,POST,732,200,Europe
2026-02-10 10:30:33,/payment,PUT,280,200,Europe
2026-01-17 18:39:39,/search,PUT,808,404,Europe
2026-02-04 01:32:39,/products,DELETE,517,404,US-East
2026-03-01 18:07:30,/register,POST,636,500,US-East
2026-02-18 01:12:00,/profile,POST,734,500,Asia
2026-03-06 02:18:00,/search,POST,789,200,Asia
2026-02-25 15:33:18,/products,POST,291,404,Europe
2026-01-20 09:31:50,/profile,DELETE,1070,404,US-East
2026-01-22 13:25:08,/orders,GET,61,404,Europe
2026-01-17 12:17:40,/orders,DELETE,650,500,Europe
2026-01-21 02:10:50,/register,PUT,907,200,US-East
2026-02-16 20:10:25,/profile,DELETE,463,404,Europe
2026-02-19 18:40:15,/login,GET,1081,200,Asia
2026-03-03 06:00:55,/orders,PUT,527,200,Asia
2026-01-09 13:08:09,/orders,PUT,929,500,Europe
2026-01-21 16:05:09,/login,GET,939,200,US-East
2026-02-11 11:24:45,/login,GET,1135,200,Europe
2026-02-18 23:47:47,/login,PUT,1130,200,Europe
2026-01-18 10:45:17,/products,GET,251,200,US-East
2026-01-21 21:27:32,/products,GET,95,200,Europe
2026-01-03 08:14:46,/payment,PUT,570,200,US-East
2026-01-01 21:30:08,/payment,POST,1173,500,Europe
2026-02-04 19:35:34,/register,DELETE,343,500,US-East
2026-03-11 20:02:17,/register,GET,371,500,Europe
2026-02-04 20:07:33,/products,GET,832,404,Asia
2026-01-30 11:51:54,/login,GET,170,200,US-East
2026-02-11 10:20:29,/products,POST,1199,200,US-East
2026-03-03 15:23:13,/orders,POST,778,500,Asia
2026-02-16 00:51:05,/products,POST,1172,500,US-East
2026-03-06 07:53:31,/orders,POST,325,404,Asia
2026-03-01 19:15:05,/orders,POST,429,200,Europe
2026-01-29 08:36:48,/products,DELETE,1072,200,US-East
2026-03-15 04:04:59,/search,GET,475,500,US-East
2026-03-14 20:44:51,/products,POST,396,200,Asia
2026-02-19 16:22:47,/products,PUT,372,200,Asia
2026-03-06 07:44:11,/login,GET,137,200,Asia
2026-03-04 16:13:13,/profile,POST,1108,200,Europe
2026-03-02 20:38:47,/profile,PUT,1043,200,Asia
2026-03-04 00:05:14,/register,GET,1137,404,US-East
2026-02-10 08:33:26,/login,DELETE,1137,200,Europe
2026-03-12 18:42:43,/search,GET,439,404,US-East
2026-01-09 18:06:43,/orders,DELETE,435,404,US-East
2026-01-08 16:35:25,/profile,GET,224,200,US-East
2026-03-03 17:15:28,/register,GET,938,200,US-East
2026-03-10 04:42:59,/search,GET,469,200,Europe
2026-02-18 12:59:17,/search,DELETE,404,200,US-East
2026-01-12 01:36:34,/login,POST,550,200,Asia
2026-01-14 19:13:44,/search,GET,1163,200,Asia
2026-02-11 17:30:19,/login,PUT,1167,200,US-East
2026-01-09 07:31:47,/payment,DELETE,300,200,Asia
2026-01-03 08:15:48,/profile,DELETE,395,200,Asia
2026-01-10 14:44:11,/orders,GET,668,500,Asia
2026-03-12 16:38:22,/register,GET,227,404,US-East
2026-01-20 19:59:35,/products,PUT,813,200,Asia
2026-02-19 17:53:05,/profile,GET,1160,200,US-East
2026-02-28 22:00:09,/payment,PUT,549,404,US-East
2026-01-06 10:34:02,/orders,POST,322,200,US-East
2026-01-06 10:18:18,/login,POST,235,404,Asia
2026-01-18 17:56:19,/search,POST,162,200,Europe
2026-02-09 06:11:27,/register,POST,77,200,US-East
2026-01-22 14:03:08,/register,DELETE,916,500,US-East
2026-01-12 00:02:21,/register,GET,733,200,Asia
2026-03-13 06:23:32,/profile,POST,1183,500,US-East
2026-02-21 14:08:36,/register,GET,1138,200,Europe
2026-01-05 03:03:07,/profile,POST,1012,404,Europe
2026-02-08 21:02:44,/profile,GET,639,200,US-East
2026-02-21 03:08:10,/payment,PUT,99,200,Europe
2026-01-04 20:17:15,/orders,GET,929,200,Asia
2026-02-08 12:37:50,/search,DELETE,938,200,Asia
2026-03-14 11:57:23,/products,POST,966,200,Asia
2026-02-09 04:58:52,/orders,DELETE,901,200,Europe
2026-01-11 00:44:48,/login,POST,1084,200,US-East
2026-02-26 16:02:20,/register,GET,678,200,Asia
2026-02-08 21:46:40,/search,PUT,905,200,Asia
2026-02-08 20:03:35,/search,GET,776,200,Europe
2026-03-15 10:31:55,/search,GET,944,200,Asia
2026-02-05 16:26:00,/login,POST,75,500,US-East
2026-02-17 13:07:02,/login,POST,163,500,Europe
2026-03-13 19:55:30,/orders,POST,402,404,Europe
2026-03-03 13:20:29,/payment,POST,1101,404,Asia
2026-01-06 08:15:56,/register,GET,1025,200,Europe
2026-03-12 17:31:22,/products,PUT,1152,200,US-East
2026-02-03 11:42:59,/login,POST,358,200,Europe
2026-01-11 15:07:39,/orders,GET,599,200,Asia
2026-01-19 21:59:54,/search,GET,581,500,Asia
2026-01-14 09:04:33,/profile,PUT,220,200,Europe
2026-01-15 08:29:53,/login,POST,941,404,US-East
2026-01-13 14:02:21,/products,DELETE,1169,500,Europe
2026-01-14 09:23:22,/search,POST,549,404,US-East
2026-02-20 21:54:56,/payment,GET,1051,500,Europe
2026-01-26 02:09:14,/search,POST,417,404,Asia
2026-02-28 05:34:54,/products,DELETE,375,404,Asia
2026-03-14 07:46:42,/search,POST,960,200,Europe
2026-01-21 05:30:15,/login,POST,54,200,Europe
2026-01-06 10:37:26,/products,GET,586,200,US-East
2026-02-22 04:51:29,/profile,DELETE,350,500,Europe
2026-01-08 22:05:34,/login,DELETE,339,200,Asia
2026-02-22 00:58:36,/profile,GET,1017,200,Europe
2026-02-25 22:57:52,/register,POST,949,200,Europe
2026-01-03 10:34:17,/login,POST,625,404,Asia
2026-03-10 01:01:23,/orders,POST,985,200,Europe
2026-01-22 07:18:57,/products,GET,61,200,US-East
2026-01-04 13:45:46,/search,PUT,88,200,US-East
2026-01-24 13:03:30,/register,POST,918,200,Europe
2026-01-15 07:45:57,/search,PUT,1010,500,US-East
2026-02-28 00:16:56,/products,PUT,449,200,Asia
2026-01-09 04:33:25,/orders,POST,276,404,Asia
2026-01-24 04:39:45,/register,DELETE,691,404,Europe
2026-02-12 11:21:43,/login,POST,1139,200,Europe
2026-01-05 11:07:17,/register,PUT,575,500,Asia
2026-03-06 00:39:09,/register,GET,317,200,Europe
2026-01-03 21:25:58,/login,DELETE,480,200,US-East
2026-01-29 21:12:33,/search,POST,597,200,Asia
2026-02-24 02:19:24,/profile,GET,706,200,Asia
2026-02-14 20:07:50,/products,DELETE,577,200,US-East
2026-01-01 10:47:13,/register,DELETE,380,200,Europe
2026-01-26 00:30:00,/products,GET,446,404,US-East
2026-02-27 15:21:53,/payment,POST,382,200,Asia
2026-02-28 19:55:14,/search,POST,1070,200,Europe
2026-01-09 14:54:52,/profile,POST,581,200,Europe
2026-02-26 18:38:33,/register,POST,103,200,Asia
2026-03-01 14:00:34,/search,GET,663,200,Europe
2026-01-20 01:41:33,/products,POST,1168,200,Asia
2026-01-30 05:42:49,/search,GET,727,200,US-East
2026-01-20 12:11:58,/profile,PUT,271,404,Asia
2026-02-14 03:22:11,/profile,DELETE,1006,200,Europe
2026-02-02 22:08:12,/login,GET,156,200,US-East
2026-03-10 16:57:34,/register,GET,1096,200,Europe
2026-03-12 08:29:41,/profile,PUT,91,200,Asia
2026-02-04 10:47:18,/products,DELETE,1038,200,US-East
2026-02-16 16:18:13,/payment,GET,607,500,Asia
2026-03-15 08:29:01,/orders,DELETE,857,200,US-East
2026-01-29 14:21:00,/login,DELETE,536,200,Asia
2026-03-12 15:21:29,/orders,DELETE,701,200,Europe
2026-03-03 08:51:30,/register,POST,946,200,Europe
2026-03-10 06:45:47,/login,PUT,1092,200,Europe
2026-01-30 17:32:26,/register,GET,561,200,Europe
2026-02-27 08:53:52,/register,POST,721,200,US-East
2026-02-20 10:43:06,/register,GET,257,200,Asia
2026-01-13 18:26:04,/products,GET,1035,200,Europe
2026-02-24 08:58:24,/login,POST,811,200,Asia
2026-02-09 06:06:53,/orders,POST,676,404,Europe
2026-01-09 09:42:18,/search,PUT,748,200,Asia
2026-01-07 00:40:38,/profile,PUT,1016,500,Europe
2026-02-18 15:31:14,/register,POST,619,200,Asia
2026-01-20 04:18:23,/products,GET,194,200,Europe
2026-01-19 14:59:20,/payment,POST,348,200,Asia
2026-02-28 21:05:49,/payment,POST,1158,404,US-East
2026-01-14 11:25:59,/products,POST,936,404,Asia
2026-01-20 22:57:51,/search,GET,1047,200,Asia
2026-02-25 01:59:16,/search,DELETE,68,200,Asia
2026-01-28 06:17:38,/profile,PUT,1082,200,Europe
2026-01-26 18:43:23,/register,GET,1006,200,US-East
2026-03-14 13:06:41,/login,PUT,977,200,US-East
2026-01-05 09:11:45,/products,POST,230,200,US-East
2026-02-10 08:00:27,/orders,POST,693,200,Asia
2026-01-22 00:25:51,/profile,POST,1190,500,Asia
2026-01-18 09:02:01,/login,POST,957,200,US-East
2026-02-17 12:55:23,/search,DELETE,672,200,Europe
2026-02-13 14:39:36,/products,DELETE,495,404,US-East
2026-01-31 14:44:06,/orders,POST,1079,200,Asia
2026-02-06 08:05:44,/login,GET,145,200,Europe
2026-02-12 05:25:38,/login,PUT,526,200,Europe
2026-02-17 00:17:09,/login,DELETE,80,500,Europe
2026-01-13 14:49:05,/profile,POST,994,200,Europe
2026-03-10 22:56:01,/register,PUT,320,200,Europe
2026-01-19 08:59:37,/search,DELETE,733,200,Asia
2026-01-08 19:14:02,/login,POST,355,200,US-East
2026-03-07 03:56:15,/register,PUT,437,404,Europe
2026-02-28 02:51:02,/profile,DELETE,132,404,US-East
2026-02-07 05:02:43,/products,DELETE,1009,500,Europe
2026-03-15 13:41:38,/login,PUT,332,200,Asia
2026-02-28 14:48:05,/login,POST,492,200,US-East
2026-02-21 21:24:19,/products,GET,956,500,Asia
2026-02-13 18:26:27,/products,DELETE,411,404,Asia
2026-01-30 02:25:51,/payment,DELETE,868,200,Asia
2026-01-30 03:07:29,/profile,POST,804,200,Asia
2026-02-02 17:48:41,/register,PUT,300,200,Europe
2026-01-28 13:46:44,/register,PUT,147,200,Europe
2026-02-26 12:50:02,/orders,GET,1044,404,US-East
2026-02-04 10:05:55,/products,PUT,560,200,Europe
2026-03-04 02:46:43,/payment,POST,562,404,Asia
2026-02-27 01:53:55,/orders,PUT,957,200,Europe
2026-02-18 20:13:54,/login,DELETE,1060,500,Asia
2026-03-02 00:33:03,/payment,GET,596,404,Asia
2026-01-14 04:41:04,/payment,POST,834,404,Europe
2026-01-15 02:29:38,/orders,GET,152,404,Asia
2026-01-11 09:44:55,/register,DELETE,716,200,Europe
2026-02-01 10:30:05,/search,PUT,1047,200,US-East
2026-01-14 13:10:22,/profile,GET,1097,200,Asia
2026-01-03 03:51:05,/products,PUT,456,200,US-East
2026-02-18 20:36:56,/register,POST,211,200,US-East
2026-03-13 07:58:54,/payment,POST,59,200,Asia
2026-02-17 14:50:19,/orders,POST,861,200,Asia
2026-01-27 19:18:25,/login,PUT,225,500,US-East
2026-03-15 18:59:37,/payment,DELETE,110,200,US-East
2026-01-13 10:24:49,/register,GET,547,500,US-East
2026-01-31 13:07:27,/products,GET,308,500,Asia
2026-02-18 03:37:26,/payment,GET,1072,200,US-East
2026-03-12 10:57:58,/products,DELETE,222,404,US-East
2026-02-08 16:55:29,/payment,POST,322,200,US-East
2026-03-08 14:43:49,/profile,DELETE,862,200,US-East
2026-03-03 22:38:08,/login,DELETE,613,200,Europe
2026-03-02 06:57:57,/payment,DELETE,1046,404,US-East
2026-01-11 09:05:37,/payment,GET,849,200,Europe
2026-03-08 02:20:42,/search,DELETE,487,500,Asia
2026-01-09 00:54:04,/payment,GET,511,200,Europe
2026-01-24 15:49:21,/products,PUT,642,200,Asia
2026-01-15 13:28:54,/login,PUT,942,200,Asia
2026-02-19 07:10:59,/profile,PUT,55,200,Asia
2026-02-12 17:08:47,/profile,GET,720,200,Asia
2026-03-12 15:59:36,/products,GET,64,200,Asia
2026-02-26 01:21:25,/payment,PUT,1076,200,Europe
2026-03-02 05:27:03,/search,DELETE,1198,200,Europe
2026-02-27 20:02:44,/products,GET,1108,404,Europe
2026-02-28 14:04:18,/products,POST,549,500,Europe
2026-03-15 11:56:50,/search,PUT,1096,200,US-East
2026-02-27 20:39:06,/products,POST,273,200,Europe
2026-03-10 08:26:36,/payment,PUT,69,500,Europe
2026-02-20 12:32:19,/profile,POST,569,200,Asia
2026-03-01 17:45:24,/login,DELETE,872,200,Europe
2026-03-02 13:36:35,/profile,GET,1068,404,Europe
2026-03-16 06:44:59,/login,DELETE,687,500,Asia
2026-02-13 21:31:56,/profile,DELETE,331,200,Europe
2026-02-07 18:46:53,/login,GET,376,500,Europe
2026-03-13 05:01:48,/login,DELETE,490,200,Europe
2026-01-10 21:08:45,/profile,DELETE,126,200,Asia
2026-03-12 08:42:39,/orders,DELETE,822,200,Asia
2026-02-14 14:49:07,/orders,POST,690,200,US-East
2026-01-17 19:25:20,/register,GET,379,200,Europe
2026-02-20 19:41:09,/products,PUT,592,200,Europe
2026-01-07 00:25:12,/orders,GET,1077,200,US-East
2026-02-17 03:44:38,/search,PUT,883,200,Europe
2026-03-06 02:12:13,/payment,POST,535,500,US-East
2026-01-20 21:00:39,/profile,PUT,483,404,Europe
2026-01-27 12:11:08,/register,PUT,731,200,US-East
2026-01-20 09:15:45,/profile,DELETE,242,200,US-East
2026-01-06 23:35:27,/orders,POST,1165,200,US-East
2026-01-15 05:41:13,/register,PUT,519,200,Europe
2026-01-06 19:22:00,/payment,POST,671,200,Europe
2026-01-17 09:24:58,/payment,DELETE,1001,404,Asia
2026-02-25 23:43:56,/search,POST,786,200,US-East
2026-01-31 15:39:04,/profile,POST,1071,500,Asia
2026-01-04 06:08:46,/payment,PUT,893,200,Europe
2026-03-09 12:15:29,/login,GET,1003,500,Europe
2026-01-23 08:56:47,/search,DELETE,917,404,Asia
2026-03-15 12:46:20,/orders,PUT,1117,500,US-East
2026-01-07 11:40:43,/products,PUT,617,200,Asia
2026-01-30 13:05:36,/register,POST,900,200,Europe
2026-02-23 16:28:50,/register,PUT,931,200,Europe
2026-01-12 13:38:02,/login,DELETE,362,404,Asia
2026-01-13 01:52:22,/search,POST,613,500,US-East
2026-02-23 18:44:35,/register,POST,108,500,Europe
2026-02-14 13:35:19,/register,PUT,815,200,US-East
2026-03-10 16:40:51,/search,PUT,1124,200,Asia
2026-01-28 03:04:10,/register,POST,208,200,US-East
2026-02-16 19:09:42,/profile,PUT,856,500,Asia
2026-03-11 19:47:12,/login,PUT,1142,500,Europe
2026-03-12 21:10:29,/products,POST,176,200,Europe
2026-01-27 11:54:05,/search,GET,62,200,Asia
2026-01-27 16:26:01,/register,DELETE,642,200,US-East
2026-01-04 19:42:06,/search,POST,1059,200,Asia
2026-03-01 15:29:43,/search,POST,694,200,Europe
2026-02-12 22:08:36,/products,DELETE,326,200,Asia
2026-01-20 16:03:59,/payment,PUT,360,500,Europe
2026-01-19 16:48:11,/login,DELETE,214,500,Asia
2026-01-25 03:23:59,/search,POST,363,500,US-East
2026-03-11 22:53:32,/payment,PUT,595,500,US-East
2026-02-26 12:53:11,/payment,PUT,804,200,Europe
2026-01-12 22:18:39,/profile,DELETE,600,200,Europe
2026-02-14 14:22:42,/login,GET,1016,404,Europe
2026-02-04 14:04:58,/register,POST,182,200,Europe
2026-02-20 20:46:04,/register,DELETE,704,200,US-East
2026-01-31 15:55:00,/payment,DELETE,171,500,Asia
2026-02-25 00:01:51,/login,POST,197,200,Europe
2026-01-16 07:35:30,/profile,GET,1118,200,Asia
2026-01-21 20:44:12,/products,GET,917,200,Asia
2026-02-20 09:02:34,/search,PUT,994,404,Asia
2026-03-11 10:32:18,/orders,DELETE,679,500,US-East
2026-01-29 10:26:23,/register,PUT,115,500,Asia
2026-01-26 04:40:09,/profile,PUT,871,500,Europe
2026-03-10 05:54:52,/register,PUT,1050,200,Asia
2026-02-28 09:23:33,/products,PUT,145,404,US-East
2026-02-01 19:42:09,/products,POST,937,200,Europe
2026-02-21 08:47:59,/register,POST,744,200,Asia
2026-01-28 18:35:20,/register,GET,65,500,US-East
2026-02-20 15:09:08,/orders,PUT,1120,200,Europe
2026-03-04 00:00:52,/login,POST,897,404,US-East
2026-02-26 17:03:32,/products,GET,1017,200,Asia
2026-01-12 13:11:25,/search,PUT,61,200,US-East
2026-03-08 00:30:32,/orders,POST,635,404,Asia
2026-01-12 07:44:14,/profile,GET,624,200,Europe
2026-03-14 07:37:01,/payment,GET,1121,500,Europe
2026-01-18 15:38:40,/orders,PUT,536,404,Asia
2026-01-12 17:52:47,/register,GET,769,200,Asia
2026-01-11 20:36:26,/orders,PUT,339,200,Europe
2026-01-09 23:20:06,/register,PUT,78,200,US-East
2026-02-16 14:53:16,/profile,DELETE,391,404,US-East
2026-01-19 06:40:56,/login,POST,125,500,Asia
2026-01-21 00:12:42,/profile,PUT,249,500,US-East
2026-03-07 04:21:45,/profile,GET,600,200,Asia
2026-01-08 01:52:24,/payment,POST,1088,200,US-East
2026-03-13 14:17:30,/orders,DELETE,1124,200,US-East
2026-01-02 11:21:00,/payment,PUT,666,200,US-East
2026-01-24 03:38:54,/login,POST,70,200,US-East
2026-01-25 10:23:43,/profile,POST,364,500,Europe
2026-01-04 22:06:52,/orders,POST,334,200,US-East
2026-03-15 18:14:51,/register,POST,940,200,Europe
2026-02-22 09:56:48,/products,POST,566,200,Asia
2026-01-11 23:59:18,/orders,POST,901,404,Europe
2026-01-15 03:39:06,/register,GET,412,200,Europe
2026-02-18 07:07:07,/orders,DELETE,1102,200,Europe
2026-01-07 16:53:38,/register,DELETE,930,404,Asia
2026-01-02 10:45:16,/search,PUT,789,500,Asia
2026-03-05 06:33:05,/search,POST,277,404,US-East
2026-03-15 14:59:35,/register,PUT,861,200,Asia
2026-01-24 09:42:02,/orders,GET,967,200,Asia
2026-01-07 04:28:32,/products,DELETE,317,200,Europe
2026-01-02 06:19:00,/search,POST,276,200,US-East
2026-03-07 03:40:29,/orders,PUT,703,200,US-East
2026-01-19 09:50:35,/profile,GET,649,200,Asia
2026-01-02 19:49:59,/profile,GET,636,200,US-East
2026-01-06 23:05:00,/search,PUT,247,200,US-East
2026-01-17 07:24:52,/search,POST,519,200,US-East
2026-02-16 20:08:33,/payment,GET,724,200,Asia
2026-01-08 00:08:13,/login,POST,670,200,Europe
2026-01-19 12:47:10,/profile,DELETE,325,200,Europe
2026-02-03 09:00:49,/register,GET,1155,404,Asia
2026-02-21 15:11:12,/products,POST,756,404,Europe
2026-01-04 12:42:50,/search,PUT,1087,404,Europe
2026-02-02 02:25:28,/search,GET,1000,200,Asia
2026-03-09 05:35:08,/profile,POST,1170,200,US-East
2026-01-03 10:09:03,/login,GET,286,200,US-East
2026-01-21 08:10:23,/login,PUT,179,200,Asia
2026-02-15 08:34:48,/payment,PUT,1045,200,US-East
2026-03-06 15:37:11,/login,DELETE,412,404,Asia
2026-01-05 14:30:59,/products,PUT,1185,200,US-East
2026-02-27 10:13:40,/register,PUT,127,200,Europe
2026-02-14 00:39:04,/profile,DELETE,994,404,Asia
2026-03-02 05:24:07,/login,DELETE,1184,200,US-East
2026-03-08 19:43:50,/login,DELETE,593,200,US-East
2026-02-28 13:39:54,/search,GET,869,200,Asia
2026-01-22 09:36:22,/search,DELETE,302,500,Asia
2026-02-25 17:07:07,/register,PUT,183,200,US-East
2026-03-10 17:39:25,/search,PUT,598,500,US-East
2026-01-29 18:09:17,/orders,GET,234,404,Europe
2026-01-29 08:19:55,/orders,POST,520,200,Asia
2026-03-07 08:49:41,/login,GET,314,200,Europe
2026-01-04 11:53:03,/products,GET,526,200,Asia
2026-01-02 07:37:57,/products,DELETE,645,200,Asia
2026-02-28 14:53:32,/register,PUT,1057,200,Europe
2026-02-20 02:59:11,/profile,POST,1191,500,Europe
2026-03-16 13:47:14,/profile,POST,712,200,Europe
2026-02-06 20:42:57,/profile,PUT,152,200,Asia
2026-01-19 23:32:54,/orders,DELETE,102,200,Europe
2026-03-12 05:33:42,/search,POST,352,404,Asia
2026-02-02 04:43:54,/search,DELETE,385,404,Europe
2026-02-24 08:15:10,/payment,PUT,427,200,Asia
2026-02-12 09:31:57,/products,DELETE,1107,404,US-East
2026-01-09 00:42:38,/payment,POST,1142,500,Asia
2026-02-17 17:43:51,/orders,POST,558,200,US-East
2026-03-13 23:17:02,/search,POST,877,404,US-East
2026-03-05 11:44:07,/login,DELETE,261,404,US-East
2026-02-18 04:21:01,/orders,DELETE,131,404,Europe
2026-03-01 15:57:19,/orders,GET,666,200,Europe
2026-01-12 03:02:44,/search,POST,431,200,US-East
2026-02-14 19:30:20,/search,DELETE,788,200,Asia
2026-02-09 04:04:28,/profile,PUT,1148,404,US-East
2026-02-06 01:19:45,/login,PUT,617,404,Asia
2026-01-08 05:02:55,/search,PUT,799,200,Asia
2026-01-12 02:27:29,/orders,PUT,312,404,Europe
2026-02-13 19:16:00,/orders,POST,1151,200,US-East
2026-02-02 05:48:43,/profile,POST,932,200,US-East
2026-01-21 21:21:08,/login,DELETE,264,200,Europe
2026-02-06 09:16:53,/login,PUT,849,500,US-East
2026-01-17 06:34:37,/products,GET,646,200,Asia
2026-03-06 20:51:25,/login,POST,411,200,US-East
2026-02-04 16:52:46,/payment,DELETE,1151,200,US-East
2026-01-09 13:55:21,/orders,PUT,449,200,Asia
2026-01-01 23:56:07,/profile,DELETE,185,200,Europe
2026-02-08 12:17:47,/profile,PUT,833,200,Europe
2026-01-19 11:09:39,/login,GET,337,500,Europe
2026-02-16 21:56:12,/orders,DELETE,531,500,Europe
2026-02-02 20:11:58,/login,POST,879,200,Asia
2026-01-29 08:09:43,/login,DELETE,444,500,Asia
2026-02-08 04:47:50,/payment,PUT,1033,200,Asia
2026-03-06 03:11:56,/profile,POST,84,404,US-East
2026-02-06 05:37:53,/products,DELETE,740,200,Europe
2026-02-01 16:21:08,/products,PUT,872,200,US-East
2026-01-28 03:47:47,/payment,DELETE,690,500,Asia
2026-02-05 08:15:24,/products,POST,1156,404,Europe
2026-01-27 22:59:27,/profile,PUT,530,200,Europe
2026-02-17 23:13:58,/login,GET,538,200,US-East
2026-01-14 19:45:21,/register,GET,288,200,Asia
2026-01-15 16:20:40,/orders,PUT,79,200,US-East
2026-02-19 08:31:54,/payment,DELETE,762,500,US-East
2026-02-27 07:50:11,/orders,GET,326,200,US-East
2026-01-06 17:03:06,/search,PUT,110,404,Europe
2026-03-02 09:26:41,/payment,POST,551,500,US-East
2026-01-19 02:51:54,/search,DELETE,723,200,Europe
2026-02-25 00:22:18,/search,PUT,1087,200,Europe
2026-03-07 19:15:42,/search,PUT,1147,500,Asia
2026-01-09 08:19:00,/orders,DELETE,146,200,US-East
2026-02-22 13:00:41,/search,DELETE,496,500,Asia
2026-02-01 01:49:17,/payment,PUT,890,200,Asia
2026-01-28 16:58:22,/profile,GET,935,200,Asia
2026-01-29 19:43:09,/orders,GET,258,200,Europe
2026-02-04 06:35:29,/login,PUT,709,200,US-East
2026-02-12 08:25:36,/search,DELETE,365,500,Europe
2026-03-02 18:06:12,/register,DELETE,957,200,US-East
2026-03-07 20:07:52,/profile,DELETE,400,200,Asia
2026-01-21 05:48:29,/profile,POST,1028,200,US-East
2026-01-25 08:40:42,/login,DELETE,619,200,Europe
2026-01-10 11:52:23,/payment,GET,560,500,Asia
2026-03-03 22:20:33,/orders,POST,540,404,Europe
2026-01-18 17:47:39,/payment,POST,765,200,Asia
2026-01-17 02:23:42,/login,PUT,773,200,Europe
2026-02-28 10:59:28,/register,PUT,964,500,US-East
2026-03-16 16:13:58,/login,PUT,694,500,Asia
2026-02-08 18:58:51,/products,GET,964,500,Asia
2026-02-02 21:18:58,/profile,DELETE,927,404,Europe
2026-02-22 12:03:48,/products,GET,324,200,Asia
2026-02-04 09:29:35,/register,POST,511,200,US-East
2026-01-18 08:27:28,/register,POST,270,200,Europe
2026-02-10 20:53:52,/login,POST,740,200,Asia
2026-03-04 11:31:24,/payment,POST,679,200,Europe
2026-01-13 23:17:17,/login,PUT,1173,200,Asia
2026-02-15 14:06:50,/register,DELETE,163,200,Asia
2026-02-02 00:14:45,/products,DELETE,165,200,Europe
2026-01-13 07:55:48,/payment,DELETE,511,200,Asia
2026-02-28 08:28:28,/search,GET,883,200,Asia
2026-02-21 19:04:36,/search,GET,1184,200,Asia
2026-02-16 19:52:24,/login,PUT,489,200,US-East
2026-03-14 14:31:51,/profile,PUT,110,200,Europe
2026-02-24 00:55:57,/register,PUT,189,200,Asia
2026-01-28 15:12:23,/register,GET,385,200,Asia
2026-03-01 19:26:37,/orders,DELETE,309,500,US-East
2026-02-19 09:48:08,/products,POST,748,200,Asia
2026-02-17 18:11:29,/products,GET,988,200,US-East
2026-01-02 04:18:31,/products,PUT,782,200,Asia
2026-01-29 06:30:08,/products,GET,288,200,Europe
2026-03-02 12:51:53,/orders,PUT,545,200,US-East
2026-03-15 19:53:01,/products,PUT,893,200,Europe
2026-02-17 03:55:40,/payment,GET,1127,200,Europe
2026-01-07 16:35:13,/login,POST,223,200,Europe
2026-02-08 21:28:45,/profile,POST,554,200,US-East
2026-02-21 19:55:07,/products,DELETE,881,200,Asia
2026-02-07 17:50:01,/login,GET,714,200,Asia
2026-02-28 19:07:46,/profile,PUT,509,200,Europe
2026-02-26 05:41:01,/products,POST,444,200,US-East
2026-03-07 23:49:36,/search,POST,544,200,Europe
2026-01-17 06:02:30,/products,POST,1185,200,Asia
2026-01-31 07:48:38,/login,DELETE,149,404,Europe
2026-03-14 05:35:28,/orders,DELETE,575,200,Europe
2026-02-03 00:12:04,/payment,POST,744,200,Europe
2026-01-12 13:46:07,/payment,GET,312,200,US-East
2026-03-16 19:13:02,/profile,GET,93,200,Asia
2026-01-02 16:46:06,/search,POST,1015,404,Europe
2026-01-24 10:40:56,/search,GET,813,404,Asia
2026-03-12 16:16:32,/search,POST,291,200,Europe
2026-02-08 17:06:07,/search,POST,810,404,Asia
2026-03-10 05:47:22,/profile,GET,674,200,Asia
2026-02-02 16:11:49,/payment,DELETE,113,200,Asia
2026-03-06 02:23:08,/products,PUT,530,200,Asia
2026-02-02 07:55:31,/products,PUT,135,200,Europe
2026-02-01 05:25:48,/payment,DELETE,526,404,Asia
2026-01-16 06:30:20,/login,PUT,101,200,US-East
2026-01-12 18:08:26,/orders,PUT,912,200,Europe
2026-02-11 20:22:53,/payment,GET,72,404,US-East
2026-01-19 09:40:29,/payment,PUT,334,500,US-East
2026-03-14 03:32:53,/search,GET,627,404,Asia
2026-01-26 19:28:08,/products,GET,968,404,US-East
2026-02-13 08:57:59,/payment,POST,718,200,Asia
2026-03-07 16:47:37,/register,PUT,246,200,Asia
2026-01-16 16:26:26,/products,POST,751,200,US-East
2026-02-11 19:02:58,/payment,PUT,292,200,Asia
2026-03-11 15:20:41,/orders,POST,1019,200,Europe
2026-01-24 06:38:22,/search,GET,327,200,Europe
2026-02-14 02:22:35,/login,DELETE,162,200,US-East
2026-02-17 02:27:27,/profile,DELETE,961,200,Europe
2026-02-04 02:11:09,/register,GET,1026,200,Europe
2026-02-19 13:52:03,/orders,DELETE,925,200,US-East
2026-02-11 17:27:32,/products,POST,110,200,US-East
2026-01-19 06:20:04,/login,DELETE,529,404,Europe
2026-01-05 21:48:53,/profile,PUT,358,200,Asia
2026-03-15 07:00:38,/orders,POST,68,500,Asia
2026-01-18 21:44:37,/profile,POST,851,404,US-East
2026-01-28 12:16:12,/register,DELETE,214,404,US-East
2026-01-06 17:43:33,/register,POST,938,404,Asia
2026-03-16 05:04:13,/login,GET,726,200,Asia
2026-01-19 21:18:06,/search,PUT,657,404,Europe
2026-03-04 08:39:44,/products,GET,451,200,US-East
2026-02-02 10:42:37,/orders,PUT,144,200,Europe
2026-02-08 20:41:59,/register,PUT,820,404,US-East
2026-02-07 23:11:06,/payment,POST,907,500,Asia
2026-03-09 03:50:19,/search,DELETE,441,200,Asia
2026-01-14 07:42:48,/profile,PUT,764,404,Europe
2026-01-04 05:02:47,/login,POST,111,404,Europe
2026-01-15 10:32:08,/profile,GET,615,500,Asia
2026-03-01 14:26:22,/login,DELETE,805,500,US-East
2026-02-20 01:38:12,/register,DELETE,1196,500,Asia
2026-03-06 16:34:16,/register,PUT,794,200,US-East
2026-02-26 14:27:40,/search,GET,101,200,Europe
2026-01-06 08:49:05,/login,POST,954,200,Europe
2026-02-06 22:28:46,/products,GET,277,404,US-East
2026-03-05 02:59:56,/products,PUT,989,200,US-East
2026-02-25 16:33:09,/payment,GET,927,200,Asia
2026-03-04 00:08:42,/payment,DELETE,232,200,US-East
2026-01-10 09:32:46,/products,POST,107,200,US-East
2026-01-28 09:23:20,/register,DELETE,558,200,US-East
2026-02-18 23:36:23,/products,PUT,232,404,Europe
2026-01-11 02:07:33,/payment,POST,490,200,US-East
2026-02-10 20:48:16,/orders,PUT,1015,404,Europe
2026-02-11 00:55:24,/login,POST,64,200,Europe
2026-02-27 16:58:58,/register,POST,358,404,Europe
2026-02-15 19:25:37,/search,PUT,128,200,US-East
2026-03-11 12:46:28,/search,GET,907,200,Europe
2026-02-19 05:05:21,/register,GET,858,200,US-East
2026-01-28 15:40:02,/payment,DELETE,761,200,US-East
2026-02-10 04:50:08,/products,PUT,1151,200,Asia
2026-02-03 11:57:46,/orders,GET,671,200,Asia
2026-02-08 14:06:07,/orders,POST,585,404,Europe
2026-01-21 22:33:07,/profile,GET,725,200,Europe
2026-02-08 21:43:20,/login,GET,705,404,Europe
2026-02-22 11:41:01,/register,PUT,68,500,Europe
2026-02-02 09:31:57,/profile,GET,402,404,Asia
2026-01-14 06:35:00,/orders,GET,123,200,Europe
2026-02-10 09:45:58,/payment,GET,718,500,Europe
2026-01-26 03:24:24,/products,PUT,1101,404,US-East
2026-02-14 14:36:37,/login,PUT,1047,200,Asia
2026-01-30 13:10:21,/register,POST,462,500,Asia
2026-02-04 14:15:38,/search,GET,886,200,US-East
2026-01-27 05:35:49,/products,POST,459,500,US-East
2026-02-06 01:03:23,/orders,POST,1054,200,Europe
2026-02-15 06:14:26,/payment,PUT,680,404,US-East
2026-02-19 21:49:00,/products,DELETE,433,200,US-East
2026-01-04 22:43:48,/orders,PUT,217,404,Europe
2026-01-19 01:46:04,/register,DELETE,556,500,US-East
2026-02-25 23:00:07,/profile,PUT,666,500,Asia
2026-01-11 17:25:54,/register,GET,1164,200,Asia
2026-01-28 18:00:34,/profile,DELETE,670,200,Asia
2026-01-09 22:28:58,/profile,PUT,1059,500,Europe
2026-02-24 07:22:41,/login,POST,222,200,US-East
2026-01-23 19:08:07,/search,POST,545,200,Asia
2026-01-04 07:02:08,/profile,POST,300,200,Europe
2026-03-02 15:33:59,/search,PUT,1194,200,US-East
2026-03-12 17:36:23,/login,POST,616,404,Europe
2026-01-18 02:25:07,/products,GET,817,200,Europe
2026-02-22 04:16:52,/profile,PUT,714,500,Asia
2026-02-14 03:43:11,/products,GET,809,200,US-East
2026-01-25 22:09:06,/search,PUT,457,200,Europe
2026-01-15 15:09:19,/register,POST,512,500,Europe
2026-03-01 21:48:39,/login,POST,206,200,Asia
2026-01-06 01:19:06,/search,GET,222,200,Europe
2026-01-25 14:27:19,/login,GET,976,200,Europe
2026-03-02 02:08:04,/orders,GET,280,200,US-East
2026-01-09 01:48:59,/orders,PUT,271,200,US-East
2026-01-09 23:48:11,/search,PUT,274,200,Asia
2026-03-09 20:02:14,/orders,GET,323,200,US-East
2026-01-24 08:26:36,/login,GET,934,500,Asia
2026-03-09 03:41:20,/search,POST,252,200,US-East
2026-02-15 11:08:52,/profile,GET,156,200,Europe
2026-02-17 20:16:57,/payment,POST,261,200,US-East
2026-02-28 11:40:56,/login,DELETE,177,404,Europe
2026-02-02 20:54:46,/payment,DELETE,1146,404,Asia
2026-02-08 04:53:38,/login,GET,581,200,Europe
2026-02-16 15:26:53,/payment,PUT,997,200,US-East
2026-02-15 15:21:28,/profile,GET,379,200,Asia
2026-02-24 15:44:14,/login,DELETE,482,500,Europe
2026-03-09 04:08:40,/profile,POST,1079,500,Asia
2026-03-07 03:49:42,/profile,PUT,91,404,US-East
2026-01-22 18:06:42,/payment,PUT,1100,404,Europe
2026-03-11 21:18:06,/register,POST,820,500,Europe
2026-02-13 22:40:04,/search,POST,1040,500,US-East
2026-02-01 22:21:50,/products,PUT,357,404,Asia
2026-01-24 19:53:54,/login,PUT,864,500,Europe
2026-01-09 17:14:19,/search,PUT,86,200,Europe
2026-01-11 01:44:35,/products,GET,622,200,Asia
2026-02-01 05:35:54,/orders,PUT,752,200,Asia
2026-03-09 17:58:57,/search,DELETE,238,200,Asia
2026-01-22 05:25:46,/payment,DELETE,556,404,US-East
2026-02-10 06:01:54,/profile,DELETE,174,200,Asia
2026-01-29 06:59:54,/login,PUT,962,500,US-East
2026-02-06 20:31:45,/register,DELETE,942,200,Asia
2026-02-14 17:44:20,/products,GET,254,500,Europe
2026-01-11 23:36:49,/products,PUT,121,200,US-East
2026-01-10 08:31:26,/register,GET,234,200,Asia
2026-03-08 07:03:11,/payment,PUT,326,500,Europe
2026-02-02 01:22:06,/profile,PUT,732,200,Europe
2026-02-17 21:32:29,/orders,PUT,1071,200,Asia
2026-01-31 06:47:03,/search,GET,1132,200,Europe
2026-03-08 16:14:53,/orders,GET,1000,200,US-East
2026-02-27 16:54:25,/profile,DELETE,681,404,US-East
2026-02-26 04:30:53,/login,POST,415,200,Asia
2026-02-26 07:10:55,/products,POST,888,404,Asia
2026-03-06 14:30:19,/register,DELETE,477,200,Asia
2026-01-10 04:49:20,/payment,PUT,1111,200,Asia
2026-02-17 01:50:26,/login,DELETE,470,200,Europe
2026-01-11 17:32:57,/payment,GET,878,200,Europe
2026-01-18 13:29:59,/orders,PUT,386,200,US-East
2026-02-17 04:15:10,/orders,PUT,715,500,Europe
2026-02-03 14:58:16,/profile,PUT,1197,404,Europe
2026-03-06 21:19:01,/register,POST,653,200,US-East
2026-01-14 19:00:05,/register,POST,61,200,US-East
2026-02-13 08:16:47,/profile,POST,1189,404,Asia
2026-03-10 01:35:15,/search,PUT,1184,404,Europe
2026-01-15 08:09:53,/login,GET,119,404,US-East
2026-01-06 15:10:45,/orders,GET,1108,200,Europe
2026-02-06 11:14:15,/payment,POST,483,500,Asia
2026-03-15 13:02:57,/orders,PUT,452,200,Europe
2026-03-12 01:34:34,/products,POST,748,200,Asia
2026-01-24 21:18:39,/orders,GET,380,200,Asia
2026-02-15 20:42:24,/products,GET,599,200,Europe
2026-03-09 16:57:57,/profile,POST,145,200,US-East
2026-02-08 22:03:33,/login,DELETE,150,200,Asia
2026-02-01 08:47:18,/profile,GET,310,404,Europe
2026-01-26 02:19:03,/orders,GET,329,200,Asia
2026-01-24 03:25:27,/search,GET,535,500,Asia
2026-01-08 16:48:44,/products,GET,1162,200,Europe
2026-02-03 05:01:10,/profile,GET,659,200,US-East
2026-03-09 16:05:03,/products,POST,702,200,Asia
2026-02-02 11:18:42,/products,DELETE,815,404,US-East
2026-02-14 02:04:00,/payment,DELETE,458,200,Europe
2026-03-02 21:13:30,/search,GET,485,200,Asia
2026-02-05 03:00:10,/login,POST,132,200,US-East
2026-03-09 21:17:19,/login,POST,1100,200,Asia
2026-02-04 15:02:22,/profile,DELETE,582,404,Asia
2026-03-15 12:57:48,/search,DELETE,1114,500,Europe
2026-02-19 18:10:12,/orders,DELETE,474,200,US-East
2026-02-22 20:32:23,/login,PUT,200,200,Asia
2026-03-09 13:03:00,/payment,GET,982,200,Asia
2026-01-06 05:58:38,/profile,GET,614,404,Asia
2026-02-20 22:48:39,/orders,DELETE,912,200,Europe
2026-03-16 20:03:12,/orders,DELETE,311,500,Asia
2026-02-10 06:27:59,/payment,DELETE,1116,200,US-East
2026-01-29 15:34:53,/orders,DELETE,305,200,US-East
2026-02-10 08:18:41,/profile,POST,965,500,Asia
2026-01-20 05:09:36,/payment,GET,1183,404,Asia
2026-02-16 03:39:51,/profile,GET,695,200,US-East
2026-01-22 13:48:31,/profile,POST,1079,200,Asia
2026-01-15 08:00:33,/login,POST,76,200,Europe
2026-03-07 05:25:49,/search,GET,578,404,US-East
2026-01-20 10:56:38,/payment,DELETE,292,404,US-East
2026-03-06 20:44:02,/register,GET,1125,200,Asia
2026-01-07 18:00:39,/profile,GET,163,500,US-East
2026-02-27 06:44:08,/products,PUT,1114,500,Europe
2026-01-12 19:08:01,/login,POST,363,200,US-East
2026-01-31 08:47:05,/search,GET,120,500,US-East
2026-02-09 21:08:11,/search,GET,462,500,Europe
2026-01-25 10:59:47,/payment,DELETE,594,200,US-East
2026-01-20 18:19:26,/products,GET,1185,200,US-East
2026-02-19 00:19:21,/orders,GET,492,200,Europe
2026-01-25 05:13:35,/register,POST,614,200,Europe
2026-03-14 12:39:51,/login,GET,1049,404,US-East
2026-01-06 02:17:13,/register,PUT,748,200,Asia
2026-01-29 12:04:47,/register,DELETE,1053,500,Europe
2026-02-15 19:34:48,/search,GET,530,200,Asia
2026-01-06 13:33:03,/orders,POST,1148,200,Europe
2026-01-04 21:59:30,/orders,POST,645,404,US-East
2026-01-31 13:43:31,/login,DELETE,565,200,US-East
2026-01-08 11:56:55,/profile,PUT,165,200,Asia
2026-02-13 03:54:59,/search,POST,1002,404,Europe
2026-02-07 09:32:38,/register,POST,530,404,US-East
2026-01-19 11:25:12,/orders,GET,865,200,US-East
2026-02-17 23:34:05,/profile,PUT,807,200,Europe
2026-01-30 01:52:27,/login,DELETE,456,404,Asia
2026-01-26 14:21:37,/search,GET,686,200,US-East
2026-03-08 13:10:03,/login,DELETE,336,200,Europe
2026-01-15 23:15:21,/login,DELETE,498,200,Asia
2026-01-16 02:44:46,/payment,DELETE,112,404,US-East
2026-03-03 19:47:44,/payment,DELETE,195,200,Europe
2026-01-12 20:17:32,/profile,DELETE,1038,404,Asia
2026-03-04 03:22:07,/products,DELETE,735,200,US-East
2026-01-24 12:28:41,/profile,PUT,1103,200,Europe
2026-01-26 23:49:48,/login,DELETE,89,200,US-East
2026-02-14 09:26:06,/orders,POST,311,200,Asia
2026-03-05 00:03:51,/orders,POST,596,200,Asia
2026-01-26 21:08:56,/login,GET,1083,404,Asia
2026-02-18 10:44:41,/orders,GET,215,200,US-East
2026-02-09 15:26:31,/products,PUT,561,200,Asia
2026-01-17 13:23:33,/payment,GET,841,200,US-East
2026-02-01 08:01:24,/orders,POST,1165,404,Asia
2026-03-01 08:49:49,/orders,POST,872,200,US-East
2026-01-22 20:09:07,/payment,DELETE,565,404,Europe
2026-02-05 12:11:19,/products,DELETE,942,200,Asia
2026-01-09 20:28:51,/register,PUT,565,200,Asia
2026-02-02 14:44:45,/products,DELETE,578,200,US-East
2026-02-11 13:04:56,/products,POST,457,200,Europe
2026-03-02 12:22:05,/products,POST,947,500,Asia
2026-01-03 07:06:16,/payment,PUT,1005,200,Asia
2026-03-01 21:05:54,/products,PUT,270,200,Asia
2026-02-13 06:23:50,/register,POST,529,200,Asia
2026-02-26 16:43:52,/search,GET,750,200,Europe
2026-02-19 23:33:04,/login,DELETE,668,500,Europe
2026-01-18 11:37:55,/payment,GET,1027,200,US-East
2026-02-04 07:02:55,/profile,GET,123,200,Asia
2026-02-05 10:33:49,/payment,PUT,681,200,US-East
2026-03-06 23:16:53,/orders,GET,657,500,US-East
2026-03-15 10:37:37,/login,POST,980,200,US-East
2026-02-08 13:42:08,/orders,DELETE,1103,200,US-East
2026-01-12 02:01:04,/search,POST,940,200,Asia
2026-02-12 03:30:09,/payment,GET,320,200,Asia
2026-03-09 06:25:21,/orders,PUT,1003,404,Europe
2026-02-09 23:07:32,/search,DELETE,589,200,Asia
2026-01-12 09:30:22,/products,DELETE,737,200,Asia
2026-03-10 10:03:47,/profile,POST,784,500,US-East
2026-01-13 20:54:05,/register,GET,1002,500,Asia
2026-02-15 03:35:30,/payment,POST,658,404,US-East
2026-01-09 14:11:50,/payment,DELETE,1101,200,Europe
2026-01-25 15:38:53,/login,GET,1025,200,US-East
2026-01-13 23:01:50,/search,PUT,696,200,Europe
2026-02-13 10:12:52,/payment,PUT,955,404,Asia
2026-01-30 13:10:48,/register,DELETE,1115,200,US-East
2026-02-07 03:03:39,/profile,PUT,862,200,US-East
2026-01-31 20:39:51,/register,PUT,375,200,Europe
2026-02-04 08:48:12,/search,POST,215,200,US-East
2026-01-29 14:45:06,/profile,PUT,685,200,Asia
2026-01-11 11:36:33,/profile,POST,653,200,Europe
2026-03-08 09:37:25,/profile,DELETE,835,200,Europe
2026-03-06 21:15:41,/login,POST,746,200,Europe
2026-03-03 18:18:28,/products,POST,714,200,US-East
2026-01-19 02:36:48,/products,DELETE,679,200,Europe
2026-03-12 04:58:20,/orders,GET,965,200,Asia
2026-01-31 16:01:36,/search,POST,1194,200,US-East
2026-01-19 16:59:21,/register,DELETE,303,200,Asia
2026-02-04 12:31:39,/search,GET,826,200,Europe
2026-03-11 06:38:08,/login,PUT,395,200,US-East
2026-01-01 00:04:35,/login,POST,665,200,US-East
2026-02-02 21:18:26,/search,POST,289,500,US-East
2026-02-14 15:32:30,/products,GET,122,200,Asia
2026-03-17 00:22:19,/profile,DELETE,153,200,Asia
2026-01-31 10:56:05,/profile,GET,475,200,Asia
2026-03-04 08:40:42,/login,PUT,1133,500,US-East
2026-03-09 15:55:18,/payment,POST,1099,200,Europe
2026-01-04 16:06:05,/search,PUT,213,200,Europe
2026-03-04 20:05:15,/register,POST,322,200,Europe
2026-01-10 03:14:21,/payment,GET,1174,500,Asia
2026-02-28 17:29:06,/orders,POST,954,200,Europe
2026-03-03 07:12:29,/payment,PUT,963,200,Europe
2026-01-10 13:38:55,/profile,PUT,478,500,Asia
2026-01-22 21:55:54,/register,POST,295,500,Asia
2026-02-23 22:38:02,/login,PUT,524,200,Europe
2026-01-23 04:58:12,/products,POST,258,200,US-East
2026-02-04 18:30:43,/orders,POST,1149,200,Asia
2026-02-18 12:49:54,/search,POST,619,404,Europe
2026-01-10 14:31:48,/orders,GET,1191,500,US-East
2026-03-07 21:10:43,/search,DELETE,137,200,Europe
2026-01-21 17:44:55,/products,POST,144,500,Europe
2026-03-07 02:28:55,/products,PUT,540,500,Europe
2026-03-12 22:28:08,/register,GET,52,200,Asia
2026-03-14 23:15:16,/profile,GET,347,200,US-East
2026-03-06 21:25:49,/payment,POST,873,200,Asia
2026-03-04 19:46:24,/profile,DELETE,329,200,Asia
2026-03-14 09:53:57,/orders,PUT,672,200,US-East
2026-02-22 13:40:35,/orders,DELETE,195,200,Asia
2026-01-03 01:26:41,/orders,POST,650,200,Asia
2026-02-23 23:01:58,/login,GET,823,200,Europe
2026-02-26 09:45:23,/login,GET,850,200,Asia
2026-01-18 02:05:00,/profile,POST,1049,200,Asia
2026-01-21 14:07:02,/search,GET,672,200,Asia
2026-02-04 14:16:53,/search,POST,158,500,Europe
2026-01-01 23:57:16,/search,PUT,850,500,Europe
2026-02-25 22:51:54,/search,POST,986,404,Asia
2026-01-16 17:58:02,/profile,POST,949,200,Asia
2026-03-13 09:27:38,/payment,DELETE,287,200,Asia
2026-01-06 11:27:53,/orders,POST,261,500,Europe
2026-02-11 15:18:25,/login,POST,1061,500,Asia
2026-01-18 02:56:12,/register,GET,785,404,US-East
2026-02-14 21:42:22,/search,POST,995,200,US-East
2026-01-24 07:56:07,/payment,PUT,164,200,Asia
2026-01-14 04:24:21,/payment,PUT,729,200,Asia
2026-01-22 20:09:20,/orders,POST,1044,200,US-East
2026-01-31 01:09:43,/payment,POST,536,200,Europe
2026-02-18 18:30:47,/profile,DELETE,788,200,US-East
2026-01-09 04:14:00,/register,PUT,134,200,Asia
2026-02-13 01:32:52,/payment,GET,256,200,US-East
2026-01-15 03:56:42,/orders,DELETE,560,200,US-East
2026-02-11 06:03:54,/login,PUT,427,200,US-East
2026-02-14 02:30:10,/profile,DELETE,214,200,Europe
2026-03-12 09:41:18,/payment,DELETE,290,404,Asia
2026-02-17 23:42:49,/payment,POST,618,200,Europe
2026-01-17 23:08:42,/profile,PUT,967,500,Asia
2026-01-21 14:34:50,/orders,PUT,852,200,Asia
2026-01-21 20:44:55,/register,DELETE,135,200,Europe
2026-01-09 08:34:34,/search,DELETE,866,404,Asia
2026-03-04 09:19:46,/login,POST,492,200,US-East
2026-02-26 19:36:11,/profile,GET,456,404,US-East
2026-01-15 09:51:25,/search,GET,718,200,Asia
2026-02-24 02:29:00,/login,GET,173,500,Europe
2026-03-13 07:35:06,/orders,PUT,144,200,US-East
2026-03-11 14:10:09,/search,GET,132,200,Asia
2026-01-19 20:36:22,/login,POST,955,404,Europe
2026-01-26 13:33:46,/payment,POST,892,200,Europe
2026-01-22 01:15:16,/orders,GET,862,500,Asia
2026-02-20 15:50:52,/search,GET,1148,200,Europe
2026-03-11 06:10:45,/search,PUT,89,200,Europe
2026-03-12 00:14:42,/login,POST,878,200,Europe
2026-02-18 21:06:57,/products,POST,951,200,US-East
2026-02-03 23:44:37,/payment,PUT,590,500,Asia
2026-01-27 08:42:40,/login,GET,910,200,US-East
2026-03-13 12:53:35,/register,GET,167,500,Asia
2026-03-04 05:07:37,/orders,PUT,689,200,Europe
2026-01-15 18:01:04,/profile,POST,915,200,Europe
2026-02-18 08:34:44,/register,POST,720,200,Asia
2026-01-21 17:18:11,/orders,PUT,61,200,Asia
2026-01-18 00:04:13,/profile,POST,302,500,Asia
2026-03-01 23:16:21,/profile,PUT,1092,200,Europe
2026-02-18 16:12:13,/login,PUT,304,200,US-East
2026-01-01 15:14:42,/register,POST,694,200,Europe
2026-02-05 06:21:57,/payment,GET,857,200,US-East
2026-02-03 10:43:21,/search,PUT,256,404,US-East
2026-02-11 10:29:49,/products,POST,1023,200,Europe
2026-01-08 14:53:20,/search,POST,93,200,Europe
2026-01-19 15:43:43,/profile,PUT,1178,200,Europe
2026-01-09 19:04:49,/products,DELETE,848,200,Europe
2026-01-21 01:29:14,/orders,POST,632,500,Europe
2026-03-15 14:56:07,/products,PUT,274,404,US-East
2026-03-11 06:25:21,/profile,POST,1009,200,Europe
2026-01-08 19:26:09,/search,GET,807,200,Asia
2026-03-16 21:12:25,/orders,DELETE,469,200,US-East
2026-03-09 09:32:11,/profile,POST,767,200,Europe
2026-02-12 21:11:40,/search,DELETE,469,200,Asia
2026-02-06 22:06:06,/profile,PUT,1050,200,Asia
2026-03-05 09:17:59,/payment,PUT,1084,404,Asia
2026-01-02 23:28:23,/products,PUT,672,200,Europe
2026-01-21 18:05:40,/orders,POST,1073,200,Asia
2026-03-05 20:53:34,/orders,PUT,1148,200,US-East
2026-01-06 03:27:20,/payment,POST,630,200,Asia
2026-01-29 09:41:24,/profile,POST,934,404,US-East
2026-02-02 05:02:52,/search,GET,729,200,Asia
2026-02-07 12:06:48,/orders,GET,941,500,US-East
2026-01-27 18:16:08,/products,POST,578,200,Europe
2026-02-02 22:04:12,/register,GET,480,200,Asia
2026-01-26 01:37:54,/search,DELETE,534,200,Asia
2026-02-11 05:56:27,/login,POST,96,200,Europe
2026-02-18 15:44:13,/login,POST,522,500,Europe
2026-02-12 04:52:34,/orders,POST,1019,200,US-East
2026-02-23 14:23:50,/payment,DELETE,774,404,Asia
2026-01-26 17:18:42,/login,DELETE,267,200,US-East
2026-02-17 04:05:25,/search,PUT,354,200,Europe
2026-02-05 07:26:40,/payment,POST,764,200,Asia
2026-02-23 19:00:45,/search,POST,738,200,Asia
2026-03-04 23:15:57,/login,PUT,838,200,US-East
2026-01-13 04:29:45,/profile,DELETE,896,404,US-East
2026-03-02 13:31:21,/products,POST,575,200,US-East
2026-01-03 19:37:07,/profile,PUT,1075,404,Europe
2026-02-09 11:10:21,/search,POST,937,200,Asia
2026-01-20 17:04:09,/products,GET,184,500,Europe
2026-01-24 07:45:29,/register,DELETE,740,200,Europe
2026-02-10 04:18:34,/products,DELETE,1140,200,US-East
2026-03-03 08:50:33,/orders,DELETE,748,500,Europe
2026-03-16 02:31:15,/orders,GET,1063,200,Europe
2026-02-13 04:51:18,/login,POST,350,200,Europe
2026-01-19 11:20:41,/login,POST,644,200,Asia
2026-01-01 20:56:36,/payment,GET,546,200,Europe
2026-01-28 13:06:08,/payment,PUT,309,500,Asia
2026-02-26 14:03:35,/products,GET,1151,500,Europe
2026-02-04 20:55:26,/products,PUT,124,404,US-East
2026-03-14 21:17:44,/orders,DELETE,683,200,Asia
2026-02-08 13:36:12,/login,DELETE,1039,200,Europe
2026-03-13 06:27:50,/search,GET,881,200,Asia
2026-03-14 04:50:36,/search,PUT,908,404,Asia
2026-01-07 11:29:43,/products,GET,451,200,US-East
2026-01-24 14:49:38,/orders,DELETE,126,200,Asia
2026-02-05 00:31:00,/register,PUT,629,500,Asia
2026-03-08 02:50:36,/payment,PUT,247,200,Asia
2026-01-27 13:28:12,/orders,POST,863,200,US-East
2026-02-10 13:17:33,/profile,GET,545,200,Europe
2026-03-13 14:00:34,/profile,GET,118,404,Europe
2026-01-12 12:40:55,/login,GET,259,500,Europe
2026-02-16 08:40:57,/login,GET,1157,200,US-East
2026-01-13 23:07:03,/register,GET,339,200,Asia
2026-01-30 14:18:06,/login,DELETE,91,500,Europe
2026-03-06 22:40:59,/profile,DELETE,459,200,US-East
2026-01-06 18:27:56,/search,POST,777,200,Europe
2026-02-14 08:10:29,/products,POST,77,500,US-East
2026-02-05 09:05:46,/products,PUT,342,500,US-East
2026-02-18 16:24:39,/products,DELETE,329,404,Europe
2026-02-10 13:16:34,/products,DELETE,996,200,Europe
2026-02-15 06:58:42,/profile,GET,72,200,Europe
2026-01-13 14:58:14,/search,PUT,1147,200,US-East
2026-02-03 03:43:27,/products,DELETE,951,200,Asia
2026-03-11 23:15:15,/search,POST,474,404,US-East
2026-02-04 21:15:18,/search,POST,498,200,Asia
2026-02-27 04:32:11,/profile,POST,873,200,US-East
2026-01-06 01:36:50,/search,PUT,730,500,US-East
2026-02-01 21:31:54,/profile,GET,603,404,US-East
2026-02-09 06:46:43,/register,PUT,588,200,Asia
2026-01-01 14:12:31,/register,GET,1124,404,Asia
2026-03-09 18:31:50,/orders,GET,1141,200,Europe
2026-01-26 09:09:09,/profile,GET,837,200,Asia
2026-01-14 12:20:12,/register,POST,116,200,Europe
2026-03-13 03:24:37,/login,POST,263,200,Asia
2026-02-01 04:17:29,/payment,POST,340,404,Europe
2026-01-10 18:43:36,/products,DELETE,506,404,Europe
2026-02-07 19:14:50,/payment,GET,542,404,Europe
2026-01-12 10:07:07,/profile,PUT,802,404,US-East
2026-02-08 06:45:32,/login,DELETE,92,200,US-East
2026-02-10 17:26:54,/profile,GET,958,500,Asia
2026-02-03 01:53:39,/products,PUT,350,500,US-East
2026-01-23 19:19:31,/payment,PUT,152,200,US-East
2026-01-27 03:21:32,/payment,POST,1055,200,US-East
2026-02-13 22:14:33,/orders,DELETE,1132,200,US-East
2026-01-31 06:58:27,/search,POST,305,500,US-East
2026-01-16 16:31:43,/search,GET,336,200,US-East
